#
# There is insufficient memory for the Java Runtime Environment to continue.
# Native memory allocation (malloc) failed to allocate 1019616 bytes. Error detail: Chunk::new
# Possible reasons:
#   The system is out of physical RAM or swap space
#   This process is running with CompressedOops enabled, and the Java Heap may be blocking the growth of the native heap
# Possible solutions:
#   Reduce memory load on the system
#   Increase physical memory or swap space
#   Check if swap backing store is full
#   Decrease Java heap size (-Xmx/-Xms)
#   Decrease number of Java threads
#   Decrease Java thread stack sizes (-Xss)
#   Set larger code cache with -XX:ReservedCodeCacheSize=
#   JVM is running with Zero Based Compressed Oops mode in which the Java heap is
#     placed in the first 32GB address space. The Java Heap base address is the
#     maximum limit for the native heap growth. Please use -XX:HeapBaseMinAddress
#     to set the Java Heap base and to place the Java Heap above 32GB virtual address.
# This output file may be truncated or incomplete.
#
#  Out of Memory Error (arena.cpp:191), pid=112808, tid=113228
#
# JRE version: OpenJDK Runtime Environment Temurin-17.0.16+8 (17.0.16+8) (build 17.0.16+8)
# Java VM: OpenJDK 64-Bit Server VM Temurin-17.0.16+8 (17.0.16+8, mixed mode, sharing, tiered, compressed oops, compressed class ptrs, g1 gc, windows-amd64)
# No core dump will be written. Minidumps are not enabled by default on client versions of Windows
#

---------------  S U M M A R Y ------------

Command Line: --add-opens=java.base/java.lang=ALL-UNNAMED --add-opens=java.base/java.lang.invoke=ALL-UNNAMED --add-opens=java.base/java.util=ALL-UNNAMED --add-opens=java.prefs/java.util.prefs=ALL-UNNAMED --add-exports=jdk.compiler/com.sun.tools.javac.api=ALL-UNNAMED --add-exports=jdk.compiler/com.sun.tools.javac.util=ALL-UNNAMED --add-opens=java.base/java.util=ALL-UNNAMED --add-opens=java.prefs/java.util.prefs=ALL-UNNAMED --add-opens=java.base/java.nio.charset=ALL-UNNAMED --add-opens=java.base/java.net=ALL-UNNAMED --add-opens=java.base/java.util.concurrent.atomic=ALL-UNNAMED --add-opens=java.xml/javax.xml.namespace=ALL-UNNAMED -XX:MaxMetaspaceSize=4G -XX:ReservedCodeCacheSize=512m -XX:+HeapDumpOnOutOfMemoryError -Xmx8G -Dfile.encoding=windows-1252 -Duser.country=US -Duser.language=en -Duser.variant -javaagent:C:\Users\PMLS\.gradle\wrapper\dists\gradle-8.14-all\c2qonpi39x1mddn7hk5gh9iqj\gradle-8.14\lib\agents\gradle-instrumentation-agent-8.14.jar org.gradle.launcher.daemon.bootstrap.GradleDaemon 8.14

Host: 12th Gen Intel(R) Core(TM) i5-1235U, 12 cores, 7G,  Windows 10 , 64 bit Build 19041 (10.0.19041.5915)
Time: Sat Jun 13 12:43:49 2026 Pakistan Standard Time elapsed time: 160.341752 seconds (0d 0h 2m 40s)

---------------  T H R E A D  ---------------

Current thread (0x0000027a451152a0):  JavaThread "C2 CompilerThread0" daemon [_thread_in_native, id=113228, stack(0x0000009fec400000,0x0000009fec500000)]


Current CompileTask:
C2: 160342 23988   !   4       java.util.concurrent.ConcurrentHashMap::compute (654 bytes)

Stack: [0x0000009fec400000,0x0000009fec500000]
Native frames: (J=compiled Java code, j=interpreted, Vv=VM code, C=native code)
V  [jvm.dll+0x683169]
V  [jvm.dll+0x839ac8]
V  [jvm.dll+0x83b573]
V  [jvm.dll+0x83bbe3]
V  [jvm.dll+0x2473ff]
V  [jvm.dll+0xace94]
V  [jvm.dll+0xad52c]
V  [jvm.dll+0x2acc2f]
V  [jvm.dll+0x5891f9]
V  [jvm.dll+0x221182]
V  [jvm.dll+0x22157f]
V  [jvm.dll+0x21a580]
V  [jvm.dll+0x21765b]
V  [jvm.dll+0x1a32a0]
V  [jvm.dll+0x227b3c]
V  [jvm.dll+0x225ccb]
V  [jvm.dll+0x7ef2d8]
V  [jvm.dll+0x7e979c]
V  [jvm.dll+0x682047]
C  [ucrtbase.dll+0x21bb2]
C  [KERNEL32.DLL+0x17374]
C  [ntdll.dll+0x4cc91]


---------------  P R O C E S S  ---------------

Threads class SMR info:
_java_thread_list=0x0000027a54b31e20, length=186, elements={
0x00000279fa549d70, 0x00000279fdf71e60, 0x00000279fdf72bf0, 0x0000027a45109670,
0x0000027a4510d360, 0x0000027a4510dc30, 0x0000027a4510e500, 0x0000027a451152a0,
0x0000027a45115fa0, 0x0000027a451168b0, 0x00000279fdf5b140, 0x0000027a452a5710,
0x0000027a46e69130, 0x0000027a4613c720, 0x0000027a4737e030, 0x0000027a458a4f00,
0x0000027a473f9660, 0x0000027a473fa590, 0x0000027a473f7d10, 0x0000027a473fa080,
0x0000027a473f9b70, 0x0000027a49eedac0, 0x0000027a4b0ee6e0, 0x0000027a4ba7a1a0,
0x0000027a4ba74b90, 0x0000027a4ba78d60, 0x0000027a4b0ef610, 0x0000027a49c58b90,
0x0000027a49c5d270, 0x0000027a49c5b410, 0x0000027a49c5a4e0, 0x0000027a49c5c850,
0x0000027a49c60000, 0x0000027a49c59fd0, 0x0000027a54c21730, 0x0000027a54c202f0,
0x0000027a54c1f8d0, 0x0000027a54c1e9a0, 0x0000027a54c1fde0, 0x0000027a54c21c40,
0x0000027a54c1da70, 0x0000027a54c1d560, 0x0000027a54c23aa0, 0x0000027a54c253f0,
0x0000027a54c23590, 0x0000027a54c26320, 0x0000027a54c22660, 0x0000027a54c25e10,
0x0000027a54c23fb0, 0x0000027a54c244c0, 0x0000027a54c249d0, 0x0000027a54c20d10,
0x0000027a54c26d40, 0x0000027a54c21220, 0x0000027a54c24ee0, 0x0000027a54c25900,
0x0000027a54c27760, 0x0000027a54c27c70, 0x0000027a54c26830, 0x0000027a54c27250,
0x0000027a54c20800, 0x0000027a54c28180, 0x0000027a54c28690, 0x0000027a54c28ba0,
0x0000027a54c290b0, 0x0000027a54c295c0, 0x0000027a54c22150, 0x0000027a54c29ad0,
0x0000027a54c2be40, 0x0000027a54c29fe0, 0x0000027a4d3ee620, 0x0000027a54c2b420,
0x0000027a54c2a4f0, 0x0000027a54c2c350, 0x0000027a54c2aa00, 0x0000027a54c2af10,
0x0000027a54c2b930, 0x0000027a54c2c860, 0x0000027a54c2cd70, 0x0000027a482f59f0,
0x0000027a482f40a0, 0x0000027a482f4ac0, 0x0000027a482f6920, 0x0000027a482f54e0,
0x0000027a482f1310, 0x0000027a482f2c60, 0x0000027a482f6e30, 0x0000027a482f0e00,
0x0000027a482f5f00, 0x0000027a482efed0, 0x0000027a482f7340, 0x0000027a482f1820,
0x0000027a482f7850, 0x0000027a482f1d30, 0x0000027a482f6410, 0x0000027a482f45b0,
0x0000027a482f2750, 0x0000027a482f03e0, 0x0000027a482f2240, 0x0000027a482f4fd0,
0x0000027a482f3170, 0x0000027a482f3680, 0x0000027a482f08f0, 0x0000027a49070150,
0x0000027a490724c0, 0x0000027a49070b70, 0x0000027a4906bf80, 0x0000027a4906ceb0,
0x0000027a49071fb0, 0x0000027a4906c490, 0x0000027a49071080, 0x0000027a49071590,
0x0000027a49071aa0, 0x0000027a4906b050, 0x0000027a4906d3c0, 0x0000027a490729d0,
0x0000027a4906d8d0, 0x0000027a4906b560, 0x0000027a4906f220, 0x0000027a4906ba70,
0x0000027a4906c9a0, 0x0000027a4906e800, 0x0000027a4906dde0, 0x0000027a4906ed10,
0x0000027a49070660, 0x0000027a4906f730, 0x0000027a4906fc40, 0x0000027a4697e320,
0x0000027a4697f760, 0x0000027a469810b0, 0x0000027a46981ad0, 0x0000027a46984350,
0x0000027a4697ed40, 0x0000027a4697fc70, 0x0000027a4697de10, 0x0000027a46980690,
0x0000027a46981fe0, 0x0000027a4697e830, 0x0000027a469824f0, 0x0000027a4697f250,
0x0000027a46984d70, 0x0000027a46982a00, 0x0000027a46982f10, 0x0000027a46983420,
0x0000027a46984860, 0x0000027a46983930, 0x0000027a46983e40, 0x0000027a4697d900,
0x0000027a46985280, 0x0000027a49ee7a90, 0x0000027a49ee9e00, 0x0000027a49ee8ed0,
0x0000027a49ee7580, 0x0000027a49ee93e0, 0x0000027a49eecb90, 0x0000027a49eea310,
0x0000027a49eeb240, 0x0000027a49ee98f0, 0x0000027a49ee7fa0, 0x0000027a49ee6650,
0x0000027a49eebc60, 0x0000027a49eea820, 0x0000027a49eead30, 0x0000027a49eeb750,
0x0000027a49ee89c0, 0x0000027a49eec170, 0x0000027a49eed0a0, 0x0000027a49eed5b0,
0x0000027a49eec680, 0x0000027a49ee6b60, 0x0000027a4ba750a0, 0x0000027a4ba755b0,
0x0000027a4ba75ac0, 0x0000027a4ba7b0d0, 0x0000027a4ba78850, 0x0000027a4ba75fd0,
0x0000027a4ba7b5e0, 0x0000027a4ba764e0, 0x0000027a4ba74170, 0x0000027a4ba76f00,
0x0000027a4ba79270, 0x0000027a4ba7baf0, 0x0000027a4ba769f0, 0x0000027a4ba79780,
0x0000027a4d3f1b40, 0x0000027a458a5920
}

Java Threads: ( => current thread )
  0x00000279fa549d70 JavaThread "main" [_thread_blocked, id=113012, stack(0x0000009feb700000,0x0000009feb800000)]
  0x00000279fdf71e60 JavaThread "Reference Handler" daemon [_thread_blocked, id=113104, stack(0x0000009febe00000,0x0000009febf00000)]
  0x00000279fdf72bf0 JavaThread "Finalizer" daemon [_thread_blocked, id=113164, stack(0x0000009febf00000,0x0000009fec000000)]
  0x0000027a45109670 JavaThread "Signal Dispatcher" daemon [_thread_blocked, id=113308, stack(0x0000009fec000000,0x0000009fec100000)]
  0x0000027a4510d360 JavaThread "Attach Listener" daemon [_thread_blocked, id=113264, stack(0x0000009fec100000,0x0000009fec200000)]
  0x0000027a4510dc30 JavaThread "Service Thread" daemon [_thread_blocked, id=113248, stack(0x0000009fec200000,0x0000009fec300000)]
  0x0000027a4510e500 JavaThread "Monitor Deflation Thread" daemon [_thread_blocked, id=113224, stack(0x0000009fec300000,0x0000009fec400000)]
=>0x0000027a451152a0 JavaThread "C2 CompilerThread0" daemon [_thread_in_native, id=113228, stack(0x0000009fec400000,0x0000009fec500000)]
  0x0000027a45115fa0 JavaThread "C1 CompilerThread0" daemon [_thread_blocked, id=113240, stack(0x0000009fec500000,0x0000009fec600000)]
  0x0000027a451168b0 JavaThread "Sweeper thread" daemon [_thread_blocked, id=113180, stack(0x0000009fec600000,0x0000009fec700000)]
  0x00000279fdf5b140 JavaThread "Common-Cleaner" daemon [_thread_blocked, id=113260, stack(0x0000009fec700000,0x0000009fec800000)]
  0x0000027a452a5710 JavaThread "Notification Thread" daemon [_thread_blocked, id=113332, stack(0x0000009fec900000,0x0000009feca00000)]
  0x0000027a46e69130 JavaThread "Daemon health stats" [_thread_blocked, id=113420, stack(0x0000009fecf00000,0x0000009fed000000)]
  0x0000027a4613c720 JavaThread "Incoming local TCP Connector on port 62586" [_thread_in_native, id=110404, stack(0x0000009fed000000,0x0000009fed100000)]
  0x0000027a4737e030 JavaThread "Daemon periodic checks" [_thread_blocked, id=113312, stack(0x0000009fed100000,0x0000009fed200000)]
  0x0000027a458a4f00 JavaThread "Cache worker for journal cache (C:\Users\PMLS\.gradle\caches\journal-1)" [_thread_blocked, id=112132, stack(0x0000009fed900000,0x0000009feda00000)]
  0x0000027a473f9660 JavaThread "File lock request listener" [_thread_in_native, id=113440, stack(0x0000009feda00000,0x0000009fedb00000)]
  0x0000027a473fa590 JavaThread "Cache worker for file hash cache (C:\Users\PMLS\.gradle\caches\8.14\fileHashes)" [_thread_blocked, id=112860, stack(0x0000009fedb00000,0x0000009fedc00000)]
  0x0000027a473f7d10 JavaThread "File watcher server" daemon [_thread_in_native, id=108340, stack(0x0000009fee500000,0x0000009fee600000)]
  0x0000027a473fa080 JavaThread "File watcher consumer" daemon [_thread_blocked, id=113192, stack(0x0000009fee600000,0x0000009fee700000)]
  0x0000027a473f9b70 JavaThread "Cache worker for file content cache (C:\Users\PMLS\.gradle\caches\8.14\fileContent)" [_thread_blocked, id=113940, stack(0x0000009fee800000,0x0000009fee900000)]
  0x0000027a49eedac0 JavaThread "Memory manager" [_thread_blocked, id=114224, stack(0x0000009ff0d00000,0x0000009ff0e00000)]
  0x0000027a4b0ee6e0 JavaThread "jar transforms" [_thread_blocked, id=111732, stack(0x0000009ff6100000,0x0000009ff6200000)]
  0x0000027a4ba7a1a0 JavaThread "jar transforms Thread 2" [_thread_blocked, id=104692, stack(0x0000009ff7500000,0x0000009ff7600000)]
  0x0000027a4ba74b90 JavaThread "jar transforms Thread 3" [_thread_blocked, id=114764, stack(0x0000009ff7700000,0x0000009ff7800000)]
  0x0000027a4ba78d60 JavaThread "jar transforms Thread 4" [_thread_blocked, id=114920, stack(0x0000009ff7b00000,0x0000009ff7c00000)]
  0x0000027a4b0ef610 JavaThread "jar transforms Thread 5" [_thread_blocked, id=114960, stack(0x0000009ff7c00000,0x0000009ff7d00000)]
  0x0000027a49c58b90 JavaThread "jar transforms Thread 6" [_thread_blocked, id=114968, stack(0x0000009ff7d00000,0x0000009ff7e00000)]
  0x0000027a49c5d270 JavaThread "jar transforms Thread 7" [_thread_blocked, id=115156, stack(0x0000009ff7e00000,0x0000009ff7f00000)]
  0x0000027a49c5b410 JavaThread "jar transforms Thread 8" [_thread_blocked, id=115164, stack(0x0000009ff7f00000,0x0000009ff8000000)]
  0x0000027a49c5a4e0 JavaThread "jar transforms Thread 9" [_thread_blocked, id=115244, stack(0x0000009ff8000000,0x0000009ff8100000)]
  0x0000027a49c5c850 JavaThread "jar transforms Thread 10" [_thread_blocked, id=115416, stack(0x0000009ff8100000,0x0000009ff8200000)]
  0x0000027a49c60000 JavaThread "jar transforms Thread 11" [_thread_blocked, id=115520, stack(0x0000009ff8200000,0x0000009ff8300000)]
  0x0000027a49c59fd0 JavaThread "jar transforms Thread 12" [_thread_blocked, id=115532, stack(0x0000009ff8300000,0x0000009ff8400000)]
  0x0000027a54c21730 JavaThread "Daemon Thread 2" [_thread_blocked, id=119024, stack(0x0000009feb400000,0x0000009feb500000)]
  0x0000027a54c202f0 JavaThread "Handler for socket connection from /127.0.0.1:62586 to /127.0.0.1:63189" [_thread_in_native, id=119212, stack(0x0000009feb500000,0x0000009feb600000)]
  0x0000027a54c1f8d0 JavaThread "Cancel handler" [_thread_blocked, id=119160, stack(0x0000009feb600000,0x0000009feb700000)]
  0x0000027a54c1e9a0 JavaThread "Daemon worker Thread 2" [_thread_blocked, id=119156, stack(0x0000009fece00000,0x0000009fecf00000)]
  0x0000027a54c1fde0 JavaThread "Asynchronous log dispatcher for DefaultDaemonConnection: socket connection from /127.0.0.1:62586 to /127.0.0.1:63189" [_thread_blocked, id=119164, stack(0x0000009fed200000,0x0000009fed300000)]
  0x0000027a54c21c40 JavaThread "Stdin handler" [_thread_blocked, id=119284, stack(0x0000009fed300000,0x0000009fed400000)]
  0x0000027a54c1da70 JavaThread "Daemon client event forwarder" [_thread_blocked, id=118844, stack(0x0000009fed400000,0x0000009fed500000)]
  0x0000027a54c1d560 JavaThread "Cache worker for file hash cache (D:\my_app\SafeConnect\safeconnect\android\.gradle\8.14\fileHashes)" [_thread_blocked, id=119572, stack(0x0000009fed500000,0x0000009fed600000)]
  0x0000027a54c23aa0 JavaThread "Cache worker for Build Output Cleanup Cache (D:\my_app\SafeConnect\safeconnect\android\.gradle\buildOutputCleanup)" [_thread_blocked, id=119380, stack(0x0000009fed600000,0x0000009fed700000)]
  0x0000027a54c253f0 JavaThread "Cache worker for checksums cache (D:\my_app\SafeConnect\safeconnect\android\.gradle\8.14\checksums)" [_thread_blocked, id=119620, stack(0x0000009fed700000,0x0000009fed800000)]
  0x0000027a54c23590 JavaThread "Cache worker for cache directory md-supplier (C:\Users\PMLS\.gradle\caches\8.14\md-supplier)" [_thread_blocked, id=116828, stack(0x0000009fed800000,0x0000009fed900000)]
  0x0000027a54c26320 JavaThread "Cache worker for cache directory md-rule (C:\Users\PMLS\.gradle\caches\8.14\md-rule)" [_thread_blocked, id=95092, stack(0x0000009fee100000,0x0000009fee200000)]
  0x0000027a54c22660 JavaThread "Cache worker for Build Output Cleanup Cache (C:\src\flutter\packages\flutter_tools\gradle\.gradle\buildOutputCleanup)" [_thread_blocked, id=118812, stack(0x0000009fee200000,0x0000009fee300000)]
  0x0000027a54c25e10 JavaThread "Unconstrained build operations" [_thread_blocked, id=119716, stack(0x0000009fee900000,0x0000009feea00000)]
  0x0000027a54c23fb0 JavaThread "Unconstrained build operations Thread 2" [_thread_blocked, id=119088, stack(0x0000009feea00000,0x0000009feeb00000)]
  0x0000027a54c244c0 JavaThread "Unconstrained build operations Thread 3" [_thread_blocked, id=118788, stack(0x0000009feeb00000,0x0000009feec00000)]
  0x0000027a54c249d0 JavaThread "Unconstrained build operations Thread 4" [_thread_blocked, id=118892, stack(0x0000009feec00000,0x0000009feed00000)]
  0x0000027a54c20d10 JavaThread "Unconstrained build operations Thread 5" [_thread_blocked, id=118820, stack(0x0000009feed00000,0x0000009feee00000)]
  0x0000027a54c26d40 JavaThread "Unconstrained build operations Thread 6" [_thread_blocked, id=118836, stack(0x0000009feee00000,0x0000009feef00000)]
  0x0000027a54c21220 JavaThread "Unconstrained build operations Thread 7" [_thread_blocked, id=118856, stack(0x0000009feef00000,0x0000009fef000000)]
  0x0000027a54c24ee0 JavaThread "Unconstrained build operations Thread 8" [_thread_blocked, id=119076, stack(0x0000009fef000000,0x0000009fef100000)]
  0x0000027a54c25900 JavaThread "Unconstrained build operations Thread 9" [_thread_blocked, id=119216, stack(0x0000009fef100000,0x0000009fef200000)]
  0x0000027a54c27760 JavaThread "Unconstrained build operations Thread 10" [_thread_blocked, id=119308, stack(0x0000009fef200000,0x0000009fef300000)]
  0x0000027a54c27c70 JavaThread "Unconstrained build operations Thread 11" [_thread_blocked, id=119168, stack(0x0000009fef300000,0x0000009fef400000)]
  0x0000027a54c26830 JavaThread "Unconstrained build operations Thread 12" [_thread_blocked, id=119188, stack(0x0000009fef400000,0x0000009fef500000)]
  0x0000027a54c27250 JavaThread "Unconstrained build operations Thread 13" [_thread_blocked, id=119420, stack(0x0000009fef500000,0x0000009fef600000)]
  0x0000027a54c20800 JavaThread "Unconstrained build operations Thread 14" [_thread_blocked, id=119072, stack(0x0000009fef600000,0x0000009fef700000)]
  0x0000027a54c28180 JavaThread "Unconstrained build operations Thread 15" [_thread_blocked, id=119032, stack(0x0000009fef700000,0x0000009fef800000)]
  0x0000027a54c28690 JavaThread "Unconstrained build operations Thread 16" [_thread_blocked, id=118884, stack(0x0000009fef800000,0x0000009fef900000)]
  0x0000027a54c28ba0 JavaThread "Unconstrained build operations Thread 17" [_thread_blocked, id=119200, stack(0x0000009fef900000,0x0000009fefa00000)]
  0x0000027a54c290b0 JavaThread "Unconstrained build operations Thread 18" [_thread_blocked, id=119296, stack(0x0000009fefa00000,0x0000009fefb00000)]
  0x0000027a54c295c0 JavaThread "Unconstrained build operations Thread 19" [_thread_blocked, id=119172, stack(0x0000009fefb00000,0x0000009fefc00000)]
  0x0000027a54c22150 JavaThread "Unconstrained build operations Thread 20" [_thread_blocked, id=119228, stack(0x0000009fefc00000,0x0000009fefd00000)]
  0x0000027a54c29ad0 JavaThread "Unconstrained build operations Thread 21" [_thread_blocked, id=119272, stack(0x0000009fefd00000,0x0000009fefe00000)]
  0x0000027a54c2be40 JavaThread "Unconstrained build operations Thread 22" [_thread_blocked, id=119136, stack(0x0000009fefe00000,0x0000009feff00000)]
  0x0000027a54c29fe0 JavaThread "build event listener" [_thread_blocked, id=119628, stack(0x0000009feff00000,0x0000009ff0000000)]
  0x0000027a4d3ee620 JavaThread "C2 CompilerThread1" daemon [_thread_blocked, id=119756, stack(0x0000009fee700000,0x0000009fee800000)]
  0x0000027a54c2b420 JavaThread "included builds" [_thread_blocked, id=119752, stack(0x0000009ff0000000,0x0000009ff0100000)]
  0x0000027a54c2a4f0 JavaThread "Execution worker" [_thread_blocked, id=119400, stack(0x0000009ff0100000,0x0000009ff0200000)]
  0x0000027a54c2c350 JavaThread "Execution worker Thread 2" [_thread_blocked, id=119424, stack(0x0000009ff0200000,0x0000009ff0300000)]
  0x0000027a54c2aa00 JavaThread "Execution worker Thread 3" [_thread_blocked, id=119016, stack(0x0000009ff0300000,0x0000009ff0400000)]
  0x0000027a54c2af10 JavaThread "Execution worker Thread 4" [_thread_blocked, id=117624, stack(0x0000009ff0400000,0x0000009ff0500000)]
  0x0000027a54c2b930 JavaThread "Execution worker Thread 5" [_thread_blocked, id=119772, stack(0x0000009ff0500000,0x0000009ff0600000)]
  0x0000027a54c2c860 JavaThread "Execution worker Thread 6" [_thread_blocked, id=119768, stack(0x0000009ff0600000,0x0000009ff0700000)]
  0x0000027a54c2cd70 JavaThread "Execution worker Thread 7" [_thread_blocked, id=113752, stack(0x0000009ff0700000,0x0000009ff0800000)]
  0x0000027a482f59f0 JavaThread "Execution worker Thread 8" [_thread_blocked, id=116092, stack(0x0000009ff0800000,0x0000009ff0900000)]
  0x0000027a482f40a0 JavaThread "Execution worker Thread 9" [_thread_blocked, id=119712, stack(0x0000009ff0900000,0x0000009ff0a00000)]
  0x0000027a482f4ac0 JavaThread "Execution worker Thread 10" [_thread_blocked, id=119776, stack(0x0000009ff0a00000,0x0000009ff0b00000)]
  0x0000027a482f6920 JavaThread "Execution worker Thread 11" [_thread_blocked, id=119592, stack(0x0000009ff0b00000,0x0000009ff0c00000)]
  0x0000027a482f54e0 JavaThread "Cache worker for execution history cache (C:\src\flutter\packages\flutter_tools\gradle\.gradle\8.14\executionHistory)" [_thread_blocked, id=119732, stack(0x0000009ff0c00000,0x0000009ff0d00000)]
  0x0000027a482f1310 JavaThread "Unconstrained build operations Thread 23" [_thread_blocked, id=119760, stack(0x0000009ff0e00000,0x0000009ff0f00000)]
  0x0000027a482f2c60 JavaThread "Unconstrained build operations Thread 24" [_thread_blocked, id=112664, stack(0x0000009ff0f00000,0x0000009ff1000000)]
  0x0000027a482f6e30 JavaThread "Unconstrained build operations Thread 25" [_thread_blocked, id=119644, stack(0x0000009ff1000000,0x0000009ff1100000)]
  0x0000027a482f0e00 JavaThread "Unconstrained build operations Thread 26" [_thread_blocked, id=118816, stack(0x0000009ff1100000,0x0000009ff1200000)]
  0x0000027a482f5f00 JavaThread "Unconstrained build operations Thread 27" [_thread_blocked, id=119720, stack(0x0000009ff1200000,0x0000009ff1300000)]
  0x0000027a482efed0 JavaThread "Unconstrained build operations Thread 28" [_thread_blocked, id=114748, stack(0x0000009ff1300000,0x0000009ff1400000)]
  0x0000027a482f7340 JavaThread "Unconstrained build operations Thread 29" [_thread_blocked, id=119636, stack(0x0000009ff1400000,0x0000009ff1500000)]
  0x0000027a482f1820 JavaThread "Unconstrained build operations Thread 30" [_thread_blocked, id=119588, stack(0x0000009ff1500000,0x0000009ff1600000)]
  0x0000027a482f7850 JavaThread "Unconstrained build operations Thread 31" [_thread_blocked, id=119724, stack(0x0000009ff1600000,0x0000009ff1700000)]
  0x0000027a482f1d30 JavaThread "Unconstrained build operations Thread 32" [_thread_blocked, id=119132, stack(0x0000009ff1700000,0x0000009ff1800000)]
  0x0000027a482f6410 JavaThread "Unconstrained build operations Thread 33" [_thread_blocked, id=119744, stack(0x0000009ff1800000,0x0000009ff1900000)]
  0x0000027a482f45b0 JavaThread "Unconstrained build operations Thread 34" [_thread_blocked, id=112712, stack(0x0000009ff1900000,0x0000009ff1a00000)]
  0x0000027a482f2750 JavaThread "Unconstrained build operations Thread 35" [_thread_blocked, id=114400, stack(0x0000009ff1a00000,0x0000009ff1b00000)]
  0x0000027a482f03e0 JavaThread "Unconstrained build operations Thread 36" [_thread_blocked, id=107720, stack(0x0000009ff1b00000,0x0000009ff1c00000)]
  0x0000027a482f2240 JavaThread "Unconstrained build operations Thread 37" [_thread_blocked, id=112992, stack(0x0000009ff1c00000,0x0000009ff1d00000)]
  0x0000027a482f4fd0 JavaThread "Unconstrained build operations Thread 38" [_thread_blocked, id=118976, stack(0x0000009ff1d00000,0x0000009ff1e00000)]
  0x0000027a482f3170 JavaThread "Unconstrained build operations Thread 39" [_thread_blocked, id=119324, stack(0x0000009ff1e00000,0x0000009ff1f00000)]
  0x0000027a482f3680 JavaThread "Unconstrained build operations Thread 40" [_thread_blocked, id=119320, stack(0x0000009ff1f00000,0x0000009ff2000000)]
  0x0000027a482f08f0 JavaThread "Unconstrained build operations Thread 41" [_thread_blocked, id=119604, stack(0x0000009ff2000000,0x0000009ff2100000)]
  0x0000027a49070150 JavaThread "Unconstrained build operations Thread 42" [_thread_blocked, id=119048, stack(0x0000009ff2100000,0x0000009ff2200000)]
  0x0000027a490724c0 JavaThread "Unconstrained build operations Thread 43" [_thread_blocked, id=103144, stack(0x0000009ff2200000,0x0000009ff2300000)]
  0x0000027a49070b70 JavaThread "Unconstrained build operations Thread 44" [_thread_blocked, id=119316, stack(0x0000009ff2300000,0x0000009ff2400000)]
  0x0000027a4906bf80 JavaThread "Unconstrained build operations Thread 45" [_thread_blocked, id=119580, stack(0x0000009ff2400000,0x0000009ff2500000)]
  0x0000027a4906ceb0 JavaThread "Unconstrained build operations Thread 46" [_thread_blocked, id=119788, stack(0x0000009ff2500000,0x0000009ff2600000)]
  0x0000027a49071fb0 JavaThread "Unconstrained build operations Thread 47" [_thread_blocked, id=119836, stack(0x0000009ff2600000,0x0000009ff2700000)]
  0x0000027a4906c490 JavaThread "Unconstrained build operations Thread 48" [_thread_blocked, id=119840, stack(0x0000009ff2700000,0x0000009ff2800000)]
  0x0000027a49071080 JavaThread "Unconstrained build operations Thread 49" [_thread_blocked, id=119844, stack(0x0000009ff2800000,0x0000009ff2900000)]
  0x0000027a49071590 JavaThread "Unconstrained build operations Thread 50" [_thread_blocked, id=119848, stack(0x0000009ff2900000,0x0000009ff2a00000)]
  0x0000027a49071aa0 JavaThread "Unconstrained build operations Thread 51" [_thread_blocked, id=119852, stack(0x0000009ff2a00000,0x0000009ff2b00000)]
  0x0000027a4906b050 JavaThread "Unconstrained build operations Thread 52" [_thread_blocked, id=119856, stack(0x0000009ff2b00000,0x0000009ff2c00000)]
  0x0000027a4906d3c0 JavaThread "Unconstrained build operations Thread 53" [_thread_blocked, id=119860, stack(0x0000009ff2c00000,0x0000009ff2d00000)]
  0x0000027a490729d0 JavaThread "Unconstrained build operations Thread 54" [_thread_blocked, id=119864, stack(0x0000009ff2d00000,0x0000009ff2e00000)]
  0x0000027a4906d8d0 JavaThread "Unconstrained build operations Thread 55" [_thread_blocked, id=119868, stack(0x0000009ff2e00000,0x0000009ff2f00000)]
  0x0000027a4906b560 JavaThread "Unconstrained build operations Thread 56" [_thread_blocked, id=119872, stack(0x0000009ff2f00000,0x0000009ff3000000)]
  0x0000027a4906f220 JavaThread "Unconstrained build operations Thread 57" [_thread_blocked, id=119876, stack(0x0000009ff3000000,0x0000009ff3100000)]
  0x0000027a4906ba70 JavaThread "Unconstrained build operations Thread 58" [_thread_blocked, id=119880, stack(0x0000009ff3100000,0x0000009ff3200000)]
  0x0000027a4906c9a0 JavaThread "Unconstrained build operations Thread 59" [_thread_blocked, id=119884, stack(0x0000009ff3200000,0x0000009ff3300000)]
  0x0000027a4906e800 JavaThread "Unconstrained build operations Thread 60" [_thread_blocked, id=119888, stack(0x0000009ff3300000,0x0000009ff3400000)]
  0x0000027a4906dde0 JavaThread "Unconstrained build operations Thread 61" [_thread_blocked, id=119892, stack(0x0000009ff3400000,0x0000009ff3500000)]
  0x0000027a4906ed10 JavaThread "Unconstrained build operations Thread 62" [_thread_blocked, id=119896, stack(0x0000009ff3500000,0x0000009ff3600000)]
  0x0000027a49070660 JavaThread "Unconstrained build operations Thread 63" [_thread_blocked, id=119900, stack(0x0000009ff3600000,0x0000009ff3700000)]
  0x0000027a4906f730 JavaThread "Unconstrained build operations Thread 64" [_thread_blocked, id=119904, stack(0x0000009ff3700000,0x0000009ff3800000)]
  0x0000027a4906fc40 JavaThread "Unconstrained build operations Thread 65" [_thread_blocked, id=119908, stack(0x0000009ff3800000,0x0000009ff3900000)]
  0x0000027a4697e320 JavaThread "Unconstrained build operations Thread 66" [_thread_blocked, id=119912, stack(0x0000009ff3900000,0x0000009ff3a00000)]
  0x0000027a4697f760 JavaThread "Unconstrained build operations Thread 67" [_thread_blocked, id=119916, stack(0x0000009ff3a00000,0x0000009ff3b00000)]
  0x0000027a469810b0 JavaThread "Unconstrained build operations Thread 68" [_thread_blocked, id=119920, stack(0x0000009ff3b00000,0x0000009ff3c00000)]
  0x0000027a46981ad0 JavaThread "build event listener" [_thread_blocked, id=120020, stack(0x0000009ff3c00000,0x0000009ff3d00000)]
  0x0000027a46984350 JavaThread "Unconstrained build operations Thread 69" [_thread_blocked, id=120304, stack(0x0000009ff3d00000,0x0000009ff3e00000)]
  0x0000027a4697ed40 JavaThread "Unconstrained build operations Thread 70" [_thread_blocked, id=120308, stack(0x0000009ff3e00000,0x0000009ff3f00000)]
  0x0000027a4697fc70 JavaThread "Unconstrained build operations Thread 71" [_thread_blocked, id=120312, stack(0x0000009ff3f00000,0x0000009ff4000000)]
  0x0000027a4697de10 JavaThread "Unconstrained build operations Thread 72" [_thread_blocked, id=120316, stack(0x0000009ff4000000,0x0000009ff4100000)]
  0x0000027a46980690 JavaThread "Unconstrained build operations Thread 73" [_thread_blocked, id=120320, stack(0x0000009ff4100000,0x0000009ff4200000)]
  0x0000027a46981fe0 JavaThread "Unconstrained build operations Thread 74" [_thread_blocked, id=120324, stack(0x0000009ff4200000,0x0000009ff4300000)]
  0x0000027a4697e830 JavaThread "Unconstrained build operations Thread 75" [_thread_blocked, id=120328, stack(0x0000009ff4300000,0x0000009ff4400000)]
  0x0000027a469824f0 JavaThread "Unconstrained build operations Thread 76" [_thread_blocked, id=120332, stack(0x0000009ff4400000,0x0000009ff4500000)]
  0x0000027a4697f250 JavaThread "Unconstrained build operations Thread 77" [_thread_blocked, id=120336, stack(0x0000009ff4500000,0x0000009ff4600000)]
  0x0000027a46984d70 JavaThread "Unconstrained build operations Thread 78" [_thread_blocked, id=120340, stack(0x0000009ff4600000,0x0000009ff4700000)]
  0x0000027a46982a00 JavaThread "Unconstrained build operations Thread 79" [_thread_blocked, id=120344, stack(0x0000009ff4700000,0x0000009ff4800000)]
  0x0000027a46982f10 JavaThread "Unconstrained build operations Thread 80" [_thread_blocked, id=120364, stack(0x0000009ff4800000,0x0000009ff4900000)]
  0x0000027a46983420 JavaThread "Unconstrained build operations Thread 81" [_thread_blocked, id=120368, stack(0x0000009ff4900000,0x0000009ff4a00000)]
  0x0000027a46984860 JavaThread "Unconstrained build operations Thread 82" [_thread_blocked, id=120372, stack(0x0000009ff4a00000,0x0000009ff4b00000)]
  0x0000027a46983930 JavaThread "Unconstrained build operations Thread 83" [_thread_blocked, id=120376, stack(0x0000009ff4b00000,0x0000009ff4c00000)]
  0x0000027a46983e40 JavaThread "Unconstrained build operations Thread 84" [_thread_blocked, id=120380, stack(0x0000009ff4c00000,0x0000009ff4d00000)]
  0x0000027a4697d900 JavaThread "Unconstrained build operations Thread 85" [_thread_blocked, id=120384, stack(0x0000009ff4d00000,0x0000009ff4e00000)]
  0x0000027a46985280 JavaThread "Unconstrained build operations Thread 86" [_thread_blocked, id=120388, stack(0x0000009ff4e00000,0x0000009ff4f00000)]
  0x0000027a49ee7a90 JavaThread "Unconstrained build operations Thread 87" [_thread_blocked, id=120392, stack(0x0000009ff4f00000,0x0000009ff5000000)]
  0x0000027a49ee9e00 JavaThread "Unconstrained build operations Thread 88" [_thread_blocked, id=120396, stack(0x0000009ff5000000,0x0000009ff5100000)]
  0x0000027a49ee8ed0 JavaThread "Unconstrained build operations Thread 89" [_thread_blocked, id=120400, stack(0x0000009ff5100000,0x0000009ff5200000)]
  0x0000027a49ee7580 JavaThread "Unconstrained build operations Thread 90" [_thread_blocked, id=120404, stack(0x0000009ff5200000,0x0000009ff5300000)]
  0x0000027a49ee93e0 JavaThread "Problems report writer" [_thread_blocked, id=120412, stack(0x0000009ff5300000,0x0000009ff5400000)]
  0x0000027a49eecb90 JavaThread "Unconstrained build operations Thread 91" [_thread_blocked, id=120588, stack(0x0000009ff5400000,0x0000009ff5500000)]
  0x0000027a49eea310 JavaThread "Unconstrained build operations Thread 92" [_thread_blocked, id=120592, stack(0x0000009ff5500000,0x0000009ff5600000)]
  0x0000027a49eeb240 JavaThread "Unconstrained build operations Thread 93" [_thread_blocked, id=120596, stack(0x0000009ff5600000,0x0000009ff5700000)]
  0x0000027a49ee98f0 JavaThread "Unconstrained build operations Thread 94" [_thread_blocked, id=120600, stack(0x0000009ff5700000,0x0000009ff5800000)]
  0x0000027a49ee7fa0 JavaThread "Unconstrained build operations Thread 95" [_thread_blocked, id=120604, stack(0x0000009ff5800000,0x0000009ff5900000)]
  0x0000027a49ee6650 JavaThread "Unconstrained build operations Thread 96" [_thread_blocked, id=120608, stack(0x0000009ff5900000,0x0000009ff5a00000)]
  0x0000027a49eebc60 JavaThread "Unconstrained build operations Thread 97" [_thread_blocked, id=120612, stack(0x0000009ff5a00000,0x0000009ff5b00000)]
  0x0000027a49eea820 JavaThread "Unconstrained build operations Thread 98" [_thread_blocked, id=120616, stack(0x0000009ff5b00000,0x0000009ff5c00000)]
  0x0000027a49eead30 JavaThread "Unconstrained build operations Thread 99" [_thread_blocked, id=120620, stack(0x0000009ff5c00000,0x0000009ff5d00000)]
  0x0000027a49eeb750 JavaThread "Unconstrained build operations Thread 100" [_thread_blocked, id=120624, stack(0x0000009ff5d00000,0x0000009ff5e00000)]
  0x0000027a49ee89c0 JavaThread "Unconstrained build operations Thread 101" [_thread_blocked, id=120628, stack(0x0000009ff5e00000,0x0000009ff5f00000)]
  0x0000027a49eec170 JavaThread "Unconstrained build operations Thread 102" [_thread_blocked, id=120636, stack(0x0000009ff5f00000,0x0000009ff6000000)]
  0x0000027a49eed0a0 JavaThread "Unconstrained build operations Thread 103" [_thread_blocked, id=120640, stack(0x0000009ff6000000,0x0000009ff6100000)]
  0x0000027a49eed5b0 JavaThread "Unconstrained build operations Thread 104" [_thread_blocked, id=120644, stack(0x0000009ff6200000,0x0000009ff6300000)]
  0x0000027a49eec680 JavaThread "Unconstrained build operations Thread 105" [_thread_blocked, id=120648, stack(0x0000009ff6300000,0x0000009ff6400000)]
  0x0000027a49ee6b60 JavaThread "Unconstrained build operations Thread 106" [_thread_blocked, id=120652, stack(0x0000009ff6400000,0x0000009ff6500000)]
  0x0000027a4ba750a0 JavaThread "Unconstrained build operations Thread 107" [_thread_blocked, id=120656, stack(0x0000009ff6500000,0x0000009ff6600000)]
  0x0000027a4ba755b0 JavaThread "Unconstrained build operations Thread 108" [_thread_blocked, id=120660, stack(0x0000009ff6600000,0x0000009ff6700000)]
  0x0000027a4ba75ac0 JavaThread "Unconstrained build operations Thread 109" [_thread_blocked, id=120664, stack(0x0000009ff6700000,0x0000009ff6800000)]
  0x0000027a4ba7b0d0 JavaThread "Unconstrained build operations Thread 110" [_thread_blocked, id=120668, stack(0x0000009ff6800000,0x0000009ff6900000)]
  0x0000027a4ba78850 JavaThread "Unconstrained build operations Thread 111" [_thread_blocked, id=120672, stack(0x0000009ff6900000,0x0000009ff6a00000)]
  0x0000027a4ba75fd0 JavaThread "Unconstrained build operations Thread 112" [_thread_blocked, id=120676, stack(0x0000009ff6a00000,0x0000009ff6b00000)]
  0x0000027a4ba7b5e0 JavaThread "Unconstrained build operations Thread 113" [_thread_blocked, id=120776, stack(0x0000009ff6b00000,0x0000009ff6c00000)]
  0x0000027a4ba764e0 JavaThread "Unconstrained build operations Thread 114" [_thread_blocked, id=120780, stack(0x0000009ff6c00000,0x0000009ff6d00000)]
  0x0000027a4ba74170 JavaThread "Unconstrained build operations Thread 115" [_thread_blocked, id=120784, stack(0x0000009ff6d00000,0x0000009ff6e00000)]
  0x0000027a4ba76f00 JavaThread "Unconstrained build operations Thread 116" [_thread_blocked, id=120788, stack(0x0000009ff6e00000,0x0000009ff6f00000)]
  0x0000027a4ba79270 JavaThread "Unconstrained build operations Thread 117" [_thread_blocked, id=120792, stack(0x0000009ff6f00000,0x0000009ff7000000)]
  0x0000027a4ba7baf0 JavaThread "Unconstrained build operations Thread 118" [_thread_blocked, id=120796, stack(0x0000009ff7000000,0x0000009ff7100000)]
  0x0000027a4ba769f0 JavaThread "Unconstrained build operations Thread 119" [_thread_blocked, id=120800, stack(0x0000009ff7100000,0x0000009ff7200000)]
  0x0000027a4ba79780 JavaThread "Unconstrained build operations Thread 120" [_thread_blocked, id=120804, stack(0x0000009ff7200000,0x0000009ff7300000)]
  0x0000027a4d3f1b40 JavaThread "C2 CompilerThread2" daemon [_thread_blocked, id=120204, stack(0x0000009ff7300000,0x0000009ff7400000)]
  0x0000027a458a5920 JavaThread "Cache worker for execution history cache (D:\my_app\SafeConnect\safeconnect\android\.gradle\8.14\executionHistory)" [_thread_blocked, id=91456, stack(0x0000009ff7400000,0x0000009ff7500000)]

Other Threads:
  0x00000279fdf6b040 VMThread "VM Thread" [stack: 0x0000009febd00000,0x0000009febe00000] [id=113076]
  0x00000279fa54ac40 WatcherThread [stack: 0x0000009feca00000,0x0000009fecb00000] [id=113156]
  0x00000279fa5f2d50 GCTaskThread "GC Thread#0" [stack: 0x0000009feb800000,0x0000009feb900000] [id=113128]
  0x0000027a456127b0 GCTaskThread "GC Thread#1" [stack: 0x0000009fecb00000,0x0000009fecc00000] [id=113600]
  0x0000027a456124f0 GCTaskThread "GC Thread#2" [stack: 0x0000009fecc00000,0x0000009fecd00000] [id=113528]
  0x0000027a45612a70 GCTaskThread "GC Thread#3" [stack: 0x0000009fec800000,0x0000009fec900000] [id=111980]
  0x0000027a456111b0 GCTaskThread "GC Thread#4" [stack: 0x0000009fecd00000,0x0000009fece00000] [id=111636]
  0x0000027a45611470 GCTaskThread "GC Thread#5" [stack: 0x0000009fedc00000,0x0000009fedd00000] [id=113024]
  0x0000027a47c97380 GCTaskThread "GC Thread#6" [stack: 0x0000009fedd00000,0x0000009fede00000] [id=113112]
  0x0000027a47c95540 GCTaskThread "GC Thread#7" [stack: 0x0000009fede00000,0x0000009fedf00000] [id=113096]
  0x0000027a47c95ac0 GCTaskThread "GC Thread#8" [stack: 0x0000009fedf00000,0x0000009fee000000] [id=113452]
  0x0000027a47c95280 GCTaskThread "GC Thread#9" [stack: 0x0000009fee000000,0x0000009fee100000] [id=113208]
  0x00000279fdd880a0 ConcurrentGCThread "G1 Main Marker" [stack: 0x0000009feb900000,0x0000009feba00000] [id=113092]
  0x00000279fdd889d0 ConcurrentGCThread "G1 Conc#0" [stack: 0x0000009feba00000,0x0000009febb00000] [id=112948]
  0x0000027a47c96880 ConcurrentGCThread "G1 Conc#1" [stack: 0x0000009fee300000,0x0000009fee400000] [id=102552]
  0x0000027a47c94780 ConcurrentGCThread "G1 Conc#2" [stack: 0x0000009fee400000,0x0000009fee500000] [id=113652]
  0x00000279fde26b40 ConcurrentGCThread "G1 Refine#0" [stack: 0x0000009febb00000,0x0000009febc00000] [id=112964]
  0x0000027a462f6600 ConcurrentGCThread "G1 Refine#1" [stack: 0x0000009ff7800000,0x0000009ff7900000] [id=114776]
  0x0000027a478b0ab0 ConcurrentGCThread "G1 Refine#2" [stack: 0x0000009ff7900000,0x0000009ff7a00000] [id=114780]
  0x0000027a46683230 ConcurrentGCThread "G1 Refine#3" [stack: 0x0000009ff7a00000,0x0000009ff7b00000] [id=114784]
  0x0000027a46682670 ConcurrentGCThread "G1 Refine#4" [stack: 0x0000009ff8900000,0x0000009ff8a00000] [id=115380]
  0x0000027a4c414bb0 ConcurrentGCThread "G1 Refine#5" [stack: 0x0000009ff8a00000,0x0000009ff8b00000] [id=115012]
  0x00000279fde27480 ConcurrentGCThread "G1 Service" [stack: 0x0000009febc00000,0x0000009febd00000] [id=113044]

Threads with active compile tasks:
C2 CompilerThread0   160403 23988   !   4       java.util.concurrent.ConcurrentHashMap::compute (654 bytes)
C2 CompilerThread1   160404 24001       4       kotlin.sequences.GeneratorSequence$iterator$1::calcNext (65 bytes)
C2 CompilerThread2   160404 24000       4       kotlin.sequences.GeneratorSequence$iterator$1::hasNext (25 bytes)

VM state: at safepoint (normal execution)

VM Mutex/Monitor currently owned by a thread:  ([mutex/lock_event])
[0x00000279fa545aa0] Threads_lock - owner thread: 0x00000279fdf6b040
[0x00000279fa547000] Heap_lock - owner thread: 0x0000027a482f4ac0

Heap address: 0x0000000600000000, size: 8192 MB, Compressed Oops mode: Zero based, Oop shift amount: 3

CDS archive(s) mapped at: [0x0000027a00000000-0x0000027a00bb0000-0x0000027a00bb0000), size 12255232, SharedBaseAddress: 0x0000027a00000000, ArchiveRelocationMode: 1.
Compressed class space mapped at: 0x0000027a01000000-0x0000027a41000000, reserved size: 1073741824
Narrow klass base: 0x0000027a00000000, Narrow klass shift: 0, Narrow klass range: 0x100000000

GC Precious Log:
 CPUs: 12 total, 12 available
 Memory: 7916M
 Large Page Support: Disabled
 NUMA Support: Disabled
 Compressed Oops: Enabled (Zero based)
 Heap Region Size: 4M
 Heap Min Capacity: 8M
 Heap Initial Capacity: 124M
 Heap Max Capacity: 8G
 Pre-touch: Disabled
 Parallel Workers: 10
 Concurrent Workers: 3
 Concurrent Refinement Workers: 10
 Periodic GC: Disabled

Heap:
 garbage-first heap   total 806912K, used 646416K [0x0000000600000000, 0x0000000800000000)
  region size 4096K, 79 young (323584K), 7 survivors (28672K)
 Metaspace       used 124879K, committed 127040K, reserved 1179648K
  class space    used 17100K, committed 18112K, reserved 1048576K

Heap Regions: E=young(eden), S=young(survivor), O=old, HS=humongous(starts), HC=humongous(continues), CS=collection set, F=free, OA=open archive, CA=closed archive, TAMS=top-at-mark-start (previous, next)
|   0|0x0000000600000000, 0x0000000600400000, 0x0000000600400000|100%|HS|  |TAMS 0x0000000600400000, 0x0000000600000000| Complete 
|   1|0x0000000600400000, 0x0000000600800000, 0x0000000600800000|100%| O|  |TAMS 0x0000000600800000, 0x0000000600400000| Untracked 
|   2|0x0000000600800000, 0x0000000600c00000, 0x0000000600c00000|100%| O|  |TAMS 0x0000000600c00000, 0x0000000600800000| Untracked 
|   3|0x0000000600c00000, 0x0000000600fde600, 0x0000000601000000| 96%| O|  |TAMS 0x0000000600fde600, 0x0000000600c00000| Untracked 
|   4|0x0000000601000000, 0x0000000601400000, 0x0000000601400000|100%| O|  |TAMS 0x0000000601400000, 0x0000000601000000| Untracked 
|   5|0x0000000601400000, 0x0000000601800000, 0x0000000601800000|100%| O|  |TAMS 0x0000000601800000, 0x0000000601400000| Untracked 
|   6|0x0000000601800000, 0x0000000601c00000, 0x0000000601c00000|100%| O|  |TAMS 0x0000000601c00000, 0x0000000601800000| Untracked 
|   7|0x0000000601c00000, 0x0000000602000000, 0x0000000602000000|100%| O|  |TAMS 0x0000000602000000, 0x0000000601c00000| Untracked 
|   8|0x0000000602000000, 0x0000000602400000, 0x0000000602400000|100%| O|  |TAMS 0x0000000602400000, 0x0000000602000000| Untracked 
|   9|0x0000000602400000, 0x0000000602800000, 0x0000000602800000|100%| O|  |TAMS 0x0000000602800000, 0x0000000602400000| Untracked 
|  10|0x0000000602800000, 0x0000000602c00000, 0x0000000602c00000|100%|HS|  |TAMS 0x0000000602c00000, 0x0000000602800000| Complete 
|  11|0x0000000602c00000, 0x0000000603000000, 0x0000000603000000|100%| O|  |TAMS 0x0000000603000000, 0x0000000602c00000| Untracked 
|  12|0x0000000603000000, 0x0000000603400000, 0x0000000603400000|100%| O|  |TAMS 0x0000000603400000, 0x0000000603000000| Untracked 
|  13|0x0000000603400000, 0x0000000603800000, 0x0000000603800000|100%|HS|  |TAMS 0x0000000603800000, 0x0000000603400000| Complete 
|  14|0x0000000603800000, 0x0000000603c00000, 0x0000000603c00000|100%| O|  |TAMS 0x0000000603c00000, 0x0000000603800000| Untracked 
|  15|0x0000000603c00000, 0x0000000604000000, 0x0000000604000000|100%| O|  |TAMS 0x0000000604000000, 0x0000000603c00000| Untracked 
|  16|0x0000000604000000, 0x0000000604400000, 0x0000000604400000|100%| O|  |TAMS 0x0000000604400000, 0x0000000604000000| Untracked 
|  17|0x0000000604400000, 0x0000000604800000, 0x0000000604800000|100%| O|  |TAMS 0x0000000604800000, 0x0000000604400000| Untracked 
|  18|0x0000000604800000, 0x0000000604c00000, 0x0000000604c00000|100%| O|  |TAMS 0x0000000604c00000, 0x0000000604800000| Untracked 
|  19|0x0000000604c00000, 0x0000000605000000, 0x0000000605000000|100%| O|  |TAMS 0x0000000605000000, 0x0000000604c00000| Untracked 
|  20|0x0000000605000000, 0x0000000605400000, 0x0000000605400000|100%| O|  |TAMS 0x0000000605400000, 0x0000000605000000| Untracked 
|  21|0x0000000605400000, 0x0000000605800000, 0x0000000605800000|100%| O|  |TAMS 0x0000000605800000, 0x0000000605400000| Untracked 
|  22|0x0000000605800000, 0x0000000605c00000, 0x0000000605c00000|100%| O|  |TAMS 0x0000000605c00000, 0x0000000605800000| Untracked 
|  23|0x0000000605c00000, 0x0000000606000000, 0x0000000606000000|100%| O|  |TAMS 0x0000000606000000, 0x0000000605c00000| Untracked 
|  24|0x0000000606000000, 0x0000000606400000, 0x0000000606400000|100%| O|  |TAMS 0x0000000606400000, 0x0000000606000000| Untracked 
|  25|0x0000000606400000, 0x0000000606800000, 0x0000000606800000|100%| O|  |TAMS 0x0000000606800000, 0x0000000606400000| Untracked 
|  26|0x0000000606800000, 0x0000000606c00000, 0x0000000606c00000|100%| O|  |TAMS 0x0000000606c00000, 0x0000000606800000| Untracked 
|  27|0x0000000606c00000, 0x0000000607000000, 0x0000000607000000|100%| O|  |TAMS 0x0000000607000000, 0x0000000606c00000| Untracked 
|  28|0x0000000607000000, 0x0000000607400000, 0x0000000607400000|100%| O|  |TAMS 0x0000000607400000, 0x0000000607000000| Untracked 
|  29|0x0000000607400000, 0x0000000607800000, 0x0000000607800000|100%|HS|  |TAMS 0x0000000607800000, 0x0000000607400000| Complete 
|  30|0x0000000607800000, 0x0000000607c00000, 0x0000000607c00000|100%| O|  |TAMS 0x0000000607c00000, 0x0000000607800000| Untracked 
|  31|0x0000000607c00000, 0x0000000608000000, 0x0000000608000000|100%| O|  |TAMS 0x0000000608000000, 0x0000000607c00000| Untracked 
|  32|0x0000000608000000, 0x0000000608400000, 0x0000000608400000|100%| O|  |TAMS 0x0000000608400000, 0x0000000608000000| Untracked 
|  33|0x0000000608400000, 0x0000000608800000, 0x0000000608800000|100%| O|  |TAMS 0x0000000608800000, 0x0000000608400000| Untracked 
|  34|0x0000000608800000, 0x0000000608c00000, 0x0000000608c00000|100%| O|  |TAMS 0x0000000608c00000, 0x0000000608800000| Untracked 
|  35|0x0000000608c00000, 0x0000000609000000, 0x0000000609000000|100%| O|  |TAMS 0x0000000609000000, 0x0000000608c00000| Untracked 
|  36|0x0000000609000000, 0x0000000609400000, 0x0000000609400000|100%| O|  |TAMS 0x0000000609400000, 0x0000000609000000| Untracked 
|  37|0x0000000609400000, 0x0000000609800000, 0x0000000609800000|100%| O|  |TAMS 0x0000000609800000, 0x0000000609400000| Untracked 
|  38|0x0000000609800000, 0x0000000609c00000, 0x0000000609c00000|100%|HS|  |TAMS 0x0000000609c00000, 0x0000000609800000| Complete 
|  39|0x0000000609c00000, 0x000000060a000000, 0x000000060a000000|100%| O|  |TAMS 0x000000060a000000, 0x0000000609c00000| Untracked 
|  40|0x000000060a000000, 0x000000060a400000, 0x000000060a400000|100%| O|  |TAMS 0x000000060a400000, 0x000000060a000000| Untracked 
|  41|0x000000060a400000, 0x000000060a800000, 0x000000060a800000|100%| O|  |TAMS 0x000000060a800000, 0x000000060a400000| Untracked 
|  42|0x000000060a800000, 0x000000060ac00000, 0x000000060ac00000|100%| O|  |TAMS 0x000000060ac00000, 0x000000060a800000| Untracked 
|  43|0x000000060ac00000, 0x000000060b000000, 0x000000060b000000|100%| O|  |TAMS 0x000000060b000000, 0x000000060ac00000| Untracked 
|  44|0x000000060b000000, 0x000000060b400000, 0x000000060b400000|100%| O|  |TAMS 0x000000060b400000, 0x000000060b000000| Untracked 
|  45|0x000000060b400000, 0x000000060b800000, 0x000000060b800000|100%| O|  |TAMS 0x000000060b800000, 0x000000060b400000| Untracked 
|  46|0x000000060b800000, 0x000000060bc00000, 0x000000060bc00000|100%| O|  |TAMS 0x000000060bc00000, 0x000000060b800000| Untracked 
|  47|0x000000060bc00000, 0x000000060c000000, 0x000000060c000000|100%| O|  |TAMS 0x000000060c000000, 0x000000060bc00000| Untracked 
|  48|0x000000060c000000, 0x000000060c400000, 0x000000060c400000|100%| O|  |TAMS 0x000000060c400000, 0x000000060c000000| Untracked 
|  49|0x000000060c400000, 0x000000060c800000, 0x000000060c800000|100%| O|  |TAMS 0x000000060c400000, 0x000000060c400000| Untracked 
|  50|0x000000060c800000, 0x000000060cc00000, 0x000000060cc00000|100%| O|  |TAMS 0x000000060cc00000, 0x000000060c800000| Untracked 
|  51|0x000000060cc00000, 0x000000060d000000, 0x000000060d000000|100%| O|  |TAMS 0x000000060d000000, 0x000000060cc00000| Untracked 
|  52|0x000000060d000000, 0x000000060d400000, 0x000000060d400000|100%| O|  |TAMS 0x000000060d400000, 0x000000060d000000| Untracked 
|  53|0x000000060d400000, 0x000000060d800000, 0x000000060d800000|100%| O|  |TAMS 0x000000060d800000, 0x000000060d400000| Untracked 
|  54|0x000000060d800000, 0x000000060dc00000, 0x000000060dc00000|100%| O|  |TAMS 0x000000060dc00000, 0x000000060d800000| Untracked 
|  55|0x000000060dc00000, 0x000000060e000000, 0x000000060e000000|100%| O|  |TAMS 0x000000060e000000, 0x000000060dc00000| Untracked 
|  56|0x000000060e000000, 0x000000060e400000, 0x000000060e400000|100%| O|  |TAMS 0x000000060e400000, 0x000000060e000000| Untracked 
|  57|0x000000060e400000, 0x000000060e800000, 0x000000060e800000|100%| O|  |TAMS 0x000000060e800000, 0x000000060e400000| Untracked 
|  58|0x000000060e800000, 0x000000060ec00000, 0x000000060ec00000|100%| O|  |TAMS 0x000000060ec00000, 0x000000060e800000| Untracked 
|  59|0x000000060ec00000, 0x000000060f000000, 0x000000060f000000|100%| O|  |TAMS 0x000000060f000000, 0x000000060ec00000| Untracked 
|  60|0x000000060f000000, 0x000000060f400000, 0x000000060f400000|100%| O|  |TAMS 0x000000060f149a00, 0x000000060f000000| Untracked 
|  61|0x000000060f400000, 0x000000060f800000, 0x000000060f800000|100%| O|  |TAMS 0x000000060f400000, 0x000000060f400000| Untracked 
|  62|0x000000060f800000, 0x000000060fc00000, 0x000000060fc00000|100%| O|  |TAMS 0x000000060f800000, 0x000000060f800000| Untracked 
|  63|0x000000060fc00000, 0x0000000610000000, 0x0000000610000000|100%| O|  |TAMS 0x000000060fc00000, 0x000000060fc00000| Untracked 
|  64|0x0000000610000000, 0x0000000610400000, 0x0000000610400000|100%| O|  |TAMS 0x0000000610000000, 0x0000000610000000| Untracked 
|  65|0x0000000610400000, 0x0000000610800000, 0x0000000610800000|100%| O|  |TAMS 0x0000000610400000, 0x0000000610400000| Untracked 
|  66|0x0000000610800000, 0x0000000610c00000, 0x0000000610c00000|100%| O|  |TAMS 0x0000000610800000, 0x0000000610800000| Untracked 
|  67|0x0000000610c00000, 0x0000000611000000, 0x0000000611000000|100%| O|  |TAMS 0x0000000610c00000, 0x0000000610c00000| Untracked 
|  68|0x0000000611000000, 0x0000000611400000, 0x0000000611400000|100%| O|  |TAMS 0x0000000611000000, 0x0000000611000000| Untracked 
|  69|0x0000000611400000, 0x0000000611800000, 0x0000000611800000|100%| O|  |TAMS 0x0000000611400000, 0x0000000611400000| Untracked 
|  70|0x0000000611800000, 0x0000000611c00000, 0x0000000611c00000|100%| O|  |TAMS 0x0000000611800000, 0x0000000611800000| Untracked 
|  71|0x0000000611c00000, 0x0000000612000000, 0x0000000612000000|100%| O|  |TAMS 0x0000000611c00000, 0x0000000611c00000| Untracked 
|  72|0x0000000612000000, 0x0000000612400000, 0x0000000612400000|100%| O|  |TAMS 0x0000000612000000, 0x0000000612000000| Untracked 
|  73|0x0000000612400000, 0x0000000612800000, 0x0000000612800000|100%| O|  |TAMS 0x0000000612400000, 0x0000000612400000| Untracked 
|  74|0x0000000612800000, 0x0000000612c00000, 0x0000000612c00000|100%| O|  |TAMS 0x0000000612800000, 0x0000000612800000| Untracked 
|  75|0x0000000612c00000, 0x0000000613000000, 0x0000000613000000|100%| O|  |TAMS 0x0000000612c00000, 0x0000000612c00000| Untracked 
|  76|0x0000000613000000, 0x0000000613400000, 0x0000000613400000|100%| O|  |TAMS 0x0000000613000000, 0x0000000613000000| Untracked 
|  77|0x0000000613400000, 0x0000000613800000, 0x0000000613800000|100%| O|  |TAMS 0x0000000613400000, 0x0000000613400000| Untracked 
|  78|0x0000000613800000, 0x0000000613c00000, 0x0000000613c00000|100%| O|  |TAMS 0x0000000613800000, 0x0000000613800000| Untracked 
|  79|0x0000000613c00000, 0x0000000614000000, 0x0000000614000000|100%| O|  |TAMS 0x0000000613c00000, 0x0000000613c00000| Untracked 
|  80|0x0000000614000000, 0x0000000614400000, 0x0000000614400000|100%| O|  |TAMS 0x0000000614000000, 0x0000000614000000| Untracked 
|  81|0x0000000614400000, 0x0000000614800000, 0x0000000614800000|100%| O|  |TAMS 0x0000000614400000, 0x0000000614400000| Untracked 
|  82|0x0000000614800000, 0x0000000614b7f780, 0x0000000614c00000| 87%| O|  |TAMS 0x0000000614800000, 0x0000000614800000| Untracked 
|  83|0x0000000614c00000, 0x0000000614c00000, 0x0000000615000000|  0%| F|  |TAMS 0x0000000614c00000, 0x0000000614c00000| Untracked 
|  84|0x0000000615000000, 0x0000000615000000, 0x0000000615400000|  0%| F|  |TAMS 0x0000000615000000, 0x0000000615000000| Untracked 
|  85|0x0000000615400000, 0x0000000615400000, 0x0000000615800000|  0%| F|  |TAMS 0x0000000615400000, 0x0000000615400000| Untracked 
|  86|0x0000000615800000, 0x0000000615800000, 0x0000000615c00000|  0%| F|  |TAMS 0x0000000615800000, 0x0000000615800000| Untracked 
|  87|0x0000000615c00000, 0x0000000615c00000, 0x0000000616000000|  0%| F|  |TAMS 0x0000000615c00000, 0x0000000615c00000| Untracked 
|  88|0x0000000616000000, 0x0000000616000000, 0x0000000616400000|  0%| F|  |TAMS 0x0000000616000000, 0x0000000616000000| Untracked 
|  89|0x0000000616400000, 0x0000000616400000, 0x0000000616800000|  0%| F|  |TAMS 0x0000000616400000, 0x0000000616400000| Untracked 
|  90|0x0000000616800000, 0x0000000616800000, 0x0000000616c00000|  0%| F|  |TAMS 0x0000000616800000, 0x0000000616800000| Untracked 
|  91|0x0000000616c00000, 0x0000000616c00000, 0x0000000617000000|  0%| F|  |TAMS 0x0000000616c00000, 0x0000000616c00000| Untracked 
|  92|0x0000000617000000, 0x0000000617000000, 0x0000000617400000|  0%| F|  |TAMS 0x0000000617000000, 0x0000000617000000| Untracked 
|  93|0x0000000617400000, 0x0000000617400000, 0x0000000617800000|  0%| F|  |TAMS 0x0000000617400000, 0x0000000617400000| Untracked 
|  94|0x0000000617800000, 0x0000000617800000, 0x0000000617c00000|  0%| F|  |TAMS 0x0000000617800000, 0x0000000617800000| Untracked 
|  95|0x0000000617c00000, 0x0000000617c00000, 0x0000000618000000|  0%| F|  |TAMS 0x0000000617c00000, 0x0000000617c00000| Untracked 
|  96|0x0000000618000000, 0x0000000618000000, 0x0000000618400000|  0%| F|  |TAMS 0x0000000618000000, 0x0000000618000000| Untracked 
|  97|0x0000000618400000, 0x0000000618400000, 0x0000000618800000|  0%| F|  |TAMS 0x0000000618400000, 0x0000000618400000| Untracked 
|  98|0x0000000618800000, 0x0000000618800000, 0x0000000618c00000|  0%| F|  |TAMS 0x0000000618800000, 0x0000000618800000| Untracked 
|  99|0x0000000618c00000, 0x0000000618c00000, 0x0000000619000000|  0%| F|  |TAMS 0x0000000618c00000, 0x0000000618c00000| Untracked 
| 100|0x0000000619000000, 0x0000000619000000, 0x0000000619400000|  0%| F|  |TAMS 0x0000000619000000, 0x0000000619000000| Untracked 
| 101|0x0000000619400000, 0x0000000619400000, 0x0000000619800000|  0%| F|  |TAMS 0x0000000619400000, 0x0000000619400000| Untracked 
| 102|0x0000000619800000, 0x0000000619800000, 0x0000000619c00000|  0%| F|  |TAMS 0x0000000619800000, 0x0000000619800000| Untracked 
| 103|0x0000000619c00000, 0x0000000619c00000, 0x000000061a000000|  0%| F|  |TAMS 0x0000000619c00000, 0x0000000619c00000| Untracked 
| 104|0x000000061a000000, 0x000000061a400000, 0x000000061a400000|100%| E|CS|TAMS 0x000000061a000000, 0x000000061a000000| Complete 
| 105|0x000000061a400000, 0x000000061a800000, 0x000000061a800000|100%| E|CS|TAMS 0x000000061a400000, 0x000000061a400000| Complete 
| 106|0x000000061a800000, 0x000000061ac00000, 0x000000061ac00000|100%| E|CS|TAMS 0x000000061a800000, 0x000000061a800000| Complete 
| 107|0x000000061ac00000, 0x000000061b000000, 0x000000061b000000|100%| E|CS|TAMS 0x000000061ac00000, 0x000000061ac00000| Complete 
| 108|0x000000061b000000, 0x000000061b400000, 0x000000061b400000|100%| E|CS|TAMS 0x000000061b000000, 0x000000061b000000| Complete 
| 109|0x000000061b400000, 0x000000061b800000, 0x000000061b800000|100%| E|CS|TAMS 0x000000061b400000, 0x000000061b400000| Complete 
| 110|0x000000061b800000, 0x000000061bc00000, 0x000000061bc00000|100%| E|CS|TAMS 0x000000061b800000, 0x000000061b800000| Complete 
| 111|0x000000061bc00000, 0x000000061c000000, 0x000000061c000000|100%| E|CS|TAMS 0x000000061bc00000, 0x000000061bc00000| Complete 
| 112|0x000000061c000000, 0x000000061c400000, 0x000000061c400000|100%| E|CS|TAMS 0x000000061c000000, 0x000000061c000000| Complete 
| 113|0x000000061c400000, 0x000000061c400000, 0x000000061c800000|  0%| F|  |TAMS 0x000000061c400000, 0x000000061c400000| Untracked 
| 114|0x000000061c800000, 0x000000061c800000, 0x000000061cc00000|  0%| F|  |TAMS 0x000000061c800000, 0x000000061c800000| Untracked 
| 115|0x000000061cc00000, 0x000000061cef7f40, 0x000000061d000000| 74%| S|  |TAMS 0x000000061cc00000, 0x000000061cc00000| Complete 
| 116|0x000000061d000000, 0x000000061d400000, 0x000000061d400000|100%| S|  |TAMS 0x000000061d000000, 0x000000061d000000| Complete 
| 117|0x000000061d400000, 0x000000061d800000, 0x000000061d800000|100%| S|  |TAMS 0x000000061d400000, 0x000000061d400000| Complete 
| 118|0x000000061d800000, 0x000000061dc00000, 0x000000061dc00000|100%| S|  |TAMS 0x000000061d800000, 0x000000061d800000| Complete 
| 119|0x000000061dc00000, 0x000000061e000000, 0x000000061e000000|100%| E|CS|TAMS 0x000000061dc00000, 0x000000061dc00000| Complete 
| 120|0x000000061e000000, 0x000000061e400000, 0x000000061e400000|100%| E|CS|TAMS 0x000000061e000000, 0x000000061e000000| Complete 
| 121|0x000000061e400000, 0x000000061e800000, 0x000000061e800000|100%| S|  |TAMS 0x000000061e400000, 0x000000061e400000| Complete 
| 122|0x000000061e800000, 0x000000061ec00000, 0x000000061ec00000|100%| S|  |TAMS 0x000000061e800000, 0x000000061e800000| Complete 
| 123|0x000000061ec00000, 0x000000061f000000, 0x000000061f000000|100%| S|  |TAMS 0x000000061ec00000, 0x000000061ec00000| Complete 
| 124|0x000000061f000000, 0x000000061f400000, 0x000000061f400000|100%| S|  |TAMS 0x000000061f000000, 0x000000061f000000| Complete 
| 125|0x000000061f400000, 0x000000061f800000, 0x000000061f800000|100%| E|CS|TAMS 0x000000061f400000, 0x000000061f400000| Complete 
| 126|0x000000061f800000, 0x000000061fc00000, 0x000000061fc00000|100%| E|CS|TAMS 0x000000061f800000, 0x000000061f800000| Complete 
| 127|0x000000061fc00000, 0x0000000620000000, 0x0000000620000000|100%| E|CS|TAMS 0x000000061fc00000, 0x000000061fc00000| Complete 
| 128|0x0000000620000000, 0x0000000620400000, 0x0000000620400000|100%| E|CS|TAMS 0x0000000620000000, 0x0000000620000000| Complete 
| 129|0x0000000620400000, 0x0000000620800000, 0x0000000620800000|100%| E|CS|TAMS 0x0000000620400000, 0x0000000620400000| Complete 
| 130|0x0000000620800000, 0x0000000620c00000, 0x0000000620c00000|100%| E|CS|TAMS 0x0000000620800000, 0x0000000620800000| Complete 
| 131|0x0000000620c00000, 0x0000000621000000, 0x0000000621000000|100%| E|CS|TAMS 0x0000000620c00000, 0x0000000620c00000| Complete 
| 132|0x0000000621000000, 0x0000000621400000, 0x0000000621400000|100%| E|CS|TAMS 0x0000000621000000, 0x0000000621000000| Complete 
| 133|0x0000000621400000, 0x0000000621800000, 0x0000000621800000|100%| E|CS|TAMS 0x0000000621400000, 0x0000000621400000| Complete 
| 134|0x0000000621800000, 0x0000000621c00000, 0x0000000621c00000|100%| E|CS|TAMS 0x0000000621800000, 0x0000000621800000| Complete 
| 135|0x0000000621c00000, 0x0000000622000000, 0x0000000622000000|100%| E|CS|TAMS 0x0000000621c00000, 0x0000000621c00000| Complete 
| 136|0x0000000622000000, 0x0000000622400000, 0x0000000622400000|100%| E|CS|TAMS 0x0000000622000000, 0x0000000622000000| Complete 
| 137|0x0000000622400000, 0x0000000622800000, 0x0000000622800000|100%| E|CS|TAMS 0x0000000622400000, 0x0000000622400000| Complete 
| 138|0x0000000622800000, 0x0000000622c00000, 0x0000000622c00000|100%| E|CS|TAMS 0x0000000622800000, 0x0000000622800000| Complete 
| 139|0x0000000622c00000, 0x0000000623000000, 0x0000000623000000|100%| E|CS|TAMS 0x0000000622c00000, 0x0000000622c00000| Complete 
| 140|0x0000000623000000, 0x0000000623400000, 0x0000000623400000|100%| E|CS|TAMS 0x0000000623000000, 0x0000000623000000| Complete 
| 141|0x0000000623400000, 0x0000000623800000, 0x0000000623800000|100%| E|CS|TAMS 0x0000000623400000, 0x0000000623400000| Complete 
| 142|0x0000000623800000, 0x0000000623c00000, 0x0000000623c00000|100%| E|CS|TAMS 0x0000000623800000, 0x0000000623800000| Complete 
| 143|0x0000000623c00000, 0x0000000624000000, 0x0000000624000000|100%| E|CS|TAMS 0x0000000623c00000, 0x0000000623c00000| Complete 
| 144|0x0000000624000000, 0x0000000624400000, 0x0000000624400000|100%| E|CS|TAMS 0x0000000624000000, 0x0000000624000000| Complete 
| 145|0x0000000624400000, 0x0000000624800000, 0x0000000624800000|100%| E|CS|TAMS 0x0000000624400000, 0x0000000624400000| Complete 
| 146|0x0000000624800000, 0x0000000624c00000, 0x0000000624c00000|100%| E|CS|TAMS 0x0000000624800000, 0x0000000624800000| Complete 
| 147|0x0000000624c00000, 0x0000000625000000, 0x0000000625000000|100%| E|CS|TAMS 0x0000000624c00000, 0x0000000624c00000| Complete 
| 148|0x0000000625000000, 0x0000000625400000, 0x0000000625400000|100%| E|CS|TAMS 0x0000000625000000, 0x0000000625000000| Complete 
| 149|0x0000000625400000, 0x0000000625800000, 0x0000000625800000|100%| E|CS|TAMS 0x0000000625400000, 0x0000000625400000| Complete 
| 150|0x0000000625800000, 0x0000000625c00000, 0x0000000625c00000|100%| E|CS|TAMS 0x0000000625800000, 0x0000000625800000| Complete 
| 151|0x0000000625c00000, 0x0000000626000000, 0x0000000626000000|100%| E|CS|TAMS 0x0000000625c00000, 0x0000000625c00000| Complete 
| 152|0x0000000626000000, 0x0000000626400000, 0x0000000626400000|100%| E|CS|TAMS 0x0000000626000000, 0x0000000626000000| Complete 
| 153|0x0000000626400000, 0x0000000626800000, 0x0000000626800000|100%| E|CS|TAMS 0x0000000626400000, 0x0000000626400000| Complete 
| 154|0x0000000626800000, 0x0000000626c00000, 0x0000000626c00000|100%| E|CS|TAMS 0x0000000626800000, 0x0000000626800000| Complete 
| 155|0x0000000626c00000, 0x0000000627000000, 0x0000000627000000|100%| E|CS|TAMS 0x0000000626c00000, 0x0000000626c00000| Complete 
| 156|0x0000000627000000, 0x0000000627400000, 0x0000000627400000|100%| E|CS|TAMS 0x0000000627000000, 0x0000000627000000| Complete 
| 157|0x0000000627400000, 0x0000000627800000, 0x0000000627800000|100%| E|CS|TAMS 0x0000000627400000, 0x0000000627400000| Complete 
| 158|0x0000000627800000, 0x0000000627c00000, 0x0000000627c00000|100%| E|CS|TAMS 0x0000000627800000, 0x0000000627800000| Complete 
| 159|0x0000000627c00000, 0x0000000628000000, 0x0000000628000000|100%| E|CS|TAMS 0x0000000627c00000, 0x0000000627c00000| Complete 
| 160|0x0000000628000000, 0x0000000628400000, 0x0000000628400000|100%| E|CS|TAMS 0x0000000628000000, 0x0000000628000000| Complete 
| 161|0x0000000628400000, 0x0000000628800000, 0x0000000628800000|100%| E|CS|TAMS 0x0000000628400000, 0x0000000628400000| Complete 
| 162|0x0000000628800000, 0x0000000628c00000, 0x0000000628c00000|100%| E|CS|TAMS 0x0000000628800000, 0x0000000628800000| Complete 
| 163|0x0000000628c00000, 0x0000000629000000, 0x0000000629000000|100%| E|CS|TAMS 0x0000000628c00000, 0x0000000628c00000| Complete 
| 164|0x0000000629000000, 0x0000000629400000, 0x0000000629400000|100%| E|CS|TAMS 0x0000000629000000, 0x0000000629000000| Complete 
| 165|0x0000000629400000, 0x0000000629800000, 0x0000000629800000|100%| E|CS|TAMS 0x0000000629400000, 0x0000000629400000| Complete 
| 166|0x0000000629800000, 0x0000000629c00000, 0x0000000629c00000|100%| E|CS|TAMS 0x0000000629800000, 0x0000000629800000| Complete 
| 167|0x0000000629c00000, 0x000000062a000000, 0x000000062a000000|100%| E|CS|TAMS 0x0000000629c00000, 0x0000000629c00000| Complete 
| 168|0x000000062a000000, 0x000000062a400000, 0x000000062a400000|100%| E|CS|TAMS 0x000000062a000000, 0x000000062a000000| Complete 
| 169|0x000000062a400000, 0x000000062a800000, 0x000000062a800000|100%| E|CS|TAMS 0x000000062a400000, 0x000000062a400000| Complete 
| 170|0x000000062a800000, 0x000000062ac00000, 0x000000062ac00000|100%| E|CS|TAMS 0x000000062a800000, 0x000000062a800000| Complete 
| 171|0x000000062ac00000, 0x000000062b000000, 0x000000062b000000|100%| E|CS|TAMS 0x000000062ac00000, 0x000000062ac00000| Complete 
| 172|0x000000062b000000, 0x000000062b400000, 0x000000062b400000|100%| E|CS|TAMS 0x000000062b000000, 0x000000062b000000| Complete 
| 173|0x000000062b400000, 0x000000062b800000, 0x000000062b800000|100%| E|CS|TAMS 0x000000062b400000, 0x000000062b400000| Complete 
| 174|0x000000062b800000, 0x000000062bc00000, 0x000000062bc00000|100%| E|CS|TAMS 0x000000062b800000, 0x000000062b800000| Complete 
| 175|0x000000062bc00000, 0x000000062c000000, 0x000000062c000000|100%| E|CS|TAMS 0x000000062bc00000, 0x000000062bc00000| Complete 
| 176|0x000000062c000000, 0x000000062c400000, 0x000000062c400000|100%| E|CS|TAMS 0x000000062c000000, 0x000000062c000000| Complete 
| 177|0x000000062c400000, 0x000000062c800000, 0x000000062c800000|100%| E|CS|TAMS 0x000000062c400000, 0x000000062c400000| Complete 
| 178|0x000000062c800000, 0x000000062cc00000, 0x000000062cc00000|100%| E|CS|TAMS 0x000000062c800000, 0x000000062c800000| Complete 
| 179|0x000000062cc00000, 0x000000062d000000, 0x000000062d000000|100%| E|CS|TAMS 0x000000062cc00000, 0x000000062cc00000| Complete 
| 180|0x000000062d000000, 0x000000062d400000, 0x000000062d400000|100%| E|CS|TAMS 0x000000062d000000, 0x000000062d000000| Complete 
| 181|0x000000062d400000, 0x000000062d800000, 0x000000062d800000|100%| E|CS|TAMS 0x000000062d400000, 0x000000062d400000| Complete 
| 182|0x000000062d800000, 0x000000062dc00000, 0x000000062dc00000|100%| E|CS|TAMS 0x000000062d800000, 0x000000062d800000| Complete 
| 183|0x000000062dc00000, 0x000000062e000000, 0x000000062e000000|100%| E|CS|TAMS 0x000000062dc00000, 0x000000062dc00000| Complete 
| 184|0x000000062e000000, 0x000000062e400000, 0x000000062e400000|100%| E|CS|TAMS 0x000000062e000000, 0x000000062e000000| Complete 
| 185|0x000000062e400000, 0x000000062e800000, 0x000000062e800000|100%| E|CS|TAMS 0x000000062e400000, 0x000000062e400000| Complete 
| 186|0x000000062e800000, 0x000000062ec00000, 0x000000062ec00000|100%| E|CS|TAMS 0x000000062e800000, 0x000000062e800000| Complete 
| 187|0x000000062ec00000, 0x000000062f000000, 0x000000062f000000|100%| E|CS|TAMS 0x000000062ec00000, 0x000000062ec00000| Complete 
| 188|0x000000062f000000, 0x000000062f400000, 0x000000062f400000|100%| E|CS|TAMS 0x000000062f000000, 0x000000062f000000| Complete 
| 189|0x000000062f400000, 0x000000062f800000, 0x000000062f800000|100%| E|CS|TAMS 0x000000062f400000, 0x000000062f400000| Complete 
| 190|0x000000062f800000, 0x000000062fc00000, 0x000000062fc00000|100%| E|CS|TAMS 0x000000062f800000, 0x000000062f800000| Complete 
| 191|0x000000062fc00000, 0x0000000630000000, 0x0000000630000000|100%| E|CS|TAMS 0x000000062fc00000, 0x000000062fc00000| Complete 
| 192|0x0000000630000000, 0x0000000630400000, 0x0000000630400000|100%| E|CS|TAMS 0x0000000630000000, 0x0000000630000000| Complete 
| 193|0x0000000630400000, 0x0000000630800000, 0x0000000630800000|100%| E|CS|TAMS 0x0000000630400000, 0x0000000630400000| Complete 
| 194|0x0000000630800000, 0x0000000630c00000, 0x0000000630c00000|100%| E|CS|TAMS 0x0000000630800000, 0x0000000630800000| Complete 
| 195|0x0000000630c00000, 0x0000000631000000, 0x0000000631000000|100%| E|CS|TAMS 0x0000000630c00000, 0x0000000630c00000| Complete 
| 196|0x0000000631000000, 0x0000000631400000, 0x0000000631400000|100%| E|CS|TAMS 0x0000000631000000, 0x0000000631000000| Complete 

Card table byte_map: [0x00000279fbd80000,0x00000279fcd80000] _byte_map_base: 0x00000279f8d80000

Marking Bits (Prev, Next): (CMBitMap*) 0x00000279fa5f3280, (CMBitMap*) 0x00000279fa5f32c0
 Prev Bits: [0x00000279a7aa0000, 0x00000279afaa0000)
 Next Bits: [0x00000279afaa0000, 0x00000279b7aa0000)

Polling page: 0x00000279f84d0000

Metaspace:

Usage:
  Non-class:    105.25 MB used.
      Class:     16.70 MB used.
       Both:    121.95 MB used.

Virtual space:
  Non-class space:      128.00 MB reserved,     106.38 MB ( 83%) committed,  2 nodes.
      Class space:        1.00 GB reserved,      17.69 MB (  2%) committed,  1 nodes.
             Both:        1.12 GB reserved,     124.06 MB ( 11%) committed. 

Chunk freelists:
   Non-Class:  4.94 MB
       Class:  14.14 MB
        Both:  19.08 MB

MaxMetaspaceSize: 4.00 GB
CompressedClassSpaceSize: 1.00 GB
Initial GC threshold: 21.00 MB
Current GC threshold: 190.31 MB
CDS: on
MetaspaceReclaimPolicy: balanced
 - commit_granule_bytes: 65536.
 - commit_granule_words: 8192.
 - virtual_space_node_default_size: 8388608.
 - enlarge_chunks_in_place: 1.
 - new_chunks_are_fully_committed: 0.
 - uncommit_free_chunks: 1.
 - use_allocation_guard: 0.
 - handle_deallocations: 1.


Internal statistics:

num_allocs_failed_limit: 9.
num_arena_births: 3172.
num_arena_deaths: 0.
num_vsnodes_births: 3.
num_vsnodes_deaths: 0.
num_space_committed: 1984.
num_space_uncommitted: 0.
num_chunks_returned_to_freelist: 9.
num_chunks_taken_from_freelist: 9413.
num_chunk_merges: 9.
num_chunk_splits: 5640.
num_chunks_enlarged: 2993.
num_inconsistent_stats: 0.

CodeHeap 'non-profiled nmethods': size=259264Kb used=17508Kb max_used=17508Kb free=241755Kb
 bounds [0x0000027997d70000, 0x0000027998e90000, 0x00000279a7aa0000]
CodeHeap 'profiled nmethods': size=259264Kb used=37939Kb max_used=37939Kb free=221324Kb
 bounds [0x0000027987aa0000, 0x0000027989fb0000, 0x00000279977d0000]
CodeHeap 'non-nmethods': size=5760Kb used=2491Kb max_used=2556Kb free=3268Kb
 bounds [0x00000279977d0000, 0x0000027997a60000, 0x0000027997d70000]
 total_blobs=20610 nmethods=19574 adapters=946
 compilation: enabled
              stopped_count=0, restarted_count=0
 full_count=0

Compilation events (20 events):
Event: 160.304 Thread 0x0000027a4d3f1b40 23991       4       org.gradle.execution.plan.Node::isComplete (43 bytes)
Event: 160.306 Thread 0x0000027a4d3f1b40 nmethod 23991 0x0000027998e87810 code [0x0000027998e879a0, 0x0000027998e87a78]
Event: 160.311 Thread 0x0000027a45115fa0 23992       3       java.io.StringWriter::write (53 bytes)
Event: 160.313 Thread 0x0000027a45115fa0 nmethod 23992 0x0000027989faa410 code [0x0000027989faa600, 0x0000027989faaaf8]
Event: 160.314 Thread 0x0000027a45115fa0 23993       3       org.gradle.api.internal.tasks.properties.OutputUnpacker$UnpackedOutputConsumer$1::visitUnpackedOutputFileProperty (29 bytes)
Event: 160.315 Thread 0x0000027a45115fa0 nmethod 23993 0x0000027989faac90 code [0x0000027989faae40, 0x0000027989fab138]
Event: 160.315 Thread 0x0000027a45115fa0 23994       3       org.gradle.api.internal.tasks.properties.DefaultTaskProperties$ValidationVisitor::visitUnpackedOutputFileProperty (40 bytes)
Event: 160.316 Thread 0x0000027a45115fa0 nmethod 23994 0x0000027989fab290 code [0x0000027989fab4e0, 0x0000027989fabf18]
Event: 160.316 Thread 0x0000027a45115fa0 23995       3       org.gradle.api.internal.tasks.properties.DefaultTaskProperties$ValidationVisitor$$Lambda$1641/0x0000027a01981d30::<init> (10 bytes)
Event: 160.317 Thread 0x0000027a45115fa0 nmethod 23995 0x0000027989fac310 code [0x0000027989fac4c0, 0x0000027989fac678]
Event: 160.317 Thread 0x0000027a45115fa0 23996       3       org.gradle.api.internal.tasks.properties.DefaultTaskProperties$ResolvingValue::<init> (15 bytes)
Event: 160.317 Thread 0x0000027a45115fa0 nmethod 23996 0x0000027989fac710 code [0x0000027989fac8c0, 0x0000027989facaf8]
Event: 160.317 Thread 0x0000027a45115fa0 23997       3       org.gradle.api.internal.tasks.properties.ValidationActions::outputValidationActionFor (87 bytes)
Event: 160.319 Thread 0x0000027a45115fa0 nmethod 23997 0x0000027989facb90 code [0x0000027989face20, 0x0000027989fad938]
Event: 160.324 Thread 0x0000027a4d3ee620 23998       4       java.util.regex.Matcher::search (154 bytes)
Event: 160.327 Thread 0x0000027a4d3f1b40 23999       4       java.util.regex.Pattern$StartS::match (138 bytes)
Event: 160.334 Thread 0x0000027a4d3f1b40 nmethod 23999 0x0000027998e87b90 code [0x0000027998e87d40, 0x0000027998e88078]
Event: 160.334 Thread 0x0000027a4d3f1b40 24000       4       kotlin.sequences.GeneratorSequence$iterator$1::hasNext (25 bytes)
Event: 160.336 Thread 0x0000027a4d3ee620 nmethod 23998 0x0000027998e88390 code [0x0000027998e88560, 0x0000027998e88c48]
Event: 160.336 Thread 0x0000027a4d3ee620 24001       4       kotlin.sequences.GeneratorSequence$iterator$1::calcNext (65 bytes)

GC Heap History (20 events):
Event: 34.720 GC heap before
{Heap before GC invocations=46 (full 0):
 garbage-first heap   total 446464K, used 219585K [0x0000000600000000, 0x0000000800000000)
  region size 4096K, 5 young (20480K), 3 survivors (12288K)
 Metaspace       used 105505K, committed 106816K, reserved 1179648K
  class space    used 14695K, committed 15296K, reserved 1048576K
}
Event: 34.729 GC heap after
{Heap after GC invocations=47 (full 0):
 garbage-first heap   total 536576K, used 215546K [0x0000000600000000, 0x0000000800000000)
  region size 4096K, 1 young (4096K), 1 survivors (4096K)
 Metaspace       used 105505K, committed 106816K, reserved 1179648K
  class space    used 14695K, committed 15296K, reserved 1048576K
}
Event: 36.079 GC heap before
{Heap before GC invocations=47 (full 0):
 garbage-first heap   total 536576K, used 399866K [0x0000000600000000, 0x0000000800000000)
  region size 4096K, 47 young (192512K), 1 survivors (4096K)
 Metaspace       used 105655K, committed 107008K, reserved 1179648K
  class space    used 14713K, committed 15360K, reserved 1048576K
}
Event: 36.090 GC heap after
{Heap after GC invocations=48 (full 0):
 garbage-first heap   total 536576K, used 220963K [0x0000000600000000, 0x0000000800000000)
  region size 4096K, 3 young (12288K), 3 survivors (12288K)
 Metaspace       used 105655K, committed 107008K, reserved 1179648K
  class space    used 14713K, committed 15360K, reserved 1048576K
}
Event: 37.167 GC heap before
{Heap before GC invocations=48 (full 0):
 garbage-first heap   total 536576K, used 413475K [0x0000000600000000, 0x0000000800000000)
  region size 4096K, 51 young (208896K), 3 survivors (12288K)
 Metaspace       used 105907K, committed 107264K, reserved 1179648K
  class space    used 14758K, committed 15424K, reserved 1048576K
}
Event: 37.182 GC heap after
{Heap after GC invocations=49 (full 0):
 garbage-first heap   total 536576K, used 232612K [0x0000000600000000, 0x0000000800000000)
  region size 4096K, 5 young (20480K), 5 survivors (20480K)
 Metaspace       used 105907K, committed 107264K, reserved 1179648K
  class space    used 14758K, committed 15424K, reserved 1048576K
}
Event: 38.359 GC heap before
{Heap before GC invocations=49 (full 0):
 garbage-first heap   total 536576K, used 421028K [0x0000000600000000, 0x0000000800000000)
  region size 4096K, 52 young (212992K), 5 survivors (20480K)
 Metaspace       used 106623K, committed 108160K, reserved 1179648K
  class space    used 14872K, committed 15616K, reserved 1048576K
}
Event: 38.389 GC heap after
{Heap after GC invocations=50 (full 0):
 garbage-first heap   total 536576K, used 248764K [0x0000000600000000, 0x0000000800000000)
  region size 4096K, 7 young (28672K), 7 survivors (28672K)
 Metaspace       used 106623K, committed 108160K, reserved 1179648K
  class space    used 14872K, committed 15616K, reserved 1048576K
}
Event: 39.271 GC heap before
{Heap before GC invocations=50 (full 0):
 garbage-first heap   total 536576K, used 420796K [0x0000000600000000, 0x0000000800000000)
  region size 4096K, 50 young (204800K), 7 survivors (28672K)
 Metaspace       used 106886K, committed 108416K, reserved 1179648K
  class space    used 14913K, committed 15616K, reserved 1048576K
}
Event: 39.297 GC heap after
{Heap after GC invocations=51 (full 0):
 garbage-first heap   total 536576K, used 262029K [0x0000000600000000, 0x0000000800000000)
  region size 4096K, 4 young (16384K), 4 survivors (16384K)
 Metaspace       used 106886K, committed 108416K, reserved 1179648K
  class space    used 14913K, committed 15616K, reserved 1048576K
}
Event: 42.165 GC heap before
{Heap before GC invocations=51 (full 0):
 garbage-first heap   total 536576K, used 425869K [0x0000000600000000, 0x0000000800000000)
  region size 4096K, 44 young (180224K), 4 survivors (16384K)
 Metaspace       used 114677K, committed 116352K, reserved 1179648K
  class space    used 15998K, committed 16768K, reserved 1048576K
}
Event: 42.203 GC heap after
{Heap after GC invocations=52 (full 0):
 garbage-first heap   total 806912K, used 283717K [0x0000000600000000, 0x0000000800000000)
  region size 4096K, 6 young (24576K), 6 survivors (24576K)
 Metaspace       used 114677K, committed 116352K, reserved 1179648K
  class space    used 15998K, committed 16768K, reserved 1048576K
}
Event: 49.662 GC heap before
{Heap before GC invocations=53 (full 0):
 garbage-first heap   total 806912K, used 623685K [0x0000000600000000, 0x0000000800000000)
  region size 4096K, 90 young (368640K), 6 survivors (24576K)
 Metaspace       used 118782K, committed 120640K, reserved 1179648K
  class space    used 16443K, committed 17280K, reserved 1048576K
}
Event: 49.760 GC heap after
{Heap after GC invocations=54 (full 0):
 garbage-first heap   total 806912K, used 306007K [0x0000000600000000, 0x0000000800000000)
  region size 4096K, 11 young (45056K), 11 survivors (45056K)
 Metaspace       used 118782K, committed 120640K, reserved 1179648K
  class space    used 16443K, committed 17280K, reserved 1048576K
}
Event: 49.785 GC heap before
{Heap before GC invocations=54 (full 0):
 garbage-first heap   total 806912K, used 310103K [0x0000000600000000, 0x0000000800000000)
  region size 4096K, 12 young (49152K), 11 survivors (45056K)
 Metaspace       used 118785K, committed 120640K, reserved 1179648K
  class space    used 16443K, committed 17280K, reserved 1048576K
}
Event: 49.851 GC heap after
{Heap after GC invocations=55 (full 0):
 garbage-first heap   total 806912K, used 309599K [0x0000000600000000, 0x0000000800000000)
  region size 4096K, 2 young (8192K), 2 survivors (8192K)
 Metaspace       used 118785K, committed 120640K, reserved 1179648K
  class space    used 16443K, committed 17280K, reserved 1048576K
}
Event: 53.786 GC heap before
{Heap before GC invocations=55 (full 0):
 garbage-first heap   total 806912K, used 616799K [0x0000000600000000, 0x0000000800000000)
  region size 4096K, 78 young (319488K), 2 survivors (8192K)
 Metaspace       used 122358K, committed 124288K, reserved 1179648K
  class space    used 16832K, committed 17728K, reserved 1048576K
}
Event: 53.807 GC heap after
{Heap after GC invocations=56 (full 0):
 garbage-first heap   total 806912K, used 324433K [0x0000000600000000, 0x0000000800000000)
  region size 4096K, 6 young (24576K), 6 survivors (24576K)
 Metaspace       used 122358K, committed 124288K, reserved 1179648K
  class space    used 16832K, committed 17728K, reserved 1048576K
}
Event: 155.782 GC heap before
{Heap before GC invocations=56 (full 0):
 garbage-first heap   total 806912K, used 631633K [0x0000000600000000, 0x0000000800000000)
  region size 4096K, 82 young (335872K), 6 survivors (24576K)
 Metaspace       used 124150K, committed 126272K, reserved 1179648K
  class space    used 17058K, committed 18048K, reserved 1048576K
}
Event: 155.859 GC heap after
{Heap after GC invocations=57 (full 0):
 garbage-first heap   total 806912K, used 351504K [0x0000000600000000, 0x0000000800000000)
  region size 4096K, 11 young (45056K), 11 survivors (45056K)
 Metaspace       used 124150K, committed 126272K, reserved 1179648K
  class space    used 17058K, committed 18048K, reserved 1048576K
}

Dll operation events (15 events):
Event: 0.020 Loaded shared library C:\Program Files\Eclipse Adoptium\jdk-17.0.16.8-hotspot\bin\java.dll
Event: 0.047 Loaded shared library C:\Program Files\Eclipse Adoptium\jdk-17.0.16.8-hotspot\bin\jsvml.dll
Event: 0.129 Loaded shared library C:\Program Files\Eclipse Adoptium\jdk-17.0.16.8-hotspot\bin\zip.dll
Event: 0.137 Loaded shared library C:\Program Files\Eclipse Adoptium\jdk-17.0.16.8-hotspot\bin\instrument.dll
Event: 0.145 Loaded shared library C:\Program Files\Eclipse Adoptium\jdk-17.0.16.8-hotspot\bin\net.dll
Event: 0.146 Loaded shared library C:\Program Files\Eclipse Adoptium\jdk-17.0.16.8-hotspot\bin\nio.dll
Event: 0.151 Loaded shared library C:\Program Files\Eclipse Adoptium\jdk-17.0.16.8-hotspot\bin\zip.dll
Event: 0.535 Loaded shared library C:\Program Files\Eclipse Adoptium\jdk-17.0.16.8-hotspot\bin\jimage.dll
Event: 0.804 Loaded shared library C:\Program Files\Eclipse Adoptium\jdk-17.0.16.8-hotspot\bin\verify.dll
Event: 0.984 Loaded shared library C:\Users\PMLS\.gradle\native\1def1411415f61bf3af743bc5b6707747c0891f09f0c88961ee8f79bc544acac\windows-amd64\native-platform.dll
Event: 0.997 Loaded shared library C:\Users\PMLS\.gradle\native\0.2.7\x86_64-windows-gnu\gradle-fileevents.dll
Event: 2.914 Loaded shared library C:\Program Files\Eclipse Adoptium\jdk-17.0.16.8-hotspot\bin\management.dll
Event: 2.919 Loaded shared library C:\Program Files\Eclipse Adoptium\jdk-17.0.16.8-hotspot\bin\management_ext.dll
Event: 3.210 Loaded shared library C:\Program Files\Eclipse Adoptium\jdk-17.0.16.8-hotspot\bin\extnet.dll
Event: 3.522 Loaded shared library C:\Program Files\Eclipse Adoptium\jdk-17.0.16.8-hotspot\bin\sunmscapi.dll

Deoptimization events (20 events):
Event: 159.527 Thread 0x0000027a54c1e9a0 Uncommon trap: trap_request=0xffffffbe fr.pc=0x0000027998e17220 relative=0x0000000000003b60
Event: 159.527 Thread 0x0000027a54c1e9a0 Uncommon trap: reason=profile_predicate action=maybe_recompile pc=0x0000027998e17220 method=org.gradle.api.internal.tasks.DefaultTaskDependency.visitDependencies(Lorg/gradle/api/internal/tasks/TaskDependencyResolveContext;)V @ 72 c2
Event: 159.527 Thread 0x0000027a54c1e9a0 DEOPT PACKING pc=0x0000027998e17220 sp=0x0000009fecef9f30
Event: 159.527 Thread 0x0000027a54c1e9a0 DEOPT UNPACKING pc=0x00000279978269a3 sp=0x0000009fecef9f30 mode 2
Event: 159.527 Thread 0x0000027a54c1e9a0 Uncommon trap: trap_request=0xffffffbe fr.pc=0x0000027998e17220 relative=0x0000000000003b60
Event: 159.527 Thread 0x0000027a54c1e9a0 Uncommon trap: reason=profile_predicate action=maybe_recompile pc=0x0000027998e17220 method=org.gradle.api.internal.tasks.DefaultTaskDependency.visitDependencies(Lorg/gradle/api/internal/tasks/TaskDependencyResolveContext;)V @ 72 c2
Event: 159.528 Thread 0x0000027a54c1e9a0 DEOPT PACKING pc=0x0000027998e17220 sp=0x0000009fecefa030
Event: 159.528 Thread 0x0000027a54c1e9a0 DEOPT UNPACKING pc=0x00000279978269a3 sp=0x0000009fecefa030 mode 2
Event: 159.576 Thread 0x0000027a54c1e9a0 Uncommon trap: trap_request=0xffffff6e fr.pc=0x0000027998dfb698 relative=0x0000000000000538
Event: 159.576 Thread 0x0000027a54c1e9a0 Uncommon trap: reason=loop_limit_check action=maybe_recompile pc=0x0000027998dfb698 method=java.util.regex.Pattern$StartS.match(Ljava/util/regex/Matcher;ILjava/lang/CharSequence;)Z @ 34 c2
Event: 159.576 Thread 0x0000027a54c1e9a0 DEOPT PACKING pc=0x0000027998dfb698 sp=0x0000009fecef9270
Event: 159.576 Thread 0x0000027a54c1e9a0 DEOPT UNPACKING pc=0x00000279978269a3 sp=0x0000009fecef91a0 mode 2
Event: 159.666 Thread 0x0000027a54c1e9a0 Uncommon trap: trap_request=0xffffff6e fr.pc=0x0000027998e41394 relative=0x00000000000000f4
Event: 159.666 Thread 0x0000027a54c1e9a0 Uncommon trap: reason=loop_limit_check action=maybe_recompile pc=0x0000027998e41394 method=java.util.BitSet.recalculateWordsInUse()V @ 8 c2
Event: 159.666 Thread 0x0000027a54c1e9a0 DEOPT PACKING pc=0x0000027998e41394 sp=0x0000009fecef9a90
Event: 159.666 Thread 0x0000027a54c1e9a0 DEOPT UNPACKING pc=0x00000279978269a3 sp=0x0000009fecef9a20 mode 2
Event: 160.320 Thread 0x0000027a482f4ac0 Uncommon trap: trap_request=0xffffffc6 fr.pc=0x0000027998283e8c relative=0x00000000000002cc
Event: 160.320 Thread 0x0000027a482f4ac0 Uncommon trap: reason=bimorphic_or_optimized_type_check action=maybe_recompile pc=0x0000027998283e8c method=org.gradle.internal.snapshot.ChildMapFactory.childMapFromSorted(Ljava/util/List;)Lorg/gradle/internal/snapshot/ChildMap; @ 1 c2
Event: 160.320 Thread 0x0000027a482f4ac0 DEOPT PACKING pc=0x0000027998283e8c sp=0x0000009ff0afe500
Event: 160.320 Thread 0x0000027a482f4ac0 DEOPT UNPACKING pc=0x00000279978269a3 sp=0x0000009ff0afe4c8 mode 2

Classes loaded (20 events):
Event: 54.607 Loading class sun/nio/fs/WindowsFileCopy
Event: 54.608 Loading class sun/nio/fs/WindowsFileCopy done
Event: 54.618 Loading class sun/nio/fs/WindowsSecurity$Privilege
Event: 54.618 Loading class sun/nio/fs/WindowsSecurity$Privilege done
Event: 55.084 Loading class java/util/Collections$EmptyListIterator
Event: 55.084 Loading class java/util/Collections$EmptyListIterator done
Event: 55.159 Loading class java/util/Locale$1
Event: 55.159 Loading class java/util/Locale$1 done
Event: 55.181 Loading class java/net/UrlDeserializedState
Event: 55.181 Loading class java/net/UrlDeserializedState done
Event: 55.246 Loading class java/util/concurrent/CompletableFuture$AsyncRun
Event: 55.250 Loading class java/util/concurrent/CompletableFuture$AsyncRun done
Event: 149.939 Loading class jdk/internal/math/FormattedFloatingDecimal$Form
Event: 149.941 Loading class jdk/internal/math/FormattedFloatingDecimal$Form done
Event: 149.941 Loading class jdk/internal/math/FormattedFloatingDecimal
Event: 149.942 Loading class jdk/internal/math/FormattedFloatingDecimal done
Event: 149.942 Loading class jdk/internal/math/FormattedFloatingDecimal$1
Event: 149.942 Loading class jdk/internal/math/FormattedFloatingDecimal$1 done
Event: 149.943 Loading class jdk/internal/math/FormattedFloatingDecimal$2
Event: 149.943 Loading class jdk/internal/math/FormattedFloatingDecimal$2 done

Classes unloaded (0 events):
No events

Classes redefined (0 events):
No events

Internal exceptions (20 events):
Event: 150.389 Thread 0x0000027a54c1e9a0 Exception <a 'sun/nio/fs/WindowsException'{0x000000062c174a38}> (0x000000062c174a38) 
thrown [s\src\hotspot\share\prims\jni.cpp, line 516]
Event: 150.389 Thread 0x0000027a54c1e9a0 Exception <a 'sun/nio/fs/WindowsException'{0x000000062c176610}> (0x000000062c176610) 
thrown [s\src\hotspot\share\prims\jni.cpp, line 516]
Event: 150.389 Thread 0x0000027a54c1e9a0 Exception <a 'sun/nio/fs/WindowsException'{0x000000062c1781e0}> (0x000000062c1781e0) 
thrown [s\src\hotspot\share\prims\jni.cpp, line 516]
Event: 150.389 Thread 0x0000027a54c1e9a0 Exception <a 'sun/nio/fs/WindowsException'{0x000000062c179a78}> (0x000000062c179a78) 
thrown [s\src\hotspot\share\prims\jni.cpp, line 516]
Event: 150.520 Thread 0x0000027a54c1e9a0 Implicit null exception at 0x0000027998b7d28a to 0x0000027998b82174
Event: 150.729 Thread 0x0000027a54c1e9a0 Implicit null exception at 0x000002799852e90d to 0x000002799852f394
Event: 150.729 Thread 0x0000027a54c290b0 Implicit null exception at 0x00000279985273fc to 0x00000279985275a8
Event: 151.814 Thread 0x0000027a54c2b420 Exception <a 'sun/nio/fs/WindowsException'{0x000000062975c400}> (0x000000062975c400) 
thrown [s\src\hotspot\share\prims\jni.cpp, line 516]
Event: 151.814 Thread 0x0000027a54c2b420 Exception <a 'sun/nio/fs/WindowsException'{0x000000062975e468}> (0x000000062975e468) 
thrown [s\src\hotspot\share\prims\jni.cpp, line 516]
Event: 151.814 Thread 0x0000027a54c2b420 Exception <a 'sun/nio/fs/WindowsException'{0x0000000629760420}> (0x0000000629760420) 
thrown [s\src\hotspot\share\prims\jni.cpp, line 516]
Event: 151.814 Thread 0x0000027a54c2b420 Exception <a 'sun/nio/fs/WindowsException'{0x00000006297620e0}> (0x00000006297620e0) 
thrown [s\src\hotspot\share\prims\jni.cpp, line 516]
Event: 151.820 Thread 0x0000027a54c2b420 Exception <a 'sun/nio/fs/WindowsException'{0x00000006297764c8}> (0x00000006297764c8) 
thrown [s\src\hotspot\share\prims\jni.cpp, line 516]
Event: 151.821 Thread 0x0000027a54c2b420 Exception <a 'sun/nio/fs/WindowsException'{0x0000000629778518}> (0x0000000629778518) 
thrown [s\src\hotspot\share\prims\jni.cpp, line 516]
Event: 151.821 Thread 0x0000027a54c2b420 Exception <a 'sun/nio/fs/WindowsException'{0x000000062977a540}> (0x000000062977a540) 
thrown [s\src\hotspot\share\prims\jni.cpp, line 516]
Event: 157.869 Thread 0x0000027a54c1e9a0 Implicit null exception at 0x00000279981a8760 to 0x00000279981aac74
Event: 159.042 Thread 0x0000027a54c1e9a0 Exception <a 'sun/nio/fs/WindowsException'{0x0000000624a65b58}> (0x0000000624a65b58) 
thrown [s\src\hotspot\share\prims\jni.cpp, line 516]
Event: 159.043 Thread 0x0000027a54c1e9a0 Exception <a 'sun/nio/fs/WindowsException'{0x0000000624a67030}> (0x0000000624a67030) 
thrown [s\src\hotspot\share\prims\jni.cpp, line 516]
Event: 159.043 Thread 0x0000027a54c1e9a0 Exception <a 'sun/nio/fs/WindowsException'{0x0000000624a68558}> (0x0000000624a68558) 
thrown [s\src\hotspot\share\prims\jni.cpp, line 516]
Event: 159.043 Thread 0x0000027a54c1e9a0 Exception <a 'sun/nio/fs/WindowsException'{0x0000000624a69a80}> (0x0000000624a69a80) 
thrown [s\src\hotspot\share\prims\jni.cpp, line 516]
Event: 160.306 Thread 0x0000027a482f4ac0 Exception <a 'sun/nio/fs/WindowsException'{0x000000061f4d5a90}> (0x000000061f4d5a90) 
thrown [s\src\hotspot\share\prims\jni.cpp, line 516]

VM Operations (20 events):
Event: 152.225 Executing VM operation: HandshakeAllThreads
Event: 152.225 Executing VM operation: HandshakeAllThreads done
Event: 153.129 Executing VM operation: ICBufferFull
Event: 153.129 Executing VM operation: ICBufferFull done
Event: 154.510 Executing VM operation: ICBufferFull
Event: 154.510 Executing VM operation: ICBufferFull done
Event: 155.511 Executing VM operation: Cleanup
Event: 155.512 Executing VM operation: Cleanup done
Event: 155.781 Executing VM operation: G1CollectForAllocation
Event: 155.859 Executing VM operation: G1CollectForAllocation done
Event: 157.862 Executing VM operation: Cleanup
Event: 157.863 Executing VM operation: Cleanup done
Event: 158.613 Executing VM operation: HandshakeAllThreads
Event: 158.613 Executing VM operation: HandshakeAllThreads done
Event: 158.779 Executing VM operation: ICBufferFull
Event: 158.779 Executing VM operation: ICBufferFull done
Event: 159.156 Executing VM operation: ICBufferFull
Event: 159.156 Executing VM operation: ICBufferFull done
Event: 160.030 Executing VM operation: ICBufferFull
Event: 160.031 Executing VM operation: ICBufferFull done

Memory protections (0 events):
No events

Nmethod flushes (20 events):
Event: 152.265 Thread 0x0000027a451168b0 flushing  nmethod 0x0000027989aebe10
Event: 152.265 Thread 0x0000027a451168b0 flushing  nmethod 0x0000027989aec610
Event: 152.265 Thread 0x0000027a451168b0 flushing  nmethod 0x0000027989aecd10
Event: 152.265 Thread 0x0000027a451168b0 flushing  nmethod 0x0000027989aed510
Event: 152.265 Thread 0x0000027a451168b0 flushing  nmethod 0x0000027989aee110
Event: 152.265 Thread 0x0000027a451168b0 flushing  nmethod 0x0000027989aeee90
Event: 152.265 Thread 0x0000027a451168b0 flushing  nmethod 0x0000027989aef890
Event: 152.265 Thread 0x0000027a451168b0 flushing  nmethod 0x0000027989af0890
Event: 152.265 Thread 0x0000027a451168b0 flushing  nmethod 0x0000027989af2410
Event: 152.265 Thread 0x0000027a451168b0 flushing  nmethod 0x0000027989af3d90
Event: 152.265 Thread 0x0000027a451168b0 flushing  nmethod 0x0000027989b00210
Event: 152.265 Thread 0x0000027a451168b0 flushing  nmethod 0x0000027989b02010
Event: 152.265 Thread 0x0000027a451168b0 flushing  nmethod 0x0000027989b21e90
Event: 152.265 Thread 0x0000027a451168b0 flushing  nmethod 0x0000027989b23390
Event: 152.265 Thread 0x0000027a451168b0 flushing  nmethod 0x0000027989b25b10
Event: 152.265 Thread 0x0000027a451168b0 flushing  nmethod 0x0000027989b57010
Event: 152.265 Thread 0x0000027a451168b0 flushing  nmethod 0x0000027989b7e910
Event: 158.619 Thread 0x0000027a451168b0 flushing  nmethod 0x0000027998137110
Event: 158.791 Thread 0x0000027a451168b0 flushing  nmethod 0x00000279898bd390
Event: 158.799 Thread 0x0000027a451168b0 flushing  nmethod 0x0000027989ac1610

Events (20 events):
Event: 154.946 Thread 0x0000027a54c1e9a0 Thread added: 0x0000027a49eec680
Event: 154.946 Thread 0x0000027a54c1e9a0 Thread added: 0x0000027a49ee6b60
Event: 154.947 Thread 0x0000027a54c1e9a0 Thread added: 0x0000027a4ba750a0
Event: 154.947 Thread 0x0000027a54c1e9a0 Thread added: 0x0000027a4ba755b0
Event: 154.948 Thread 0x0000027a54c1e9a0 Thread added: 0x0000027a4ba75ac0
Event: 154.948 Thread 0x0000027a54c1e9a0 Thread added: 0x0000027a4ba7b0d0
Event: 154.948 Thread 0x0000027a54c1e9a0 Thread added: 0x0000027a4ba78850
Event: 154.948 Thread 0x0000027a54c1e9a0 Thread added: 0x0000027a4ba75fd0
Event: 155.331 Thread 0x0000027a54c1e9a0 Thread added: 0x0000027a4ba7b5e0
Event: 155.332 Thread 0x0000027a54c1e9a0 Thread added: 0x0000027a4ba764e0
Event: 155.332 Thread 0x0000027a54c1e9a0 Thread added: 0x0000027a4ba74170
Event: 155.332 Thread 0x0000027a54c1e9a0 Thread added: 0x0000027a4ba76f00
Event: 155.332 Thread 0x0000027a54c1e9a0 Thread added: 0x0000027a4ba79270
Event: 155.332 Thread 0x0000027a54c1e9a0 Thread added: 0x0000027a4ba7baf0
Event: 155.332 Thread 0x0000027a54c1e9a0 Thread added: 0x0000027a4ba769f0
Event: 155.332 Thread 0x0000027a54c1e9a0 Thread added: 0x0000027a4ba79780
Event: 155.763 Thread 0x0000027a45115fa0 Thread added: 0x0000027a4bcfe030
Event: 156.669 Thread 0x0000027a4bcfe030 Thread exited: 0x0000027a4bcfe030
Event: 156.771 Thread 0x0000027a4d3ee620 Thread added: 0x0000027a4d3f1b40
Event: 160.265 Thread 0x0000027a482f4ac0 Thread added: 0x0000027a458a5920


Dynamic libraries:
0x00007ff60d580000 - 0x00007ff60d58e000 	C:\Program Files\Eclipse Adoptium\jdk-17.0.16.8-hotspot\bin\java.exe
0x00007ff8eb7b0000 - 0x00007ff8eb9a8000 	C:\WINDOWS\SYSTEM32\ntdll.dll
0x00007ff8eb640000 - 0x00007ff8eb702000 	C:\WINDOWS\System32\KERNEL32.DLL
0x00007ff8e9240000 - 0x00007ff8e9536000 	C:\WINDOWS\System32\KERNELBASE.dll
0x00007ff8e95e0000 - 0x00007ff8e96e0000 	C:\WINDOWS\System32\ucrtbase.dll
0x00007ff8d3b10000 - 0x00007ff8d3b2e000 	C:\Program Files\Eclipse Adoptium\jdk-17.0.16.8-hotspot\bin\VCRUNTIME140.dll
0x00007ff8b0420000 - 0x00007ff8b0437000 	C:\Program Files\Eclipse Adoptium\jdk-17.0.16.8-hotspot\bin\jli.dll
0x00007ff8eb3e0000 - 0x00007ff8eb57d000 	C:\WINDOWS\System32\USER32.dll
0x00007ff8e91e0000 - 0x00007ff8e9202000 	C:\WINDOWS\System32\win32u.dll
0x00007ff8d1390000 - 0x00007ff8d162b000 	C:\WINDOWS\WinSxS\amd64_microsoft.windows.common-controls_6595b64144ccf1df_6.0.19041.6280_none_60bc30a171f2f3f3\COMCTL32.dll
0x00007ff8e9900000 - 0x00007ff8e992b000 	C:\WINDOWS\System32\GDI32.dll
0x00007ff8eac60000 - 0x00007ff8eacfe000 	C:\WINDOWS\System32\msvcrt.dll
0x00007ff8e90c0000 - 0x00007ff8e91d9000 	C:\WINDOWS\System32\gdi32full.dll
0x00007ff8e9540000 - 0x00007ff8e95dd000 	C:\WINDOWS\System32\msvcp_win.dll
0x00007ff8eab70000 - 0x00007ff8eab9f000 	C:\WINDOWS\System32\IMM32.DLL
0x00007ff8e00c0000 - 0x00007ff8e00cc000 	C:\Program Files\Eclipse Adoptium\jdk-17.0.16.8-hotspot\bin\vcruntime140_1.dll
0x00007ff8abc00000 - 0x00007ff8abc8d000 	C:\Program Files\Eclipse Adoptium\jdk-17.0.16.8-hotspot\bin\msvcp140.dll
0x00007ff870e90000 - 0x00007ff871afb000 	C:\Program Files\Eclipse Adoptium\jdk-17.0.16.8-hotspot\bin\server\jvm.dll
0x00007ff8eb580000 - 0x00007ff8eb631000 	C:\WINDOWS\System32\ADVAPI32.dll
0x00007ff8eabb0000 - 0x00007ff8eac4f000 	C:\WINDOWS\System32\sechost.dll
0x00007ff8e9d60000 - 0x00007ff8e9e80000 	C:\WINDOWS\System32\RPCRT4.dll
0x00007ff8e9210000 - 0x00007ff8e9237000 	C:\WINDOWS\System32\bcrypt.dll
0x00007ff8eae50000 - 0x00007ff8eaebb000 	C:\WINDOWS\System32\WS2_32.dll
0x00007ff8e89c0000 - 0x00007ff8e8a0b000 	C:\WINDOWS\SYSTEM32\POWRPROF.dll
0x00007ff8dc0f0000 - 0x00007ff8dc0fa000 	C:\WINDOWS\SYSTEM32\VERSION.dll
0x00007ff8dc210000 - 0x00007ff8dc237000 	C:\WINDOWS\SYSTEM32\WINMM.dll
0x00007ff8e88b0000 - 0x00007ff8e88c2000 	C:\WINDOWS\SYSTEM32\UMPDC.dll
0x00007ff8e7670000 - 0x00007ff8e7682000 	C:\WINDOWS\SYSTEM32\kernel.appcore.dll
0x00007ff8c6510000 - 0x00007ff8c651a000 	C:\Program Files\Eclipse Adoptium\jdk-17.0.16.8-hotspot\bin\jimage.dll
0x00007ff8e6bc0000 - 0x00007ff8e6dc1000 	C:\WINDOWS\SYSTEM32\DBGHELP.DLL
0x00007ff8c17f0000 - 0x00007ff8c1824000 	C:\WINDOWS\SYSTEM32\dbgcore.DLL
0x00007ff8e9030000 - 0x00007ff8e90b2000 	C:\WINDOWS\System32\bcryptPrimitives.dll
0x00007ff8df650000 - 0x00007ff8df65e000 	C:\Program Files\Eclipse Adoptium\jdk-17.0.16.8-hotspot\bin\instrument.dll
0x00007ff8ad2a0000 - 0x00007ff8ad2c5000 	C:\Program Files\Eclipse Adoptium\jdk-17.0.16.8-hotspot\bin\java.dll
0x00007ff875850000 - 0x00007ff875927000 	C:\Program Files\Eclipse Adoptium\jdk-17.0.16.8-hotspot\bin\jsvml.dll
0x00007ff8e9ef0000 - 0x00007ff8ea660000 	C:\WINDOWS\System32\SHELL32.dll
0x00007ff8e6dd0000 - 0x00007ff8e7575000 	C:\WINDOWS\SYSTEM32\windows.storage.dll
0x00007ff8e9a00000 - 0x00007ff8e9d53000 	C:\WINDOWS\System32\combase.dll
0x00007ff8e8810000 - 0x00007ff8e883b000 	C:\WINDOWS\SYSTEM32\Wldp.dll
0x00007ff8ead80000 - 0x00007ff8eae4d000 	C:\WINDOWS\System32\OLEAUT32.dll
0x00007ff8e9950000 - 0x00007ff8e99fd000 	C:\WINDOWS\System32\SHCORE.dll
0x00007ff8ea830000 - 0x00007ff8ea88b000 	C:\WINDOWS\System32\shlwapi.dll
0x00007ff8e8d80000 - 0x00007ff8e8da4000 	C:\WINDOWS\SYSTEM32\profapi.dll
0x00007ff8adb50000 - 0x00007ff8adb68000 	C:\Program Files\Eclipse Adoptium\jdk-17.0.16.8-hotspot\bin\zip.dll
0x00007ff8b0400000 - 0x00007ff8b0419000 	C:\Program Files\Eclipse Adoptium\jdk-17.0.16.8-hotspot\bin\net.dll
0x00007ff8e1330000 - 0x00007ff8e143a000 	C:\WINDOWS\SYSTEM32\WINHTTP.dll
0x00007ff8e8570000 - 0x00007ff8e85da000 	C:\WINDOWS\system32\mswsock.dll
0x00007ff8b03e0000 - 0x00007ff8b03f6000 	C:\Program Files\Eclipse Adoptium\jdk-17.0.16.8-hotspot\bin\nio.dll
0x00007ff8e17b0000 - 0x00007ff8e17c0000 	C:\Program Files\Eclipse Adoptium\jdk-17.0.16.8-hotspot\bin\verify.dll
0x00007ff8cdb90000 - 0x00007ff8cdbb7000 	C:\Users\PMLS\.gradle\native\1def1411415f61bf3af743bc5b6707747c0891f09f0c88961ee8f79bc544acac\windows-amd64\native-platform.dll
0x00007ff8c72f0000 - 0x00007ff8c7368000 	C:\Users\PMLS\.gradle\native\0.2.7\x86_64-windows-gnu\gradle-fileevents.dll
0x00007ff8e1720000 - 0x00007ff8e172a000 	C:\Program Files\Eclipse Adoptium\jdk-17.0.16.8-hotspot\bin\management.dll
0x00007ff8df680000 - 0x00007ff8df68b000 	C:\Program Files\Eclipse Adoptium\jdk-17.0.16.8-hotspot\bin\management_ext.dll
0x00007ff8eac50000 - 0x00007ff8eac58000 	C:\WINDOWS\System32\PSAPI.DLL
0x00007ff8e8250000 - 0x00007ff8e828b000 	C:\WINDOWS\SYSTEM32\IPHLPAPI.DLL
0x00007ff8e9e80000 - 0x00007ff8e9e88000 	C:\WINDOWS\System32\NSI.dll
0x00007ff8df4a0000 - 0x00007ff8df4b7000 	C:\WINDOWS\SYSTEM32\dhcpcsvc6.DLL
0x00007ff8df2d0000 - 0x00007ff8df2ed000 	C:\WINDOWS\SYSTEM32\dhcpcsvc.DLL
0x00007ff8e8290000 - 0x00007ff8e835a000 	C:\WINDOWS\SYSTEM32\DNSAPI.dll
0x00007ff8c18f0000 - 0x00007ff8c18f9000 	C:\Program Files\Eclipse Adoptium\jdk-17.0.16.8-hotspot\bin\extnet.dll
0x00007ff8e8770000 - 0x00007ff8e8788000 	C:\WINDOWS\SYSTEM32\CRYPTSP.dll
0x00007ff8e7e30000 - 0x00007ff8e7e68000 	C:\WINDOWS\system32\rsaenh.dll
0x00007ff8e8d00000 - 0x00007ff8e8d2e000 	C:\WINDOWS\SYSTEM32\USERENV.dll
0x00007ff8e8760000 - 0x00007ff8e876c000 	C:\WINDOWS\SYSTEM32\CRYPTBASE.dll
0x00007ff8c2200000 - 0x00007ff8c220e000 	C:\Program Files\Eclipse Adoptium\jdk-17.0.16.8-hotspot\bin\sunmscapi.dll
0x00007ff8e8e50000 - 0x00007ff8e8fad000 	C:\WINDOWS\System32\CRYPT32.dll
0x00007ff8e8880000 - 0x00007ff8e88a7000 	C:\WINDOWS\SYSTEM32\ncrypt.dll
0x00007ff8e8840000 - 0x00007ff8e887b000 	C:\WINDOWS\SYSTEM32\NTASN1.dll
0x00007ff8c0f70000 - 0x00007ff8c0f77000 	C:\WINDOWS\system32\wshunix.dll
0x00007ff8e10f0000 - 0x00007ff8e1107000 	C:\WINDOWS\system32\napinsp.dll
0x00007ff8e1010000 - 0x00007ff8e102b000 	C:\WINDOWS\system32\pnrpnsp.dll
0x00007ff8b6e00000 - 0x00007ff8b6e1d000 	C:\WINDOWS\system32\wshbth.dll
0x00007ff8e1730000 - 0x00007ff8e174d000 	C:\WINDOWS\system32\NLAapi.dll
0x00007ff8e0ef0000 - 0x00007ff8e0f02000 	C:\WINDOWS\System32\winrnr.dll
0x00007ff8df490000 - 0x00007ff8df49a000 	C:\Windows\System32\rasadhlp.dll
0x00007ff8de160000 - 0x00007ff8de1e0000 	C:\WINDOWS\System32\fwpuclnt.dll
0x00007ff8e80e0000 - 0x00007ff8e8113000 	C:\WINDOWS\SYSTEM32\ntmarta.dll

dbghelp: loaded successfully - version: 4.0.5 - missing functions: none
symbol engine: initialized successfully - sym options: 0x614 - pdb path: .;C:\Program Files\Eclipse Adoptium\jdk-17.0.16.8-hotspot\bin;C:\WINDOWS\SYSTEM32;C:\WINDOWS\WinSxS\amd64_microsoft.windows.common-controls_6595b64144ccf1df_6.0.19041.6280_none_60bc30a171f2f3f3;C:\Program Files\Eclipse Adoptium\jdk-17.0.16.8-hotspot\bin\server;C:\Users\PMLS\.gradle\native\1def1411415f61bf3af743bc5b6707747c0891f09f0c88961ee8f79bc544acac\windows-amd64;C:\Users\PMLS\.gradle\native\0.2.7\x86_64-windows-gnu

VM Arguments:
jvm_args: --add-opens=java.base/java.lang=ALL-UNNAMED --add-opens=java.base/java.lang.invoke=ALL-UNNAMED --add-opens=java.base/java.util=ALL-UNNAMED --add-opens=java.prefs/java.util.prefs=ALL-UNNAMED --add-exports=jdk.compiler/com.sun.tools.javac.api=ALL-UNNAMED --add-exports=jdk.compiler/com.sun.tools.javac.util=ALL-UNNAMED --add-opens=java.base/java.util=ALL-UNNAMED --add-opens=java.prefs/java.util.prefs=ALL-UNNAMED --add-opens=java.base/java.nio.charset=ALL-UNNAMED --add-opens=java.base/java.net=ALL-UNNAMED --add-opens=java.base/java.util.concurrent.atomic=ALL-UNNAMED --add-opens=java.xml/javax.xml.namespace=ALL-UNNAMED -XX:MaxMetaspaceSize=4G -XX:ReservedCodeCacheSize=512m -XX:+HeapDumpOnOutOfMemoryError -Xmx8G -Dfile.encoding=windows-1252 -Duser.country=US -Duser.language=en -Duser.variant -javaagent:C:\Users\PMLS\.gradle\wrapper\dists\gradle-8.14-all\c2qonpi39x1mddn7hk5gh9iqj\gradle-8.14\lib\agents\gradle-instrumentation-agent-8.14.jar 
java_command: org.gradle.launcher.daemon.bootstrap.GradleDaemon 8.14
java_class_path (initial): C:\Users\PMLS\.gradle\wrapper\dists\gradle-8.14-all\c2qonpi39x1mddn7hk5gh9iqj\gradle-8.14\lib\gradle-daemon-main-8.14.jar
Launcher Type: SUN_STANDARD

[Global flags]
     intx CICompilerCount                          = 4                                         {product} {ergonomic}
     uint ConcGCThreads                            = 3                                         {product} {ergonomic}
     uint G1ConcRefinementThreads                  = 10                                        {product} {ergonomic}
   size_t G1HeapRegionSize                         = 4194304                                   {product} {ergonomic}
    uintx GCDrainStackTargetSize                   = 64                                        {product} {ergonomic}
     bool HeapDumpOnOutOfMemoryError               = true                                   {manageable} {command line}
   size_t InitialHeapSize                          = 130023424                                 {product} {ergonomic}
   size_t MarkStackSize                            = 4194304                                   {product} {ergonomic}
   size_t MaxHeapSize                              = 8589934592                                {product} {command line}
   size_t MaxMetaspaceSize                         = 4294967296                                {product} {command line}
   size_t MaxNewSize                               = 5150605312                                {product} {ergonomic}
   size_t MinHeapDeltaBytes                        = 4194304                                   {product} {ergonomic}
   size_t MinHeapSize                              = 8388608                                   {product} {ergonomic}
    uintx NonNMethodCodeHeapSize                   = 5839372                                {pd product} {ergonomic}
    uintx NonProfiledCodeHeapSize                  = 265515770                              {pd product} {ergonomic}
    uintx ProfiledCodeHeapSize                     = 265515770                              {pd product} {ergonomic}
    uintx ReservedCodeCacheSize                    = 536870912                              {pd product} {command line}
     bool SegmentedCodeCache                       = true                                      {product} {ergonomic}
   size_t SoftMaxHeapSize                          = 8589934592                             {manageable} {ergonomic}
   double SweeperThreshold                         = 0.234375                                  {product} {ergonomic}
     bool UseCompressedClassPointers               = true                           {product lp64_product} {ergonomic}
     bool UseCompressedOops                        = true                           {product lp64_product} {ergonomic}
     bool UseG1GC                                  = true                                      {product} {ergonomic}
     bool UseLargePagesIndividualAllocation        = false                                  {pd product} {ergonomic}

Logging:
Log output configuration:
 #0: stdout all=warning uptime,level,tags
 #1: stderr all=off uptime,level,tags

Environment Variables:
CLASSPATH=D:\my_app\SafeConnect\safeconnect\android\\gradle\wrapper\gradle-wrapper.jar
PATH=C:\Program Files\Eclipse Adoptium\jdk-17.0.16.8-hotspot\bin;C:\src\flutter\bin\;c:\Users\PMLS\AppData\Roaming\Code\User\globalStorage\github.copilot-chat\debugCommand;c:\Users\PMLS\AppData\Roaming\Code\User\globalStorage\github.copilot-chat\copilotCli;C:\WINDOWS;C:\WINDOWS\System32;C:\WINDOWS\System32\Wbem;C:\WINDOWS\System32\WindowsPowerShell\v1.0\;C:\WINDOWS\System32\OpenSSH\;C:\Users\PMLS\Downloads\sqlite-tools-win-x64-3460000;C:\ProgramData\chocolatey\bin;C:\Program Files\nodejs\;C:\src\flutter\bin;C:\Program Files\Git\cmd;C:\Android\platform-tools;C:\Android\emulator;C:\Android\cmdline-tools\latest\bin;C:\Program Files\Eclipse Adoptium\jdk-17.0.16.8-hotspot\bin;C:\Users\PMLS\AppData\Local\Pub\Cache\bin;C:\Users\PMLS\AppData\Local\Programs\Python\Python313\Scripts\;C:\Users\PMLS\AppData\Local\Programs\Python\Python313\;C:\Users\PMLS\AppData\Local\Programs\Python\Launcher\;C:\Users\PMLS\AppData\Local\Microsoft\WindowsApps;C:\Users\PMLS\Downloads\flutter_windows_3.19.5-stable\flutter\bin;C:\Users\PMLS\AppData\Roaming\npm;C:\Users\PMLS\AppData\Local\Python\bin;C:\Users\PMLS\AppData\Local\Programs\Microsoft VS Code\bin;;C:\src\flutter\bin\mingit\cmd
USERNAME=PMYLS
LANG=en_US.UTF-8
OS=Windows_NT
PROCESSOR_IDENTIFIER=Intel64 Family 6 Model 154 Stepping 4, GenuineIntel
TMP=C:\Users\PMLS\AppData\Local\Temp
TEMP=C:\Users\PMLS\AppData\Local\Temp



Periodic native trim disabled


---------------  S Y S T E M  ---------------

OS:
 Windows 10 , 64 bit Build 19041 (10.0.19041.5915)
OS uptime: 0 days 0:55 hours

CPU: total 12 (initial active 12) (12 cores per cpu, 1 threads per core) family 6 model 154 stepping 4 microcode 0x424, cx8, cmov, fxsr, mmx, 3dnowpref, sse, sse2, sse3, ssse3, sse4.1, sse4.2, popcnt, lzcnt, tsc, tscinvbit, avx, avx2, aes, erms, clmul, bmi1, bmi2, adx, sha, fma, vzeroupper, clflush, clflushopt, clwb
Processor Information for processor 0
  Max Mhz: 1300, Current Mhz: 1300, Mhz Limit: 1300
Processor Information for processor 1
  Max Mhz: 1300, Current Mhz: 1300, Mhz Limit: 1300
Processor Information for processor 2
  Max Mhz: 1300, Current Mhz: 1300, Mhz Limit: 1300
Processor Information for processor 3
  Max Mhz: 1300, Current Mhz: 1300, Mhz Limit: 1300
Processor Information for processor 4
  Max Mhz: 900, Current Mhz: 900, Mhz Limit: 900
Processor Information for processor 5
  Max Mhz: 900, Current Mhz: 900, Mhz Limit: 900
Processor Information for processor 6
  Max Mhz: 900, Current Mhz: 900, Mhz Limit: 900
Processor Information for processor 7
  Max Mhz: 900, Current Mhz: 900, Mhz Limit: 900
Processor Information for processor 8
  Max Mhz: 900, Current Mhz: 900, Mhz Limit: 900
Processor Information for processor 9
  Max Mhz: 900, Current Mhz: 900, Mhz Limit: 900
Processor Information for processor 10
  Max Mhz: 900, Current Mhz: 900, Mhz Limit: 900
Processor Information for processor 11
  Max Mhz: 900, Current Mhz: 900, Mhz Limit: 900

Memory: 4k page, system-wide physical 7916M (448M free)
TotalPageFile size 25480M (AvailPageFile size 0M)
current process WorkingSet (physical memory assigned to process): 793M, peak: 836M
current process commit charge ("private bytes"): 1262M, peak: 1264M

vm_info: OpenJDK 64-Bit Server VM (17.0.16+8) for windows-amd64 JRE (17.0.16+8), built on Jul 16 2025 10:37:56 by "admin" with MS VC++ 17.7 (VS2022)

END.
