#
# There is insufficient memory for the Java Runtime Environment to continue.
# Native memory allocation (malloc) failed to allocate 1776032 bytes. Error detail: Chunk::new
# Possible reasons:
#   The system is out of physical RAM or swap space
#   This process is running with CompressedOops enabled, and the Java Heap may be blocking the growth of the native heap
# Possible solutions:
#   Reduce memory load on the system
#   Increase physical memory or swap space
#   Check if swap backing store is full
#   Decrease Java heap size (-Xmx/-Xms)
#   Decrease number of Java threads
#   Decrease Java thread stack sizes (-Xss)
#   Set larger code cache with -XX:ReservedCodeCacheSize=
#   JVM is running with Zero Based Compressed Oops mode in which the Java heap is
#     placed in the first 32GB address space. The Java Heap base address is the
#     maximum limit for the native heap growth. Please use -XX:HeapBaseMinAddress
#     to set the Java Heap base and to place the Java Heap above 32GB virtual address.
# This output file may be truncated or incomplete.
#
#  Out of Memory Error (arena.cpp:191), pid=102260, tid=102312
#
# JRE version: OpenJDK Runtime Environment Temurin-17.0.16+8 (17.0.16+8) (build 17.0.16+8)
# Java VM: OpenJDK 64-Bit Server VM Temurin-17.0.16+8 (17.0.16+8, mixed mode, sharing, tiered, compressed oops, compressed class ptrs, g1 gc, windows-amd64)
# No core dump will be written. Minidumps are not enabled by default on client versions of Windows
#

---------------  S U M M A R Y ------------

Command Line: --add-opens=java.base/java.lang=ALL-UNNAMED --add-opens=java.base/java.lang.invoke=ALL-UNNAMED --add-opens=java.base/java.util=ALL-UNNAMED --add-opens=java.prefs/java.util.prefs=ALL-UNNAMED --add-exports=jdk.compiler/com.sun.tools.javac.api=ALL-UNNAMED --add-exports=jdk.compiler/com.sun.tools.javac.util=ALL-UNNAMED --add-opens=java.base/java.util=ALL-UNNAMED --add-opens=java.prefs/java.util.prefs=ALL-UNNAMED --add-opens=java.base/java.nio.charset=ALL-UNNAMED --add-opens=java.base/java.net=ALL-UNNAMED --add-opens=java.base/java.util.concurrent.atomic=ALL-UNNAMED --add-opens=java.xml/javax.xml.namespace=ALL-UNNAMED -XX:MaxMetaspaceSize=4G -XX:ReservedCodeCacheSize=512m -XX:+HeapDumpOnOutOfMemoryError -Xmx8G -Dfile.encoding=windows-1252 -Duser.country=US -Duser.language=en -Duser.variant -javaagent:C:\Users\PMLS\.gradle\wrapper\dists\gradle-8.14-all\c2qonpi39x1mddn7hk5gh9iqj\gradle-8.14\lib\agents\gradle-instrumentation-agent-8.14.jar org.gradle.launcher.daemon.bootstrap.GradleDaemon 8.14

Host: 12th Gen Intel(R) Core(TM) i5-1235U, 12 cores, 7G,  Windows 10 , 64 bit Build 19041 (10.0.19041.5915)
Time: Sat Jun 13 12:39:12 2026 Pakistan Standard Time elapsed time: 88.369085 seconds (0d 0h 1m 28s)

---------------  T H R E A D  ---------------

Current thread (0x0000023975f10ae0):  JavaThread "C2 CompilerThread0" daemon [_thread_in_native, id=102312, stack(0x0000003c1f400000,0x0000003c1f500000)]


Current CompileTask:
C2:  88369 28823       4       com.android.tools.r8.dex.C::d (634 bytes)

Stack: [0x0000003c1f400000,0x0000003c1f500000]
Native frames: (J=compiled Java code, j=interpreted, Vv=VM code, C=native code)
V  [jvm.dll+0x683169]
V  [jvm.dll+0x839ac8]
V  [jvm.dll+0x83b573]
V  [jvm.dll+0x83bbe3]
V  [jvm.dll+0x2473ff]
V  [jvm.dll+0xace94]
V  [jvm.dll+0xad52c]
V  [jvm.dll+0x365e0e]
V  [jvm.dll+0x1ba9c3]
V  [jvm.dll+0x218477]
V  [jvm.dll+0x21775f]
V  [jvm.dll+0x1a32a0]
V  [jvm.dll+0x227b3c]
V  [jvm.dll+0x225ccb]
V  [jvm.dll+0x7ef2d8]
V  [jvm.dll+0x7e979c]
V  [jvm.dll+0x682047]
C  [ucrtbase.dll+0x21bb2]
C  [KERNEL32.DLL+0x17374]
C  [ntdll.dll+0x4cc91]


---------------  P R O C E S S  ---------------

Threads class SMR info:
_java_thread_list=0x00000239ccb15ca0, length=236, elements={
0x000002395aa57730, 0x0000023975ef25c0, 0x0000023975ef3350, 0x0000023975f0c360,
0x0000023975f0ed40, 0x0000023975f0f610, 0x0000023975f0fee0, 0x0000023975f10ae0,
0x0000023975f11c10, 0x0000023975f14530, 0x0000023978bc7390, 0x0000023978cbbb00,
0x00000239beab6ca0, 0x0000023978bf8b80, 0x0000023978bf6fe0, 0x00000239be287210,
0x00000239bf4a2820, 0x00000239bf5c7810, 0x00000239bf5c8230, 0x00000239bf5c5ec0,
0x00000239bf5c7d20, 0x00000239bf5c8740, 0x00000239bf5c8c50, 0x00000239bf5c9160,
0x00000239bf5c59b0, 0x00000239bf5c68e0, 0x00000239bf5c6df0, 0x00000239bf5c7300,
0x00000239c125cec0, 0x00000239c125c4a0, 0x00000239c125d3d0, 0x00000239c1256e90,
0x00000239c125a130, 0x00000239c1257dc0, 0x00000239c1259c20, 0x00000239c125b570,
0x00000239c125ddf0, 0x00000239c125a640, 0x00000239c1259200, 0x00000239c12587e0,
0x00000239c125b060, 0x00000239c125ab50, 0x00000239c125ba80, 0x00000239c125e300,
0x00000239c12578b0, 0x00000239c125bf90, 0x00000239c125d8e0, 0x00000239c12582d0,
0x00000239c125e810, 0x00000239c12573a0, 0x00000239c1258cf0, 0x00000239c1959920,
0x00000239c195d0d0, 0x00000239c195f440, 0x00000239c1957fd0, 0x00000239c195c6b0,
0x00000239c195a850, 0x00000239c195d5e0, 0x00000239c195cbc0, 0x00000239c195b270,
0x00000239c195c1a0, 0x00000239c195b780, 0x00000239c195ad60, 0x00000239c195daf0,
0x00000239c195f950, 0x00000239c195ef30, 0x00000239c19584e0, 0x00000239c195e000,
0x00000239c195e510, 0x00000239c195bc90, 0x00000239c1958f00, 0x00000239c1959410,
0x00000239c1959e30, 0x00000239c195a340, 0x00000239bf2b17c0, 0x00000239bf2ae010,
0x00000239bf2b3110, 0x00000239bf2abca0, 0x00000239bf2adb00, 0x00000239bf2acbd0,
0x00000239bf2b26f0, 0x00000239bf2b1cd0, 0x00000239bf2ad0e0, 0x00000239bf2b3620,
0x00000239bf2ae520, 0x00000239bf2ac1b0, 0x00000239bf2b21e0, 0x00000239bf2ad5f0,
0x00000239bf2ac6c0, 0x00000239bf2aea30, 0x00000239bf2b0da0, 0x00000239bf2aef40,
0x00000239bf2af450, 0x00000239bf2b12b0, 0x00000239bf2af960, 0x00000239bf2b0380,
0x00000239bf2afe70, 0x00000239bf2b0890, 0x00000239bfdd7f90, 0x00000239bfdd98e0,
0x00000239bfdddfc0, 0x00000239bfdda300, 0x00000239bfddd5a0, 0x00000239bfddad20,
0x00000239bfdd8ec0, 0x00000239bfddd090, 0x00000239bfdd84a0, 0x00000239bfdddab0,
0x00000239bfdde4d0, 0x00000239bfddb230, 0x00000239bfddb740, 0x00000239bfdd9df0,
0x00000239bfdda810, 0x00000239bfddc670, 0x00000239bfdd7060, 0x00000239bfdde9e0,
0x00000239bfdd7570, 0x00000239bfddc160, 0x00000239bfdd93d0, 0x00000239bfddcb80,
0x00000239bfdd7a80, 0x00000239bfdd89b0, 0x00000239c12a7110, 0x00000239c12ac720,
0x00000239c12ad140, 0x00000239c12aa3b0, 0x00000239c12a66f0, 0x00000239c12aa8c0,
0x00000239c12ab7f0, 0x00000239c12abd00, 0x00000239c12ac210, 0x00000239c12a9ea0,
0x00000239c12a7620, 0x00000239c12acc30, 0x00000239c12a5cd0, 0x00000239c12a7b30,
0x00000239c12a6c00, 0x00000239c12a8040, 0x00000239c12aadd0, 0x00000239c12a8550,
0x00000239c12ad650, 0x00000239c12ab2e0, 0x00000239c12a8a60, 0x00000239c12a8f70,
0x00000239c12a9480, 0x00000239c12a9990, 0x00000239c12a61e0, 0x00000239c1623900,
0x00000239c16224c0, 0x00000239c1623e10, 0x00000239c1aed690, 0x00000239c1ae6730,
0x00000239c1aec250, 0x00000239c1ae6c40, 0x00000239c1ae7150, 0x00000239c1aeae10,
0x00000239c1aec760, 0x00000239c1aea900, 0x00000239c1ae7660, 0x00000239c1ae8fb0,
0x00000239c1ae9ee0, 0x00000239c1aeb320, 0x00000239c1aeb830, 0x00000239c1aebd40,
0x00000239c2b03470, 0x00000239c2affcc0, 0x00000239c2b02a50, 0x00000239c2b01610,
0x00000239c2b02f60, 0x00000239c2b001d0, 0x00000239c2b006e0, 0x00000239c2b00bf0,
0x00000239c2b02540, 0x00000239c3b9da70, 0x00000239c3b9ace0, 0x00000239c3b9d560,
0x00000239c3b9a7d0, 0x00000239c3b9b1f0, 0x00000239c3b9cb40, 0x00000239c3b9bc10,
0x00000239c3b9c630, 0x00000239c1624320, 0x00000239cb0558d0, 0x00000239cb059fb0,
0x00000239cb0562f0, 0x00000239cb056800, 0x00000239cb059590, 0x00000239cb05a4c0,
0x00000239cb05aee0, 0x00000239c2b01b20, 0x00000239c16233f0, 0x00000239cab68810,
0x00000239cab65a80, 0x00000239cab69230, 0x00000239cab6a160, 0x00000239cab65f90,
0x00000239cab664a0, 0x00000239cab69740, 0x00000239cab69c50, 0x00000239cab68d20,
0x00000239cab6a670, 0x00000239cab6d400, 0x00000239c33105b0, 0x00000239cab6de20,
0x00000239cab669b0, 0x00000239cab6e330, 0x00000239cab67df0, 0x00000239cab66ec0,
0x00000239cab6e840, 0x00000239cab673d0, 0x00000239cab6ed50, 0x00000239cab678e0,
0x00000239cab74360, 0x00000239cab71ff0, 0x00000239cab74870, 0x00000239cab74d80,
0x00000239cab6f260, 0x00000239cab71ae0, 0x00000239cab72500, 0x00000239cab73430,
0x00000239cab6fc80, 0x00000239cab73e50, 0x00000239cab710c0, 0x00000239cadbcb00,
0x00000239cab70190, 0x00000239cab6cef0, 0x00000239cb05b900, 0x00000239cb0549a0,
0x00000239c1ae8590, 0x00000239c1ae94c0, 0x00000239bf2b2c00, 0x00000239ca1aadb0,
0x00000239ca1a9e80, 0x00000239ca1a8020, 0x00000239ca1a8530, 0x00000239ca1a9970
}
_to_delete_list=0x00000239c2a82580, length=235, elements={
0x000002395aa57730, 0x0000023975ef25c0, 0x0000023975ef3350, 0x0000023975f0c360,
0x0000023975f0ed40, 0x0000023975f0f610, 0x0000023975f0fee0, 0x0000023975f10ae0,
0x0000023975f11c10, 0x0000023975f14530, 0x0000023978bc7390, 0x0000023978cbbb00,
0x00000239beab6ca0, 0x0000023978bf8b80, 0x0000023978bf6fe0, 0x00000239be287210,
0x00000239bf4a2820, 0x00000239bf5c7810, 0x00000239bf5c8230, 0x00000239bf5c5ec0,
0x00000239bf5c7d20, 0x00000239bf5c8740, 0x00000239bf5c8c50, 0x00000239bf5c9160,
0x00000239bf5c59b0, 0x00000239bf5c68e0, 0x00000239bf5c6df0, 0x00000239bf5c7300,
0x00000239c125cec0, 0x00000239c125c4a0, 0x00000239c125d3d0, 0x00000239c1256e90,
0x00000239c125a130, 0x00000239c1257dc0, 0x00000239c1259c20, 0x00000239c125b570,
0x00000239c125ddf0, 0x00000239c125a640, 0x00000239c1259200, 0x00000239c12587e0,
0x00000239c125b060, 0x00000239c125ab50, 0x00000239c125ba80, 0x00000239c125e300,
0x00000239c12578b0, 0x00000239c125bf90, 0x00000239c125d8e0, 0x00000239c12582d0,
0x00000239c125e810, 0x00000239c12573a0, 0x00000239c1258cf0, 0x00000239c1959920,
0x00000239c195d0d0, 0x00000239c195f440, 0x00000239c1957fd0, 0x00000239c195c6b0,
0x00000239c195a850, 0x00000239c195d5e0, 0x00000239c195cbc0, 0x00000239c195b270,
0x00000239c195c1a0, 0x00000239c195b780, 0x00000239c195ad60, 0x00000239c195daf0,
0x00000239c195f950, 0x00000239c195ef30, 0x00000239c19584e0, 0x00000239c195e000,
0x00000239c195e510, 0x00000239c195bc90, 0x00000239c1958f00, 0x00000239c1959410,
0x00000239c1959e30, 0x00000239c195a340, 0x00000239bf2b17c0, 0x00000239bf2ae010,
0x00000239bf2b3110, 0x00000239bf2abca0, 0x00000239bf2adb00, 0x00000239bf2acbd0,
0x00000239bf2b26f0, 0x00000239bf2b1cd0, 0x00000239bf2ad0e0, 0x00000239bf2b3620,
0x00000239bf2ae520, 0x00000239bf2ac1b0, 0x00000239bf2b21e0, 0x00000239bf2ad5f0,
0x00000239bf2ac6c0, 0x00000239bf2aea30, 0x00000239bf2b0da0, 0x00000239bf2aef40,
0x00000239bf2af450, 0x00000239bf2b12b0, 0x00000239bf2af960, 0x00000239bf2b0380,
0x00000239bf2afe70, 0x00000239bf2b0890, 0x00000239bfdd7f90, 0x00000239bfdd98e0,
0x00000239bfdddfc0, 0x00000239bfdda300, 0x00000239bfddd5a0, 0x00000239bfddad20,
0x00000239bfdd8ec0, 0x00000239bfddd090, 0x00000239bfdd84a0, 0x00000239bfdddab0,
0x00000239bfdde4d0, 0x00000239bfddb230, 0x00000239bfddb740, 0x00000239bfdd9df0,
0x00000239bfdda810, 0x00000239bfddc670, 0x00000239bfdd7060, 0x00000239bfdde9e0,
0x00000239bfdd7570, 0x00000239bfddc160, 0x00000239bfdd93d0, 0x00000239bfddcb80,
0x00000239bfdd7a80, 0x00000239bfdd89b0, 0x00000239c12a7110, 0x00000239c12ac720,
0x00000239c12ad140, 0x00000239c12aa3b0, 0x00000239c12a66f0, 0x00000239c12aa8c0,
0x00000239c12ab7f0, 0x00000239c12abd00, 0x00000239c12ac210, 0x00000239c12a9ea0,
0x00000239c12a7620, 0x00000239c12acc30, 0x00000239c12a5cd0, 0x00000239c12a7b30,
0x00000239c12a6c00, 0x00000239c12a8040, 0x00000239c12aadd0, 0x00000239c12a8550,
0x00000239c12ad650, 0x00000239c12ab2e0, 0x00000239c12a8a60, 0x00000239c12a8f70,
0x00000239c12a9480, 0x00000239c12a9990, 0x00000239c12a61e0, 0x00000239c1623900,
0x00000239c16224c0, 0x00000239c1623e10, 0x00000239c1aed690, 0x00000239c1ae6730,
0x00000239c1aec250, 0x00000239c1ae6c40, 0x00000239c1ae7150, 0x00000239c1aeae10,
0x00000239c1aec760, 0x00000239c1aea900, 0x00000239c1ae7660, 0x00000239c1ae8fb0,
0x00000239c1ae9ee0, 0x00000239c1aeb320, 0x00000239c1aeb830, 0x00000239c1aebd40,
0x00000239c2b03470, 0x00000239c2affcc0, 0x00000239c2b02a50, 0x00000239c2b01610,
0x00000239c2b02f60, 0x00000239c2b001d0, 0x00000239c2b006e0, 0x00000239c2b00bf0,
0x00000239c2b02540, 0x00000239c3b9da70, 0x00000239c3b9ace0, 0x00000239c3b9d560,
0x00000239c3b9a7d0, 0x00000239c3b9b1f0, 0x00000239c3b9cb40, 0x00000239c3b9bc10,
0x00000239c3b9c630, 0x00000239c1624320, 0x00000239cb0558d0, 0x00000239cb059fb0,
0x00000239cb0562f0, 0x00000239cb056800, 0x00000239cb059590, 0x00000239cb05a4c0,
0x00000239cb05aee0, 0x00000239c2b01b20, 0x00000239c16233f0, 0x00000239cab68810,
0x00000239cab65a80, 0x00000239cab69230, 0x00000239cab6a160, 0x00000239cab65f90,
0x00000239cab664a0, 0x00000239cab69740, 0x00000239cab69c50, 0x00000239cab68d20,
0x00000239cab6a670, 0x00000239cab6d400, 0x00000239c33105b0, 0x00000239cab6de20,
0x00000239cab669b0, 0x00000239cab6e330, 0x00000239cab67df0, 0x00000239cab66ec0,
0x00000239cab6e840, 0x00000239cab673d0, 0x00000239cab6ed50, 0x00000239cab678e0,
0x00000239cab74360, 0x00000239cab71ff0, 0x00000239cab74870, 0x00000239cab74d80,
0x00000239cab6f260, 0x00000239cab71ae0, 0x00000239cab72500, 0x00000239cab73430,
0x00000239cab6fc80, 0x00000239cab73e50, 0x00000239cab710c0, 0x00000239cadbcb00,
0x00000239cab70190, 0x00000239cab6cef0, 0x00000239cb05b900, 0x00000239cb0549a0,
0x00000239c1ae8590, 0x00000239c1ae94c0, 0x00000239bf2b2c00, 0x00000239ca1aadb0,
0x00000239ca1a9e80, 0x00000239ca1a8020, 0x00000239ca1a8530
}

Java Threads: ( => current thread )
  0x000002395aa57730 JavaThread "main" [_thread_blocked, id=101696, stack(0x0000003c1e600000,0x0000003c1e700000)]
  0x0000023975ef25c0 JavaThread "Reference Handler" daemon [_thread_blocked, id=102068, stack(0x0000003c1ed00000,0x0000003c1ee00000)]
  0x0000023975ef3350 JavaThread "Finalizer" daemon [_thread_blocked, id=102344, stack(0x0000003c1ee00000,0x0000003c1ef00000)]
  0x0000023975f0c360 JavaThread "Signal Dispatcher" daemon [_thread_blocked, id=105732, stack(0x0000003c1f000000,0x0000003c1f100000)]
  0x0000023975f0ed40 JavaThread "Attach Listener" daemon [_thread_blocked, id=101180, stack(0x0000003c1f100000,0x0000003c1f200000)]
  0x0000023975f0f610 JavaThread "Service Thread" daemon [_thread_blocked, id=101964, stack(0x0000003c1f200000,0x0000003c1f300000)]
  0x0000023975f0fee0 JavaThread "Monitor Deflation Thread" daemon [_thread_blocked, id=101980, stack(0x0000003c1f300000,0x0000003c1f400000)]
=>0x0000023975f10ae0 JavaThread "C2 CompilerThread0" daemon [_thread_in_native, id=102312, stack(0x0000003c1f400000,0x0000003c1f500000)]
  0x0000023975f11c10 JavaThread "C1 CompilerThread0" daemon [_thread_in_vm, id=99552, stack(0x0000003c1f500000,0x0000003c1f600000)] _threads_hazard_ptr=0x00000239ccb15ca0
  0x0000023975f14530 JavaThread "Sweeper thread" daemon [_thread_blocked, id=102348, stack(0x0000003c1f600000,0x0000003c1f700000)]
  0x0000023978bc7390 JavaThread "Common-Cleaner" daemon [_thread_blocked, id=100024, stack(0x0000003c1f700000,0x0000003c1f800000)]
  0x0000023978cbbb00 JavaThread "Notification Thread" daemon [_thread_blocked, id=105668, stack(0x0000003c1f800000,0x0000003c1f900000)]
  0x00000239beab6ca0 JavaThread "Daemon health stats" [_thread_blocked, id=102952, stack(0x0000003c1fc00000,0x0000003c1fd00000)]
  0x0000023978bf8b80 JavaThread "Incoming local TCP Connector on port 61783" [_thread_in_native, id=105436, stack(0x0000003c1ff00000,0x0000003c20000000)]
  0x0000023978bf6fe0 JavaThread "Daemon periodic checks" [_thread_blocked, id=103152, stack(0x0000003c20000000,0x0000003c20100000)]
  0x00000239be287210 JavaThread "Daemon" [_thread_blocked, id=103036, stack(0x0000003c20100000,0x0000003c20200000)]
  0x00000239bf4a2820 JavaThread "Handler for socket connection from /127.0.0.1:61783 to /127.0.0.1:61784" [_thread_in_native, id=102524, stack(0x0000003c20200000,0x0000003c20300000)]
  0x00000239bf5c7810 JavaThread "Cancel handler" [_thread_blocked, id=103372, stack(0x0000003c20300000,0x0000003c20400000)]
  0x00000239bf5c8230 JavaThread "Daemon worker" [_thread_blocked, id=103000, stack(0x0000003c20400000,0x0000003c20500000)]
  0x00000239bf5c5ec0 JavaThread "Asynchronous log dispatcher for DefaultDaemonConnection: socket connection from /127.0.0.1:61783 to /127.0.0.1:61784" [_thread_blocked, id=98308, stack(0x0000003c20500000,0x0000003c20600000)]
  0x00000239bf5c7d20 JavaThread "Stdin handler" [_thread_blocked, id=102700, stack(0x0000003c20600000,0x0000003c20700000)]
  0x00000239bf5c8740 JavaThread "Daemon client event forwarder" [_thread_blocked, id=106212, stack(0x0000003c20700000,0x0000003c20800000)]
  0x00000239bf5c8c50 JavaThread "Cache worker for journal cache (C:\Users\PMLS\.gradle\caches\journal-1)" [_thread_blocked, id=101756, stack(0x0000003c20800000,0x0000003c20900000)]
  0x00000239bf5c9160 JavaThread "File lock request listener" [_thread_in_native, id=104380, stack(0x0000003c20900000,0x0000003c20a00000)]
  0x00000239bf5c59b0 JavaThread "Cache worker for file hash cache (C:\Users\PMLS\.gradle\caches\8.14\fileHashes)" [_thread_blocked, id=104460, stack(0x0000003c20a00000,0x0000003c20b00000)]
  0x00000239bf5c68e0 JavaThread "Cache worker for file hash cache (D:\my_app\SafeConnect\safeconnect\android\.gradle\8.14\fileHashes)" [_thread_blocked, id=102420, stack(0x0000003c21000000,0x0000003c21100000)]
  0x00000239bf5c6df0 JavaThread "Cache worker for Build Output Cleanup Cache (D:\my_app\SafeConnect\safeconnect\android\.gradle\buildOutputCleanup)" [_thread_blocked, id=104996, stack(0x0000003c21100000,0x0000003c21200000)]
  0x00000239bf5c7300 JavaThread "File watcher server" daemon [_thread_in_native, id=102764, stack(0x0000003c21500000,0x0000003c21600000)]
  0x00000239c125cec0 JavaThread "File watcher consumer" daemon [_thread_blocked, id=105212, stack(0x0000003c21600000,0x0000003c21700000)]
  0x00000239c125c4a0 JavaThread "Cache worker for checksums cache (D:\my_app\SafeConnect\safeconnect\android\.gradle\8.14\checksums)" [_thread_blocked, id=104408, stack(0x0000003c21700000,0x0000003c21800000)]
  0x00000239c125d3d0 JavaThread "Cache worker for file content cache (C:\Users\PMLS\.gradle\caches\8.14\fileContent)" [_thread_blocked, id=106456, stack(0x0000003c21800000,0x0000003c21900000)]
  0x00000239c1256e90 JavaThread "Cache worker for cache directory md-supplier (C:\Users\PMLS\.gradle\caches\8.14\md-supplier)" [_thread_blocked, id=103004, stack(0x0000003c21900000,0x0000003c21a00000)]
  0x00000239c125a130 JavaThread "Cache worker for cache directory md-rule (C:\Users\PMLS\.gradle\caches\8.14\md-rule)" [_thread_blocked, id=102788, stack(0x0000003c21a00000,0x0000003c21b00000)]
  0x00000239c1257dc0 JavaThread "Cache worker for Build Output Cleanup Cache (C:\src\flutter\packages\flutter_tools\gradle\.gradle\buildOutputCleanup)" [_thread_blocked, id=102960, stack(0x0000003c21b00000,0x0000003c21c00000)]
  0x00000239c1259c20 JavaThread "Unconstrained build operations" [_thread_blocked, id=103916, stack(0x0000003c21d00000,0x0000003c21e00000)]
  0x00000239c125b570 JavaThread "Unconstrained build operations Thread 2" [_thread_blocked, id=105712, stack(0x0000003c21e00000,0x0000003c21f00000)]
  0x00000239c125ddf0 JavaThread "Unconstrained build operations Thread 3" [_thread_blocked, id=101492, stack(0x0000003c21f00000,0x0000003c22000000)]
  0x00000239c125a640 JavaThread "Unconstrained build operations Thread 4" [_thread_blocked, id=101884, stack(0x0000003c22000000,0x0000003c22100000)]
  0x00000239c1259200 JavaThread "Unconstrained build operations Thread 5" [_thread_blocked, id=102620, stack(0x0000003c22100000,0x0000003c22200000)]
  0x00000239c12587e0 JavaThread "Unconstrained build operations Thread 6" [_thread_blocked, id=102660, stack(0x0000003c22200000,0x0000003c22300000)]
  0x00000239c125b060 JavaThread "Unconstrained build operations Thread 7" [_thread_blocked, id=105412, stack(0x0000003c22300000,0x0000003c22400000)]
  0x00000239c125ab50 JavaThread "Unconstrained build operations Thread 8" [_thread_blocked, id=105444, stack(0x0000003c22400000,0x0000003c22500000)]
  0x00000239c125ba80 JavaThread "Unconstrained build operations Thread 9" [_thread_blocked, id=102424, stack(0x0000003c22500000,0x0000003c22600000)]
  0x00000239c125e300 JavaThread "Unconstrained build operations Thread 10" [_thread_blocked, id=101360, stack(0x0000003c22600000,0x0000003c22700000)]
  0x00000239c12578b0 JavaThread "Unconstrained build operations Thread 11" [_thread_blocked, id=102088, stack(0x0000003c22700000,0x0000003c22800000)]
  0x00000239c125bf90 JavaThread "Unconstrained build operations Thread 12" [_thread_blocked, id=103324, stack(0x0000003c22800000,0x0000003c22900000)]
  0x00000239c125d8e0 JavaThread "Unconstrained build operations Thread 13" [_thread_blocked, id=105900, stack(0x0000003c22900000,0x0000003c22a00000)]
  0x00000239c12582d0 JavaThread "Unconstrained build operations Thread 14" [_thread_blocked, id=103708, stack(0x0000003c22a00000,0x0000003c22b00000)]
  0x00000239c125e810 JavaThread "Unconstrained build operations Thread 15" [_thread_blocked, id=104660, stack(0x0000003c22b00000,0x0000003c22c00000)]
  0x00000239c12573a0 JavaThread "Unconstrained build operations Thread 16" [_thread_blocked, id=105996, stack(0x0000003c22c00000,0x0000003c22d00000)]
  0x00000239c1258cf0 JavaThread "Unconstrained build operations Thread 17" [_thread_blocked, id=105988, stack(0x0000003c22d00000,0x0000003c22e00000)]
  0x00000239c1959920 JavaThread "Unconstrained build operations Thread 18" [_thread_blocked, id=105896, stack(0x0000003c22e00000,0x0000003c22f00000)]
  0x00000239c195d0d0 JavaThread "Unconstrained build operations Thread 19" [_thread_blocked, id=106008, stack(0x0000003c22f00000,0x0000003c23000000)]
  0x00000239c195f440 JavaThread "Unconstrained build operations Thread 20" [_thread_blocked, id=106028, stack(0x0000003c23000000,0x0000003c23100000)]
  0x00000239c1957fd0 JavaThread "Unconstrained build operations Thread 21" [_thread_blocked, id=106012, stack(0x0000003c23100000,0x0000003c23200000)]
  0x00000239c195c6b0 JavaThread "Unconstrained build operations Thread 22" [_thread_blocked, id=105704, stack(0x0000003c23200000,0x0000003c23300000)]
  0x00000239c195a850 JavaThread "Unconstrained build operations Thread 23" [_thread_blocked, id=99580, stack(0x0000003c23300000,0x0000003c23400000)]
  0x00000239c195d5e0 JavaThread "Unconstrained build operations Thread 24" [_thread_blocked, id=105940, stack(0x0000003c23400000,0x0000003c23500000)]
  0x00000239c195cbc0 JavaThread "Unconstrained build operations Thread 25" [_thread_blocked, id=106004, stack(0x0000003c23500000,0x0000003c23600000)]
  0x00000239c195b270 JavaThread "Unconstrained build operations Thread 26" [_thread_blocked, id=103516, stack(0x0000003c23600000,0x0000003c23700000)]
  0x00000239c195c1a0 JavaThread "Unconstrained build operations Thread 27" [_thread_blocked, id=105736, stack(0x0000003c23700000,0x0000003c23800000)]
  0x00000239c195b780 JavaThread "Unconstrained build operations Thread 28" [_thread_blocked, id=106316, stack(0x0000003c23800000,0x0000003c23900000)]
  0x00000239c195ad60 JavaThread "Unconstrained build operations Thread 29" [_thread_blocked, id=102512, stack(0x0000003c23900000,0x0000003c23a00000)]
  0x00000239c195daf0 JavaThread "Unconstrained build operations Thread 30" [_thread_blocked, id=105392, stack(0x0000003c23a00000,0x0000003c23b00000)]
  0x00000239c195f950 JavaThread "Unconstrained build operations Thread 31" [_thread_blocked, id=105560, stack(0x0000003c23b00000,0x0000003c23c00000)]
  0x00000239c195ef30 JavaThread "Unconstrained build operations Thread 32" [_thread_blocked, id=105728, stack(0x0000003c23c00000,0x0000003c23d00000)]
  0x00000239c19584e0 JavaThread "Unconstrained build operations Thread 33" [_thread_blocked, id=105792, stack(0x0000003c23d00000,0x0000003c23e00000)]
  0x00000239c195e000 JavaThread "Memory manager" [_thread_blocked, id=103860, stack(0x0000003c21c00000,0x0000003c21d00000)]
  0x00000239c195e510 JavaThread "build event listener" [_thread_blocked, id=82844, stack(0x0000003c23e00000,0x0000003c23f00000)]
  0x00000239c195bc90 JavaThread "included builds" [_thread_blocked, id=105724, stack(0x0000003c23f00000,0x0000003c24000000)]
  0x00000239c1958f00 JavaThread "Execution worker" [_thread_in_vm, id=100064, stack(0x0000003c24000000,0x0000003c24100000)]
  0x00000239c1959410 JavaThread "Execution worker Thread 2" [_thread_blocked, id=103040, stack(0x0000003c24100000,0x0000003c24200000)]
  0x00000239c1959e30 JavaThread "Execution worker Thread 3" [_thread_blocked, id=104548, stack(0x0000003c24200000,0x0000003c24300000)]
  0x00000239c195a340 JavaThread "Execution worker Thread 4" [_thread_blocked, id=103028, stack(0x0000003c24300000,0x0000003c24400000)]
  0x00000239bf2b17c0 JavaThread "Execution worker Thread 5" [_thread_in_vm, id=102708, stack(0x0000003c24400000,0x0000003c24500000)]
  0x00000239bf2ae010 JavaThread "Execution worker Thread 6" [_thread_in_Java, id=100156, stack(0x0000003c24500000,0x0000003c24600000)]
  0x00000239bf2b3110 JavaThread "Execution worker Thread 7" [_thread_blocked, id=105872, stack(0x0000003c24600000,0x0000003c24700000)]
  0x00000239bf2abca0 JavaThread "Execution worker Thread 8" [_thread_blocked, id=105796, stack(0x0000003c24700000,0x0000003c24800000)]
  0x00000239bf2adb00 JavaThread "Execution worker Thread 9" [_thread_in_Java, id=106436, stack(0x0000003c24800000,0x0000003c24900000)]
  0x00000239bf2acbd0 JavaThread "Execution worker Thread 10" [_thread_in_native, id=106376, stack(0x0000003c24900000,0x0000003c24a00000)]
  0x00000239bf2b26f0 JavaThread "Execution worker Thread 11" [_thread_in_vm, id=106380, stack(0x0000003c24a00000,0x0000003c24b00000)]
  0x00000239bf2b1cd0 JavaThread "Cache worker for execution history cache (C:\src\flutter\packages\flutter_tools\gradle\.gradle\8.14\executionHistory)" [_thread_blocked, id=92152, stack(0x0000003c24b00000,0x0000003c24c00000)]
  0x00000239bf2ad0e0 JavaThread "Unconstrained build operations Thread 34" [_thread_blocked, id=106444, stack(0x0000003c24c00000,0x0000003c24d00000)]
  0x00000239bf2b3620 JavaThread "Unconstrained build operations Thread 35" [_thread_blocked, id=106040, stack(0x0000003c24d00000,0x0000003c24e00000)]
  0x00000239bf2ae520 JavaThread "Unconstrained build operations Thread 36" [_thread_blocked, id=106064, stack(0x0000003c24e00000,0x0000003c24f00000)]
  0x00000239bf2ac1b0 JavaThread "Unconstrained build operations Thread 37" [_thread_blocked, id=105708, stack(0x0000003c24f00000,0x0000003c25000000)]
  0x00000239bf2b21e0 JavaThread "Unconstrained build operations Thread 38" [_thread_blocked, id=104208, stack(0x0000003c25000000,0x0000003c25100000)]
  0x00000239bf2ad5f0 JavaThread "Unconstrained build operations Thread 39" [_thread_blocked, id=105764, stack(0x0000003c25100000,0x0000003c25200000)]
  0x00000239bf2ac6c0 JavaThread "Unconstrained build operations Thread 40" [_thread_blocked, id=105928, stack(0x0000003c25200000,0x0000003c25300000)]
  0x00000239bf2aea30 JavaThread "Unconstrained build operations Thread 41" [_thread_blocked, id=104356, stack(0x0000003c25300000,0x0000003c25400000)]
  0x00000239bf2b0da0 JavaThread "Unconstrained build operations Thread 42" [_thread_blocked, id=105812, stack(0x0000003c25400000,0x0000003c25500000)]
  0x00000239bf2aef40 JavaThread "Unconstrained build operations Thread 43" [_thread_blocked, id=104656, stack(0x0000003c25500000,0x0000003c25600000)]
  0x00000239bf2af450 JavaThread "Unconstrained build operations Thread 44" [_thread_blocked, id=105956, stack(0x0000003c25600000,0x0000003c25700000)]
  0x00000239bf2b12b0 JavaThread "Unconstrained build operations Thread 45" [_thread_blocked, id=103308, stack(0x0000003c25700000,0x0000003c25800000)]
  0x00000239bf2af960 JavaThread "Unconstrained build operations Thread 46" [_thread_blocked, id=105768, stack(0x0000003c25800000,0x0000003c25900000)]
  0x00000239bf2b0380 JavaThread "Unconstrained build operations Thread 47" [_thread_blocked, id=106424, stack(0x0000003c25900000,0x0000003c25a00000)]
  0x00000239bf2afe70 JavaThread "Unconstrained build operations Thread 48" [_thread_blocked, id=106128, stack(0x0000003c25a00000,0x0000003c25b00000)]
  0x00000239bf2b0890 JavaThread "Unconstrained build operations Thread 49" [_thread_blocked, id=104688, stack(0x0000003c25b00000,0x0000003c25c00000)]
  0x00000239bfdd7f90 JavaThread "Unconstrained build operations Thread 50" [_thread_blocked, id=106492, stack(0x0000003c25c00000,0x0000003c25d00000)]
  0x00000239bfdd98e0 JavaThread "Unconstrained build operations Thread 51" [_thread_blocked, id=102724, stack(0x0000003c25d00000,0x0000003c25e00000)]
  0x00000239bfdddfc0 JavaThread "Unconstrained build operations Thread 52" [_thread_blocked, id=98452, stack(0x0000003c25e00000,0x0000003c25f00000)]
  0x00000239bfdda300 JavaThread "Unconstrained build operations Thread 53" [_thread_blocked, id=102940, stack(0x0000003c25f00000,0x0000003c26000000)]
  0x00000239bfddd5a0 JavaThread "Unconstrained build operations Thread 54" [_thread_blocked, id=105968, stack(0x0000003c26000000,0x0000003c26100000)]
  0x00000239bfddad20 JavaThread "Unconstrained build operations Thread 55" [_thread_blocked, id=105852, stack(0x0000003c26100000,0x0000003c26200000)]
  0x00000239bfdd8ec0 JavaThread "Unconstrained build operations Thread 56" [_thread_blocked, id=104792, stack(0x0000003c26200000,0x0000003c26300000)]
  0x00000239bfddd090 JavaThread "Unconstrained build operations Thread 57" [_thread_blocked, id=105844, stack(0x0000003c26300000,0x0000003c26400000)]
  0x00000239bfdd84a0 JavaThread "Unconstrained build operations Thread 58" [_thread_blocked, id=99140, stack(0x0000003c26400000,0x0000003c26500000)]
  0x00000239bfdddab0 JavaThread "Unconstrained build operations Thread 59" [_thread_blocked, id=58904, stack(0x0000003c26500000,0x0000003c26600000)]
  0x00000239bfdde4d0 JavaThread "Unconstrained build operations Thread 60" [_thread_blocked, id=103144, stack(0x0000003c26600000,0x0000003c26700000)]
  0x00000239bfddb230 JavaThread "Unconstrained build operations Thread 61" [_thread_blocked, id=105952, stack(0x0000003c26700000,0x0000003c26800000)]
  0x00000239bfddb740 JavaThread "Unconstrained build operations Thread 62" [_thread_blocked, id=103060, stack(0x0000003c26800000,0x0000003c26900000)]
  0x00000239bfdd9df0 JavaThread "Unconstrained build operations Thread 63" [_thread_blocked, id=101776, stack(0x0000003c26900000,0x0000003c26a00000)]
  0x00000239bfdda810 JavaThread "Unconstrained build operations Thread 64" [_thread_blocked, id=102984, stack(0x0000003c26a00000,0x0000003c26b00000)]
  0x00000239bfddc670 JavaThread "Unconstrained build operations Thread 65" [_thread_blocked, id=90228, stack(0x0000003c26b00000,0x0000003c26c00000)]
  0x00000239bfdd7060 JavaThread "Unconstrained build operations Thread 66" [_thread_blocked, id=102516, stack(0x0000003c26c00000,0x0000003c26d00000)]
  0x00000239bfdde9e0 JavaThread "Unconstrained build operations Thread 67" [_thread_blocked, id=106160, stack(0x0000003c26d00000,0x0000003c26e00000)]
  0x00000239bfdd7570 JavaThread "Unconstrained build operations Thread 68" [_thread_blocked, id=91968, stack(0x0000003c26e00000,0x0000003c26f00000)]
  0x00000239bfddc160 JavaThread "Unconstrained build operations Thread 69" [_thread_blocked, id=104676, stack(0x0000003c21400000,0x0000003c21500000)]
  0x00000239bfdd93d0 JavaThread "Unconstrained build operations Thread 70" [_thread_blocked, id=104680, stack(0x0000003c26f00000,0x0000003c27000000)]
  0x00000239bfddcb80 JavaThread "Unconstrained build operations Thread 71" [_thread_blocked, id=103264, stack(0x0000003c27000000,0x0000003c27100000)]
  0x00000239bfdd7a80 JavaThread "Unconstrained build operations Thread 72" [_thread_blocked, id=98836, stack(0x0000003c27100000,0x0000003c27200000)]
  0x00000239bfdd89b0 JavaThread "Unconstrained build operations Thread 73" [_thread_blocked, id=90584, stack(0x0000003c27200000,0x0000003c27300000)]
  0x00000239c12a7110 JavaThread "Unconstrained build operations Thread 74" [_thread_blocked, id=98096, stack(0x0000003c27300000,0x0000003c27400000)]
  0x00000239c12ac720 JavaThread "Unconstrained build operations Thread 75" [_thread_blocked, id=97836, stack(0x0000003c27400000,0x0000003c27500000)]
  0x00000239c12ad140 JavaThread "Unconstrained build operations Thread 76" [_thread_blocked, id=102668, stack(0x0000003c27500000,0x0000003c27600000)]
  0x00000239c12aa3b0 JavaThread "Unconstrained build operations Thread 77" [_thread_blocked, id=101924, stack(0x0000003c27600000,0x0000003c27700000)]
  0x00000239c12a66f0 JavaThread "Unconstrained build operations Thread 78" [_thread_blocked, id=105948, stack(0x0000003c27700000,0x0000003c27800000)]
  0x00000239c12aa8c0 JavaThread "Unconstrained build operations Thread 79" [_thread_blocked, id=105656, stack(0x0000003c27800000,0x0000003c27900000)]
  0x00000239c12ab7f0 JavaThread "Unconstrained build operations Thread 80" [_thread_blocked, id=105632, stack(0x0000003c27900000,0x0000003c27a00000)]
  0x00000239c12abd00 JavaThread "Unconstrained build operations Thread 81" [_thread_blocked, id=106116, stack(0x0000003c27a00000,0x0000003c27b00000)]
  0x00000239c12ac210 JavaThread "Unconstrained build operations Thread 82" [_thread_blocked, id=103252, stack(0x0000003c27b00000,0x0000003c27c00000)]
  0x00000239c12a9ea0 JavaThread "Unconstrained build operations Thread 83" [_thread_blocked, id=105652, stack(0x0000003c27c00000,0x0000003c27d00000)]
  0x00000239c12a7620 JavaThread "Unconstrained build operations Thread 84" [_thread_blocked, id=102232, stack(0x0000003c27d00000,0x0000003c27e00000)]
  0x00000239c12acc30 JavaThread "Unconstrained build operations Thread 85" [_thread_blocked, id=106488, stack(0x0000003c27e00000,0x0000003c27f00000)]
  0x00000239c12a5cd0 JavaThread "Unconstrained build operations Thread 86" [_thread_blocked, id=73832, stack(0x0000003c27f00000,0x0000003c28000000)]
  0x00000239c12a7b30 JavaThread "Unconstrained build operations Thread 87" [_thread_blocked, id=104628, stack(0x0000003c28000000,0x0000003c28100000)]
  0x00000239c12a6c00 JavaThread "Unconstrained build operations Thread 88" [_thread_blocked, id=104652, stack(0x0000003c28100000,0x0000003c28200000)]
  0x00000239c12a8040 JavaThread "Unconstrained build operations Thread 89" [_thread_blocked, id=106428, stack(0x0000003c28200000,0x0000003c28300000)]
  0x00000239c12aadd0 JavaThread "Unconstrained build operations Thread 90" [_thread_blocked, id=104692, stack(0x0000003c28400000,0x0000003c28500000)]
  0x00000239c12a8550 JavaThread "Unconstrained build operations Thread 91" [_thread_blocked, id=101704, stack(0x0000003c28500000,0x0000003c28600000)]
  0x00000239c12ad650 JavaThread "Unconstrained build operations Thread 92" [_thread_blocked, id=104588, stack(0x0000003c28600000,0x0000003c28700000)]
  0x00000239c12ab2e0 JavaThread "Unconstrained build operations Thread 93" [_thread_blocked, id=104140, stack(0x0000003c28700000,0x0000003c28800000)]
  0x00000239c12a8a60 JavaThread "Unconstrained build operations Thread 94" [_thread_blocked, id=105448, stack(0x0000003c28800000,0x0000003c28900000)]
  0x00000239c12a8f70 JavaThread "Unconstrained build operations Thread 95" [_thread_blocked, id=105860, stack(0x0000003c28900000,0x0000003c28a00000)]
  0x00000239c12a9480 JavaThread "Unconstrained build operations Thread 96" [_thread_blocked, id=101636, stack(0x0000003c28a00000,0x0000003c28b00000)]
  0x00000239c12a9990 JavaThread "Unconstrained build operations Thread 97" [_thread_blocked, id=102808, stack(0x0000003c28b00000,0x0000003c28c00000)]
  0x00000239c12a61e0 JavaThread "Unconstrained build operations Thread 98" [_thread_blocked, id=105628, stack(0x0000003c28c00000,0x0000003c28d00000)]
  0x00000239c1623900 JavaThread "Unconstrained build operations Thread 99" [_thread_blocked, id=105776, stack(0x0000003c28d00000,0x0000003c28e00000)]
  0x00000239c16224c0 JavaThread "Unconstrained build operations Thread 100" [_thread_blocked, id=102300, stack(0x0000003c28e00000,0x0000003c28f00000)]
  0x00000239c1623e10 JavaThread "Unconstrained build operations Thread 101" [_thread_blocked, id=84032, stack(0x0000003c28f00000,0x0000003c29000000)]
  0x00000239c1aed690 JavaThread "build event listener" [_thread_blocked, id=103244, stack(0x0000003c29100000,0x0000003c29200000)]
  0x00000239c1ae6730 JavaThread "jar transforms" [_thread_blocked, id=107172, stack(0x0000003c29400000,0x0000003c29500000)]
  0x00000239c1aec250 JavaThread "Unconstrained build operations Thread 102" [_thread_blocked, id=107360, stack(0x0000003c29500000,0x0000003c29600000)]
  0x00000239c1ae6c40 JavaThread "Unconstrained build operations Thread 103" [_thread_blocked, id=107364, stack(0x0000003c29600000,0x0000003c29700000)]
  0x00000239c1ae7150 JavaThread "Unconstrained build operations Thread 104" [_thread_blocked, id=107368, stack(0x0000003c29700000,0x0000003c29800000)]
  0x00000239c1aeae10 JavaThread "Unconstrained build operations Thread 105" [_thread_blocked, id=107372, stack(0x0000003c29800000,0x0000003c29900000)]
  0x00000239c1aec760 JavaThread "Unconstrained build operations Thread 106" [_thread_blocked, id=107376, stack(0x0000003c29900000,0x0000003c29a00000)]
  0x00000239c1aea900 JavaThread "Unconstrained build operations Thread 107" [_thread_blocked, id=107380, stack(0x0000003c29a00000,0x0000003c29b00000)]
  0x00000239c1ae7660 JavaThread "Unconstrained build operations Thread 108" [_thread_blocked, id=107384, stack(0x0000003c29b00000,0x0000003c29c00000)]
  0x00000239c1ae8fb0 JavaThread "Unconstrained build operations Thread 109" [_thread_blocked, id=107388, stack(0x0000003c29c00000,0x0000003c29d00000)]
  0x00000239c1ae9ee0 JavaThread "Unconstrained build operations Thread 110" [_thread_blocked, id=107392, stack(0x0000003c29d00000,0x0000003c29e00000)]
  0x00000239c1aeb320 JavaThread "Unconstrained build operations Thread 111" [_thread_blocked, id=107396, stack(0x0000003c29e00000,0x0000003c29f00000)]
  0x00000239c1aeb830 JavaThread "Unconstrained build operations Thread 112" [_thread_blocked, id=107400, stack(0x0000003c29f00000,0x0000003c2a000000)]
  0x00000239c1aebd40 JavaThread "Unconstrained build operations Thread 113" [_thread_blocked, id=107460, stack(0x0000003c2a000000,0x0000003c2a100000)]
  0x00000239c2b03470 JavaThread "Unconstrained build operations Thread 114" [_thread_blocked, id=107464, stack(0x0000003c2a100000,0x0000003c2a200000)]
  0x00000239c2affcc0 JavaThread "Unconstrained build operations Thread 115" [_thread_blocked, id=107472, stack(0x0000003c2a200000,0x0000003c2a300000)]
  0x00000239c2b02a50 JavaThread "Unconstrained build operations Thread 116" [_thread_blocked, id=107484, stack(0x0000003c2a300000,0x0000003c2a400000)]
  0x00000239c2b01610 JavaThread "Unconstrained build operations Thread 117" [_thread_blocked, id=107488, stack(0x0000003c2a400000,0x0000003c2a500000)]
  0x00000239c2b02f60 JavaThread "Unconstrained build operations Thread 118" [_thread_blocked, id=107492, stack(0x0000003c2a500000,0x0000003c2a600000)]
  0x00000239c2b001d0 JavaThread "Unconstrained build operations Thread 119" [_thread_blocked, id=107496, stack(0x0000003c2a600000,0x0000003c2a700000)]
  0x00000239c2b006e0 JavaThread "Unconstrained build operations Thread 120" [_thread_blocked, id=107500, stack(0x0000003c2a700000,0x0000003c2a800000)]
  0x00000239c2b00bf0 JavaThread "jar transforms Thread 2" [_thread_blocked, id=60684, stack(0x0000003c2a800000,0x0000003c2a900000)]
  0x00000239c2b02540 JavaThread "Problems report writer" [_thread_blocked, id=106524, stack(0x0000003c2a900000,0x0000003c2aa00000)]
  0x00000239c3b9da70 JavaThread "jar transforms Thread 3" [_thread_blocked, id=107248, stack(0x0000003c2ab00000,0x0000003c2ac00000)]
  0x00000239c3b9ace0 JavaThread "jar transforms Thread 4" [_thread_blocked, id=107444, stack(0x0000003c2ac00000,0x0000003c2ad00000)]
  0x00000239c3b9d560 JavaThread "jar transforms Thread 5" [_thread_blocked, id=107440, stack(0x0000003c2ad00000,0x0000003c2ae00000)]
  0x00000239c3b9a7d0 JavaThread "jar transforms Thread 6" [_thread_blocked, id=107456, stack(0x0000003c2ae00000,0x0000003c2af00000)]
  0x00000239c3b9b1f0 JavaThread "jar transforms Thread 7" [_thread_blocked, id=106540, stack(0x0000003c2af00000,0x0000003c2b000000)]
  0x00000239c3b9cb40 JavaThread "jar transforms Thread 8" [_thread_blocked, id=106544, stack(0x0000003c2b000000,0x0000003c2b100000)]
  0x00000239c3b9bc10 JavaThread "jar transforms Thread 9" [_thread_blocked, id=106860, stack(0x0000003c2b100000,0x0000003c2b200000)]
  0x00000239c3b9c630 JavaThread "jar transforms Thread 10" [_thread_blocked, id=101452, stack(0x0000003c2b200000,0x0000003c2b300000)]
  0x00000239c1624320 JavaThread "jar transforms Thread 11" [_thread_blocked, id=107208, stack(0x0000003c2b300000,0x0000003c2b400000)]
  0x00000239cb0558d0 JavaThread "jar transforms Thread 12" [_thread_blocked, id=107216, stack(0x0000003c2b400000,0x0000003c2b500000)]
  0x00000239cb059fb0 JavaThread "Cache worker for execution history cache (D:\my_app\SafeConnect\safeconnect\android\.gradle\8.14\executionHistory)" [_thread_blocked, id=106908, stack(0x0000003c2b600000,0x0000003c2b700000)]
  0x00000239cb0562f0 JavaThread "Exec process" [_thread_blocked, id=5376, stack(0x0000003c29300000,0x0000003c29400000)]
  0x00000239cb056800 JavaThread "Exec process Thread 2" [_thread_blocked, id=107120, stack(0x0000003c29200000,0x0000003c29300000)]
  0x00000239cb059590 JavaThread "Exec process Thread 3" [_thread_blocked, id=107016, stack(0x0000003c2b700000,0x0000003c2b800000)]
  0x00000239cb05a4c0 JavaThread "WorkerExecutor Queue" [_thread_blocked, id=108052, stack(0x0000003c2bb00000,0x0000003c2bc00000)]
  0x00000239cb05aee0 JavaThread "WorkerExecutor Queue Thread 2" [_thread_in_native, id=108072, stack(0x0000003c2bc00000,0x0000003c2bd00000)]
  0x00000239c2b01b20 JavaThread "WorkerExecutor Queue Thread 3" [_thread_in_native, id=108168, stack(0x0000003c2bd00000,0x0000003c2be00000)]
  0x00000239c16233f0 JavaThread "WorkerExecutor Queue Thread 4" [_thread_blocked, id=101912, stack(0x0000003c2be00000,0x0000003c2bf00000)]
  0x00000239cab68810 JavaThread "WorkerExecutor Queue Thread 5" [_thread_in_native, id=107572, stack(0x0000003c2bf00000,0x0000003c2c000000)]
  0x00000239cab65a80 JavaThread "RMI Scheduler(0)" daemon [_thread_blocked, id=108320, stack(0x0000003c1e400000,0x0000003c1e500000)]
  0x00000239cab69230 JavaThread "RMI RenewClean-[127.0.0.1:17612,org.jetbrains.kotlin.daemon.common.LoopbackNetworkInterface$ClientLoopbackSocketFactory@29b37057]" daemon [_thread_blocked, id=107940, stack(0x0000003c1e500000,0x0000003c1e600000)]
  0x00000239cab6a160 JavaThread "RMI GC Daemon" daemon [_thread_blocked, id=108300, stack(0x0000003c2c000000,0x0000003c2c100000)]
  0x00000239cab65f90 JavaThread "WorkerExecutor Queue Thread 6" [_thread_blocked, id=106400, stack(0x0000003c2c100000,0x0000003c2c200000)]
  0x00000239cab664a0 JavaThread "RMI TCP Accept-0" daemon [_thread_in_native, id=107268, stack(0x0000003c2c300000,0x0000003c2c400000)]
  0x00000239cab69740 JavaThread "RMI Reaper" [_thread_blocked, id=108452, stack(0x0000003c2c400000,0x0000003c2c500000)]
  0x00000239cab69c50 JavaThread "RMI RenewClean-[127.0.0.1:17612,org.jetbrains.kotlin.daemon.common.LoopbackNetworkInterface$ClientLoopbackSocketFactory@2162b8cf]" daemon [_thread_blocked, id=108460, stack(0x0000003c2c600000,0x0000003c2c700000)]
  0x00000239cab68d20 JavaThread "RMI TCP Connection(idle)" daemon [_thread_blocked, id=108472, stack(0x0000003c2c700000,0x0000003c2c800000)]
  0x00000239cab6a670 JavaThread "RMI TCP Connection(idle)" daemon [_thread_blocked, id=108364, stack(0x0000003c2c800000,0x0000003c2c900000)]
  0x00000239cab6d400 JavaThread "Cache worker for Java compile cache (C:\Users\PMLS\.gradle\caches\8.14\javaCompile)" [_thread_blocked, id=98508, stack(0x0000003c2c900000,0x0000003c2ca00000)]
  0x00000239c33105b0 JavaThread "C2 CompilerThread1" daemon [_thread_in_native, id=107240, stack(0x0000003c2c200000,0x0000003c2c300000)]
  0x00000239cab6de20 JavaThread "Build operations" [_thread_blocked, id=108492, stack(0x0000003c2c500000,0x0000003c2c600000)]
  0x00000239cab669b0 JavaThread "Build operations Thread 2" [_thread_blocked, id=100548, stack(0x0000003c2ca00000,0x0000003c2cb00000)]
  0x00000239cab6e330 JavaThread "Build operations Thread 3" [_thread_blocked, id=108512, stack(0x0000003c2cb00000,0x0000003c2cc00000)]
  0x00000239cab67df0 JavaThread "Build operations Thread 4" [_thread_blocked, id=107540, stack(0x0000003c2cc00000,0x0000003c2cd00000)]
  0x00000239cab66ec0 JavaThread "Build operations Thread 5" [_thread_blocked, id=93436, stack(0x0000003c2cd00000,0x0000003c2ce00000)]
  0x00000239cab6e840 JavaThread "Build operations Thread 6" [_thread_blocked, id=107584, stack(0x0000003c2ce00000,0x0000003c2cf00000)]
  0x00000239cab673d0 JavaThread "Build operations Thread 7" [_thread_blocked, id=107692, stack(0x0000003c2cf00000,0x0000003c2d000000)]
  0x00000239cab6ed50 JavaThread "Build operations Thread 8" [_thread_blocked, id=105864, stack(0x0000003c2d000000,0x0000003c2d100000)]
  0x00000239cab678e0 JavaThread "Build operations Thread 9" [_thread_blocked, id=83184, stack(0x0000003c2d100000,0x0000003c2d200000)]
  0x00000239cab74360 JavaThread "Build operations Thread 10" [_thread_blocked, id=104096, stack(0x0000003c2d200000,0x0000003c2d300000)]
  0x00000239cab71ff0 JavaThread "Build operations Thread 11" [_thread_blocked, id=108028, stack(0x0000003c2d300000,0x0000003c2d400000)]
  0x00000239cab74870 JavaThread "WorkerExecutor Queue Thread 7" [_thread_blocked, id=107988, stack(0x0000003c2d400000,0x0000003c2d500000)]
  0x00000239cab74d80 JavaThread "WorkerExecutor Queue Thread 8" [_thread_blocked, id=107052, stack(0x0000003c2d500000,0x0000003c2d600000)]
  0x00000239cab6f260 JavaThread "WorkerExecutor Queue Thread 9" [_thread_in_Java, id=108120, stack(0x0000003c2d600000,0x0000003c2d700000)]
  0x00000239cab71ae0 JavaThread "RMI RenewClean-[127.0.0.1:17612,org.jetbrains.kotlin.daemon.common.LoopbackNetworkInterface$ClientLoopbackSocketFactory@68c28c8e]" daemon [_thread_blocked, id=107792, stack(0x0000003c2d700000,0x0000003c2d800000)]
  0x00000239cab72500 JavaThread "RMI TCP Connection(idle)" daemon [_thread_blocked, id=106832, stack(0x0000003c2d800000,0x0000003c2d900000)]
  0x00000239cab73430 JavaThread "Build operations Thread 12" [_thread_blocked, id=104616, stack(0x0000003c2d900000,0x0000003c2da00000)]
  0x00000239cab6fc80 JavaThread "WorkerExecutor Queue Thread 10" [_thread_blocked, id=107348, stack(0x0000003c2da00000,0x0000003c2db00000)]
  0x00000239cab73e50 JavaThread "WorkerExecutor Queue Thread 11" [_thread_blocked, id=107992, stack(0x0000003c2db00000,0x0000003c2dc00000)]
  0x00000239cab710c0 JavaThread "WorkerExecutor Queue Thread 12" [_thread_blocked, id=107768, stack(0x0000003c2dc00000,0x0000003c2dd00000)]
  0x00000239cadbcb00 JavaThread "C2 CompilerThread2" daemon [_thread_in_native, id=108308, stack(0x0000003c2de00000,0x0000003c2df00000)]
  0x00000239cab70190 JavaThread "ForkJoinPool-1-worker-1" daemon [_thread_blocked, id=107600, stack(0x0000003c2df00000,0x0000003c2e000000)]
  0x00000239cab6cef0 JavaThread "ForkJoinPool-1-worker-2" daemon [_thread_blocked, id=105024, stack(0x0000003c2e000000,0x0000003c2e100000)]
  0x00000239cb05b900 JavaThread "ForkJoinPool-1-worker-3" daemon [_thread_blocked, id=108016, stack(0x0000003c2e100000,0x0000003c2e200000)]
  0x00000239cb0549a0 JavaThread "ForkJoinPool-1-worker-4" daemon [_thread_blocked, id=107972, stack(0x0000003c2e200000,0x0000003c2e300000)]
  0x00000239c1ae8590 JavaThread "ForkJoinPool-1-worker-5" daemon [_thread_blocked, id=101388, stack(0x0000003c2e300000,0x0000003c2e400000)]
  0x00000239c1ae94c0 JavaThread "ForkJoinPool-1-worker-6" daemon [_thread_blocked, id=106056, stack(0x0000003c2e600000,0x0000003c2e700000)]
  0x00000239bf2b2c00 JavaThread "ForkJoinPool-1-worker-7" daemon [_thread_blocked, id=108296, stack(0x0000003c2e700000,0x0000003c2e800000)]
  0x00000239ca1aadb0 JavaThread "ForkJoinPool-1-worker-8" daemon [_thread_blocked, id=106320, stack(0x0000003c2e800000,0x0000003c2e900000)]
  0x00000239ca1a9e80 JavaThread "ForkJoinPool-1-worker-9" daemon [_thread_blocked, id=107812, stack(0x0000003c2e900000,0x0000003c2ea00000)]
  0x00000239ca1a8020 JavaThread "ForkJoinPool-1-worker-10" daemon [_thread_blocked, id=107320, stack(0x0000003c2ea00000,0x0000003c2eb00000)]
  0x00000239ca1a8530 JavaThread "ForkJoinPool-1-worker-11" daemon [_thread_blocked, id=94768, stack(0x0000003c2eb00000,0x0000003c2ec00000)]
  0x00000239ca1a9970 JavaThread "ForkJoinPool-1-worker-12" daemon [_thread_blocked, id=108064, stack(0x0000003c2ec00000,0x0000003c2ed00000)]

Other Threads:
  0x0000023975ee8f90 VMThread "VM Thread" [stack: 0x0000003c1ec00000,0x0000003c1ed00000] [id=105184]
  0x000002395aa58600 WatcherThread [stack: 0x0000003c1f900000,0x0000003c1fa00000] [id=101592]
  0x000002395895e840 GCTaskThread "GC Thread#0" [stack: 0x0000003c1e700000,0x0000003c1e800000] [id=102176]
  0x00000239be23a010 GCTaskThread "GC Thread#1" [stack: 0x0000003c1fa00000,0x0000003c1fb00000] [id=103048]
  0x0000023978ede640 GCTaskThread "GC Thread#2" [stack: 0x0000003c1fb00000,0x0000003c1fc00000] [id=103132]
  0x00000239bf210a20 GCTaskThread "GC Thread#3" [stack: 0x0000003c1fd00000,0x0000003c1fe00000] [id=102884]
  0x00000239be3ad1c0 GCTaskThread "GC Thread#4" [stack: 0x0000003c1fe00000,0x0000003c1ff00000] [id=105588]
  0x00000239bf748ec0 GCTaskThread "GC Thread#5" [stack: 0x0000003c20b00000,0x0000003c20c00000] [id=101484]
  0x00000239bf749f40 GCTaskThread "GC Thread#6" [stack: 0x0000003c20c00000,0x0000003c20d00000] [id=90576]
  0x00000239bf7499c0 GCTaskThread "GC Thread#7" [stack: 0x0000003c20d00000,0x0000003c20e00000] [id=101508]
  0x00000239bf749180 GCTaskThread "GC Thread#8" [stack: 0x0000003c20e00000,0x0000003c20f00000] [id=6680]
  0x00000239bf749440 GCTaskThread "GC Thread#9" [stack: 0x0000003c20f00000,0x0000003c21000000] [id=5460]
  0x000002395ab0d610 ConcurrentGCThread "G1 Main Marker" [stack: 0x0000003c1e800000,0x0000003c1e900000] [id=102108]
  0x000002395ab0df40 ConcurrentGCThread "G1 Conc#0" [stack: 0x0000003c1e900000,0x0000003c1ea00000] [id=102372]
  0x00000239bf74a4c0 ConcurrentGCThread "G1 Conc#1" [stack: 0x0000003c21200000,0x0000003c21300000] [id=101444]
  0x00000239bf748940 ConcurrentGCThread "G1 Conc#2" [stack: 0x0000003c21300000,0x0000003c21400000] [id=101676]
  0x0000023975da63b0 ConcurrentGCThread "G1 Refine#0" [stack: 0x0000003c1ea00000,0x0000003c1eb00000] [id=104960]
  0x00000239c4ed3c30 ConcurrentGCThread "G1 Refine#1" [stack: 0x0000003c2aa00000,0x0000003c2ab00000] [id=107020]
  0x00000239c0be0500 ConcurrentGCThread "G1 Refine#2" [stack: 0x0000003c2b500000,0x0000003c2b600000] [id=106852]
  0x00000239c4ed5990 ConcurrentGCThread "G1 Refine#3" [stack: 0x0000003c1ef00000,0x0000003c1f000000] [id=107892]
  0x00000239c0bdf070 ConcurrentGCThread "G1 Refine#4" [stack: 0x0000003c2b800000,0x0000003c2b900000] [id=107948]
  0x00000239ccbf00c0 ConcurrentGCThread "G1 Refine#5" [stack: 0x0000003c2b900000,0x0000003c2ba00000] [id=107928]
  0x00000239ccbf1260 ConcurrentGCThread "G1 Refine#6" [stack: 0x0000003c2ba00000,0x0000003c2bb00000] [id=107820]
  0x0000023975da6cf0 ConcurrentGCThread "G1 Service" [stack: 0x0000003c1eb00000,0x0000003c1ec00000] [id=105564]

Threads with active compile tasks:
C2 CompilerThread0    88423 28823       4       com.android.tools.r8.dex.C::d (634 bytes)
C1 CompilerThread0    88423 30177       3       com.android.tools.r8.internal.Yc::a (869 bytes)
C2 CompilerThread1    88423 29324 %     4       com.android.tools.r8.internal.US::a @ 1059 (3042 bytes)
C2 CompilerThread2    88423 28698       4       com.android.tools.r8.internal.En::a (3327 bytes)

VM state: not at safepoint (normal execution)

VM Mutex/Monitor currently owned by a thread: None

Heap address: 0x0000000600000000, size: 8192 MB, Compressed Oops mode: Zero based, Oop shift amount: 3

CDS archive(s) mapped at: [0x0000023979000000-0x0000023979bb0000-0x0000023979bb0000), size 12255232, SharedBaseAddress: 0x0000023979000000, ArchiveRelocationMode: 1.
Compressed class space mapped at: 0x000002397a000000-0x00000239ba000000, reserved size: 1073741824
Narrow klass base: 0x0000023979000000, Narrow klass shift: 0, Narrow klass range: 0x100000000

GC Precious Log:
 CPUs: 12 total, 12 available
 Memory: 7916M
 Large Page Support: Disabled
 NUMA Support: Disabled
 Compressed Oops: Enabled (Zero based)
 Heap Region Size: 4M
 Heap Min Capacity: 8M
 Heap Initial Capacity: 124M
 Heap Max Capacity: 8G
 Pre-touch: Disabled
 Parallel Workers: 10
 Concurrent Workers: 3
 Concurrent Refinement Workers: 10
 Periodic GC: Disabled

Heap:
 garbage-first heap   total 978944K, used 757623K [0x0000000600000000, 0x0000000800000000)
  region size 4096K, 26 young (106496K), 6 survivors (24576K)
 Metaspace       used 157580K, committed 159744K, reserved 1245184K
  class space    used 21636K, committed 22656K, reserved 1048576K

Heap Regions: E=young(eden), S=young(survivor), O=old, HS=humongous(starts), HC=humongous(continues), CS=collection set, F=free, OA=open archive, CA=closed archive, TAMS=top-at-mark-start (previous, next)
|   0|0x0000000600000000, 0x0000000600400000, 0x0000000600400000|100%|HS|  |TAMS 0x0000000600400000, 0x0000000600000000| Complete 
|   1|0x0000000600400000, 0x0000000600800000, 0x0000000600800000|100%| O|  |TAMS 0x0000000600800000, 0x0000000600400000| Untracked 
|   2|0x0000000600800000, 0x0000000600c00000, 0x0000000600c00000|100%| O|  |TAMS 0x0000000600c00000, 0x0000000600800000| Untracked 
|   3|0x0000000600c00000, 0x0000000600fddc00, 0x0000000601000000| 96%| O|  |TAMS 0x0000000600fddc00, 0x0000000600c00000| Untracked 
|   4|0x0000000601000000, 0x0000000601400000, 0x0000000601400000|100%| O|  |TAMS 0x0000000601400000, 0x0000000601000000| Untracked 
|   5|0x0000000601400000, 0x0000000601800000, 0x0000000601800000|100%| O|  |TAMS 0x0000000601800000, 0x0000000601400000| Untracked 
|   6|0x0000000601800000, 0x0000000601c00000, 0x0000000601c00000|100%| O|  |TAMS 0x0000000601c00000, 0x0000000601800000| Untracked 
|   7|0x0000000601c00000, 0x0000000602000000, 0x0000000602000000|100%|HS|  |TAMS 0x0000000602000000, 0x0000000601c00000| Complete 
|   8|0x0000000602000000, 0x0000000602400000, 0x0000000602400000|100%| O|  |TAMS 0x0000000602400000, 0x0000000602000000| Untracked 
|   9|0x0000000602400000, 0x0000000602800000, 0x0000000602800000|100%| O|  |TAMS 0x0000000602800000, 0x0000000602400000| Untracked 
|  10|0x0000000602800000, 0x0000000602c00000, 0x0000000602c00000|100%|HS|  |TAMS 0x0000000602c00000, 0x0000000602800000| Complete 
|  11|0x0000000602c00000, 0x0000000603000000, 0x0000000603000000|100%| O|  |TAMS 0x0000000603000000, 0x0000000602c00000| Untracked 
|  12|0x0000000603000000, 0x0000000603400000, 0x0000000603400000|100%| O|  |TAMS 0x0000000603400000, 0x0000000603000000| Untracked 
|  13|0x0000000603400000, 0x0000000603800000, 0x0000000603800000|100%| O|  |TAMS 0x0000000603800000, 0x0000000603400000| Untracked 
|  14|0x0000000603800000, 0x0000000603c00000, 0x0000000603c00000|100%| O|  |TAMS 0x0000000603c00000, 0x0000000603800000| Untracked 
|  15|0x0000000603c00000, 0x0000000604000000, 0x0000000604000000|100%| O|  |TAMS 0x0000000604000000, 0x0000000603c00000| Untracked 
|  16|0x0000000604000000, 0x0000000604400000, 0x0000000604400000|100%| O|  |TAMS 0x0000000604400000, 0x0000000604000000| Untracked 
|  17|0x0000000604400000, 0x0000000604800000, 0x0000000604800000|100%| O|  |TAMS 0x0000000604800000, 0x0000000604400000| Untracked 
|  18|0x0000000604800000, 0x0000000604c00000, 0x0000000604c00000|100%| O|  |TAMS 0x0000000604800000, 0x0000000604800000| Untracked 
|  19|0x0000000604c00000, 0x0000000605000000, 0x0000000605000000|100%| O|  |TAMS 0x0000000605000000, 0x0000000604c00000| Untracked 
|  20|0x0000000605000000, 0x0000000605400000, 0x0000000605400000|100%| O|  |TAMS 0x0000000605400000, 0x0000000605000000| Untracked 
|  21|0x0000000605400000, 0x0000000605800000, 0x0000000605800000|100%| O|  |TAMS 0x0000000605800000, 0x0000000605400000| Untracked 
|  22|0x0000000605800000, 0x0000000605c00000, 0x0000000605c00000|100%| O|  |TAMS 0x0000000605c00000, 0x0000000605800000| Untracked 
|  23|0x0000000605c00000, 0x0000000606000000, 0x0000000606000000|100%| O|  |TAMS 0x0000000606000000, 0x0000000605c00000| Untracked 
|  24|0x0000000606000000, 0x0000000606400000, 0x0000000606400000|100%| O|  |TAMS 0x0000000606400000, 0x0000000606000000| Untracked 
|  25|0x0000000606400000, 0x0000000606800000, 0x0000000606800000|100%| O|  |TAMS 0x0000000606800000, 0x0000000606400000| Untracked 
|  26|0x0000000606800000, 0x0000000606c00000, 0x0000000606c00000|100%| O|  |TAMS 0x0000000606c00000, 0x0000000606800000| Untracked 
|  27|0x0000000606c00000, 0x0000000607000000, 0x0000000607000000|100%| O|  |TAMS 0x0000000607000000, 0x0000000606c00000| Untracked 
|  28|0x0000000607000000, 0x0000000607400000, 0x0000000607400000|100%| O|  |TAMS 0x0000000607400000, 0x0000000607000000| Untracked 
|  29|0x0000000607400000, 0x0000000607800000, 0x0000000607800000|100%| O|  |TAMS 0x0000000607800000, 0x0000000607400000| Untracked 
|  30|0x0000000607800000, 0x0000000607c00000, 0x0000000607c00000|100%| O|  |TAMS 0x0000000607c00000, 0x0000000607800000| Untracked 
|  31|0x0000000607c00000, 0x0000000608000000, 0x0000000608000000|100%| O|  |TAMS 0x0000000608000000, 0x0000000607c00000| Untracked 
|  32|0x0000000608000000, 0x0000000608400000, 0x0000000608400000|100%| O|  |TAMS 0x0000000608400000, 0x0000000608000000| Untracked 
|  33|0x0000000608400000, 0x0000000608800000, 0x0000000608800000|100%|HS|  |TAMS 0x0000000608800000, 0x0000000608400000| Complete 
|  34|0x0000000608800000, 0x0000000608c00000, 0x0000000608c00000|100%| O|  |TAMS 0x0000000608c00000, 0x0000000608800000| Untracked 
|  35|0x0000000608c00000, 0x0000000609000000, 0x0000000609000000|100%| O|  |TAMS 0x0000000609000000, 0x0000000608c00000| Untracked 
|  36|0x0000000609000000, 0x0000000609400000, 0x0000000609400000|100%| O|  |TAMS 0x0000000609400000, 0x0000000609000000| Untracked 
|  37|0x0000000609400000, 0x0000000609800000, 0x0000000609800000|100%| O|  |TAMS 0x0000000609800000, 0x0000000609400000| Untracked 
|  38|0x0000000609800000, 0x0000000609c00000, 0x0000000609c00000|100%| O|  |TAMS 0x0000000609c00000, 0x0000000609800000| Untracked 
|  39|0x0000000609c00000, 0x000000060a000000, 0x000000060a000000|100%| O|  |TAMS 0x0000000609c00000, 0x0000000609c00000| Untracked 
|  40|0x000000060a000000, 0x000000060a400000, 0x000000060a400000|100%| O|  |TAMS 0x000000060a400000, 0x000000060a000000| Untracked 
|  41|0x000000060a400000, 0x000000060a800000, 0x000000060a800000|100%| O|  |TAMS 0x000000060a800000, 0x000000060a400000| Untracked 
|  42|0x000000060a800000, 0x000000060ac00000, 0x000000060ac00000|100%| O|  |TAMS 0x000000060ab21400, 0x000000060a800000| Untracked 
|  43|0x000000060ac00000, 0x000000060b000000, 0x000000060b000000|100%|HS|  |TAMS 0x000000060b000000, 0x000000060ac00000| Complete 
|  44|0x000000060b000000, 0x000000060b400000, 0x000000060b400000|100%| O|  |TAMS 0x000000060b000000, 0x000000060b000000| Untracked 
|  45|0x000000060b400000, 0x000000060b800000, 0x000000060b800000|100%| O|  |TAMS 0x000000060b400000, 0x000000060b400000| Untracked 
|  46|0x000000060b800000, 0x000000060bc00000, 0x000000060bc00000|100%| O|  |TAMS 0x000000060b800000, 0x000000060b800000| Untracked 
|  47|0x000000060bc00000, 0x000000060c000000, 0x000000060c000000|100%| O|  |TAMS 0x000000060bc00000, 0x000000060bc00000| Untracked 
|  48|0x000000060c000000, 0x000000060c400000, 0x000000060c400000|100%| O|  |TAMS 0x000000060c000000, 0x000000060c000000| Untracked 
|  49|0x000000060c400000, 0x000000060c800000, 0x000000060c800000|100%| O|  |TAMS 0x000000060c400000, 0x000000060c400000| Untracked 
|  50|0x000000060c800000, 0x000000060cc00000, 0x000000060cc00000|100%| O|  |TAMS 0x000000060c800000, 0x000000060c800000| Untracked 
|  51|0x000000060cc00000, 0x000000060d000000, 0x000000060d000000|100%| O|  |TAMS 0x000000060cc00000, 0x000000060cc00000| Untracked 
|  52|0x000000060d000000, 0x000000060d400000, 0x000000060d400000|100%| O|  |TAMS 0x000000060d000000, 0x000000060d000000| Untracked 
|  53|0x000000060d400000, 0x000000060d800000, 0x000000060d800000|100%| O|  |TAMS 0x000000060d400000, 0x000000060d400000| Untracked 
|  54|0x000000060d800000, 0x000000060dc00000, 0x000000060dc00000|100%| O|  |TAMS 0x000000060d800000, 0x000000060d800000| Untracked 
|  55|0x000000060dc00000, 0x000000060e000000, 0x000000060e000000|100%| O|  |TAMS 0x000000060dc00000, 0x000000060dc00000| Untracked 
|  56|0x000000060e000000, 0x000000060e400000, 0x000000060e400000|100%| O|  |TAMS 0x000000060e000000, 0x000000060e000000| Untracked 
|  57|0x000000060e400000, 0x000000060e800000, 0x000000060e800000|100%| O|  |TAMS 0x000000060e400000, 0x000000060e400000| Untracked 
|  58|0x000000060e800000, 0x000000060ec00000, 0x000000060ec00000|100%| O|  |TAMS 0x000000060e800000, 0x000000060e800000| Untracked 
|  59|0x000000060ec00000, 0x000000060f000000, 0x000000060f000000|100%| O|  |TAMS 0x000000060ec00000, 0x000000060ec00000| Untracked 
|  60|0x000000060f000000, 0x000000060f400000, 0x000000060f400000|100%| O|  |TAMS 0x000000060f000000, 0x000000060f000000| Untracked 
|  61|0x000000060f400000, 0x000000060f800000, 0x000000060f800000|100%| O|  |TAMS 0x000000060f400000, 0x000000060f400000| Untracked 
|  62|0x000000060f800000, 0x000000060fc00000, 0x000000060fc00000|100%| O|  |TAMS 0x000000060f800000, 0x000000060f800000| Untracked 
|  63|0x000000060fc00000, 0x0000000610000000, 0x0000000610000000|100%| O|  |TAMS 0x000000060fc00000, 0x000000060fc00000| Untracked 
|  64|0x0000000610000000, 0x0000000610400000, 0x0000000610400000|100%| O|  |TAMS 0x0000000610000000, 0x0000000610000000| Untracked 
|  65|0x0000000610400000, 0x0000000610800000, 0x0000000610800000|100%| O|  |TAMS 0x0000000610400000, 0x0000000610400000| Untracked 
|  66|0x0000000610800000, 0x0000000610c00000, 0x0000000610c00000|100%| O|  |TAMS 0x0000000610800000, 0x0000000610800000| Untracked 
|  67|0x0000000610c00000, 0x0000000611000000, 0x0000000611000000|100%| O|  |TAMS 0x0000000610c00000, 0x0000000610c00000| Untracked 
|  68|0x0000000611000000, 0x0000000611400000, 0x0000000611400000|100%| O|  |TAMS 0x0000000611000000, 0x0000000611000000| Untracked 
|  69|0x0000000611400000, 0x0000000611800000, 0x0000000611800000|100%| O|  |TAMS 0x0000000611400000, 0x0000000611400000| Untracked 
|  70|0x0000000611800000, 0x0000000611c00000, 0x0000000611c00000|100%| O|  |TAMS 0x0000000611800000, 0x0000000611800000| Untracked 
|  71|0x0000000611c00000, 0x0000000612000000, 0x0000000612000000|100%| O|  |TAMS 0x0000000611c00000, 0x0000000611c00000| Untracked 
|  72|0x0000000612000000, 0x0000000612400000, 0x0000000612400000|100%| O|  |TAMS 0x0000000612000000, 0x0000000612000000| Untracked 
|  73|0x0000000612400000, 0x0000000612800000, 0x0000000612800000|100%| O|  |TAMS 0x0000000612400000, 0x0000000612400000| Untracked 
|  74|0x0000000612800000, 0x0000000612c00000, 0x0000000612c00000|100%| O|  |TAMS 0x0000000612800000, 0x0000000612800000| Untracked 
|  75|0x0000000612c00000, 0x0000000613000000, 0x0000000613000000|100%| O|  |TAMS 0x0000000612c00000, 0x0000000612c00000| Untracked 
|  76|0x0000000613000000, 0x0000000613400000, 0x0000000613400000|100%| O|  |TAMS 0x0000000613000000, 0x0000000613000000| Untracked 
|  77|0x0000000613400000, 0x0000000613800000, 0x0000000613800000|100%| O|  |TAMS 0x0000000613400000, 0x0000000613400000| Untracked 
|  78|0x0000000613800000, 0x0000000613c00000, 0x0000000613c00000|100%| O|  |TAMS 0x0000000613800000, 0x0000000613800000| Untracked 
|  79|0x0000000613c00000, 0x0000000614000000, 0x0000000614000000|100%| O|  |TAMS 0x0000000613c00000, 0x0000000613c00000| Untracked 
|  80|0x0000000614000000, 0x0000000614400000, 0x0000000614400000|100%| O|  |TAMS 0x0000000614000000, 0x0000000614000000| Untracked 
|  81|0x0000000614400000, 0x0000000614800000, 0x0000000614800000|100%| O|  |TAMS 0x0000000614400000, 0x0000000614400000| Untracked 
|  82|0x0000000614800000, 0x0000000614c00000, 0x0000000614c00000|100%| O|  |TAMS 0x0000000614800000, 0x0000000614800000| Untracked 
|  83|0x0000000614c00000, 0x0000000615000000, 0x0000000615000000|100%| O|  |TAMS 0x0000000614c00000, 0x0000000614c00000| Untracked 
|  84|0x0000000615000000, 0x0000000615400000, 0x0000000615400000|100%| O|  |TAMS 0x0000000615000000, 0x0000000615000000| Untracked 
|  85|0x0000000615400000, 0x0000000615800000, 0x0000000615800000|100%| O|  |TAMS 0x0000000615400000, 0x0000000615400000| Untracked 
|  86|0x0000000615800000, 0x0000000615c00000, 0x0000000615c00000|100%|HS|  |TAMS 0x0000000615800000, 0x0000000615800000| Complete 
|  87|0x0000000615c00000, 0x0000000616000000, 0x0000000616000000|100%|HS|  |TAMS 0x0000000615c00000, 0x0000000615c00000| Complete 
|  88|0x0000000616000000, 0x0000000616400000, 0x0000000616400000|100%|HS|  |TAMS 0x0000000616000000, 0x0000000616000000| Complete 
|  89|0x0000000616400000, 0x0000000616800000, 0x0000000616800000|100%| O|  |TAMS 0x0000000616400000, 0x0000000616400000| Untracked 
|  90|0x0000000616800000, 0x0000000616c00000, 0x0000000616c00000|100%|HS|  |TAMS 0x0000000616800000, 0x0000000616800000| Complete 
|  91|0x0000000616c00000, 0x0000000617000000, 0x0000000617000000|100%| O|  |TAMS 0x0000000616c00000, 0x0000000616c00000| Untracked 
|  92|0x0000000617000000, 0x0000000617400000, 0x0000000617400000|100%|HS|  |TAMS 0x0000000617000000, 0x0000000617000000| Complete 
|  93|0x0000000617400000, 0x0000000617800000, 0x0000000617800000|100%|HC|  |TAMS 0x0000000617400000, 0x0000000617400000| Complete 
|  94|0x0000000617800000, 0x0000000617c00000, 0x0000000617c00000|100%| O|  |TAMS 0x0000000617800000, 0x0000000617800000| Untracked 
|  95|0x0000000617c00000, 0x0000000618000000, 0x0000000618000000|100%|HS|  |TAMS 0x0000000617c00000, 0x0000000617c00000| Complete 
|  96|0x0000000618000000, 0x0000000618400000, 0x0000000618400000|100%| O|  |TAMS 0x0000000618000000, 0x0000000618000000| Untracked 
|  97|0x0000000618400000, 0x0000000618800000, 0x0000000618800000|100%|HS|  |TAMS 0x0000000618400000, 0x0000000618400000| Complete 
|  98|0x0000000618800000, 0x0000000618c00000, 0x0000000618c00000|100%| O|  |TAMS 0x0000000618800000, 0x0000000618800000| Untracked 
|  99|0x0000000618c00000, 0x0000000619000000, 0x0000000619000000|100%| O|  |TAMS 0x0000000618c00000, 0x0000000618c00000| Untracked 
| 100|0x0000000619000000, 0x0000000619400000, 0x0000000619400000|100%| O|  |TAMS 0x0000000619000000, 0x0000000619000000| Untracked 
| 101|0x0000000619400000, 0x0000000619800000, 0x0000000619800000|100%| O|  |TAMS 0x0000000619400000, 0x0000000619400000| Untracked 
| 102|0x0000000619800000, 0x0000000619c00000, 0x0000000619c00000|100%| O|  |TAMS 0x0000000619800000, 0x0000000619800000| Untracked 
| 103|0x0000000619c00000, 0x000000061a000000, 0x000000061a000000|100%| O|  |TAMS 0x0000000619c00000, 0x0000000619c00000| Untracked 
| 104|0x000000061a000000, 0x000000061a400000, 0x000000061a400000|100%| O|  |TAMS 0x000000061a000000, 0x000000061a000000| Untracked 
| 105|0x000000061a400000, 0x000000061a800000, 0x000000061a800000|100%| O|  |TAMS 0x000000061a400000, 0x000000061a400000| Untracked 
| 106|0x000000061a800000, 0x000000061ac00000, 0x000000061ac00000|100%| O|  |TAMS 0x000000061a800000, 0x000000061a800000| Untracked 
| 107|0x000000061ac00000, 0x000000061b000000, 0x000000061b000000|100%| O|  |TAMS 0x000000061ac00000, 0x000000061ac00000| Untracked 
| 108|0x000000061b000000, 0x000000061b400000, 0x000000061b400000|100%| O|  |TAMS 0x000000061b000000, 0x000000061b000000| Untracked 
| 109|0x000000061b400000, 0x000000061b800000, 0x000000061b800000|100%| O|  |TAMS 0x000000061b400000, 0x000000061b400000| Untracked 
| 110|0x000000061b800000, 0x000000061bc00000, 0x000000061bc00000|100%| O|  |TAMS 0x000000061b800000, 0x000000061b800000| Untracked 
| 111|0x000000061bc00000, 0x000000061c000000, 0x000000061c000000|100%| O|  |TAMS 0x000000061bc00000, 0x000000061bc00000| Untracked 
| 112|0x000000061c000000, 0x000000061c400000, 0x000000061c400000|100%| O|  |TAMS 0x000000061c000000, 0x000000061c000000| Untracked 
| 113|0x000000061c400000, 0x000000061c800000, 0x000000061c800000|100%| O|  |TAMS 0x000000061c400000, 0x000000061c400000| Untracked 
| 114|0x000000061c800000, 0x000000061cc00000, 0x000000061cc00000|100%| O|  |TAMS 0x000000061c800000, 0x000000061c800000| Untracked 
| 115|0x000000061cc00000, 0x000000061d000000, 0x000000061d000000|100%| O|  |TAMS 0x000000061cc00000, 0x000000061cc00000| Untracked 
| 116|0x000000061d000000, 0x000000061d400000, 0x000000061d400000|100%| O|  |TAMS 0x000000061d000000, 0x000000061d000000| Untracked 
| 117|0x000000061d400000, 0x000000061d800000, 0x000000061d800000|100%| O|  |TAMS 0x000000061d400000, 0x000000061d400000| Untracked 
| 118|0x000000061d800000, 0x000000061dc00000, 0x000000061dc00000|100%| O|  |TAMS 0x000000061d800000, 0x000000061d800000| Untracked 
| 119|0x000000061dc00000, 0x000000061e000000, 0x000000061e000000|100%| O|  |TAMS 0x000000061dc00000, 0x000000061dc00000| Untracked 
| 120|0x000000061e000000, 0x000000061e400000, 0x000000061e400000|100%| O|  |TAMS 0x000000061e000000, 0x000000061e000000| Untracked 
| 121|0x000000061e400000, 0x000000061e800000, 0x000000061e800000|100%| O|  |TAMS 0x000000061e400000, 0x000000061e400000| Untracked 
| 122|0x000000061e800000, 0x000000061ec00000, 0x000000061ec00000|100%| O|  |TAMS 0x000000061e800000, 0x000000061e800000| Untracked 
| 123|0x000000061ec00000, 0x000000061f000000, 0x000000061f000000|100%| O|  |TAMS 0x000000061ec00000, 0x000000061ec00000| Untracked 
| 124|0x000000061f000000, 0x000000061f400000, 0x000000061f400000|100%| O|  |TAMS 0x000000061f000000, 0x000000061f000000| Untracked 
| 125|0x000000061f400000, 0x000000061f800000, 0x000000061f800000|100%| O|  |TAMS 0x000000061f400000, 0x000000061f400000| Untracked 
| 126|0x000000061f800000, 0x000000061fc00000, 0x000000061fc00000|100%| O|  |TAMS 0x000000061f800000, 0x000000061f800000| Untracked 
| 127|0x000000061fc00000, 0x0000000620000000, 0x0000000620000000|100%| O|  |TAMS 0x000000061fc00000, 0x000000061fc00000| Untracked 
| 128|0x0000000620000000, 0x0000000620400000, 0x0000000620400000|100%| O|  |TAMS 0x0000000620000000, 0x0000000620000000| Untracked 
| 129|0x0000000620400000, 0x0000000620800000, 0x0000000620800000|100%| O|  |TAMS 0x0000000620400000, 0x0000000620400000| Untracked 
| 130|0x0000000620800000, 0x0000000620c00000, 0x0000000620c00000|100%| O|  |TAMS 0x0000000620800000, 0x0000000620800000| Untracked 
| 131|0x0000000620c00000, 0x0000000621000000, 0x0000000621000000|100%| O|  |TAMS 0x0000000620c00000, 0x0000000620c00000| Untracked 
| 132|0x0000000621000000, 0x0000000621400000, 0x0000000621400000|100%| O|  |TAMS 0x0000000621000000, 0x0000000621000000| Untracked 
| 133|0x0000000621400000, 0x0000000621800000, 0x0000000621800000|100%| O|  |TAMS 0x0000000621400000, 0x0000000621400000| Untracked 
| 134|0x0000000621800000, 0x0000000621c00000, 0x0000000621c00000|100%| O|  |TAMS 0x0000000621800000, 0x0000000621800000| Untracked 
| 135|0x0000000621c00000, 0x0000000622000000, 0x0000000622000000|100%| O|  |TAMS 0x0000000621c00000, 0x0000000621c00000| Untracked 
| 136|0x0000000622000000, 0x0000000622400000, 0x0000000622400000|100%| O|  |TAMS 0x0000000622000000, 0x0000000622000000| Untracked 
| 137|0x0000000622400000, 0x0000000622800000, 0x0000000622800000|100%| O|  |TAMS 0x0000000622400000, 0x0000000622400000| Untracked 
| 138|0x0000000622800000, 0x0000000622c00000, 0x0000000622c00000|100%| O|  |TAMS 0x0000000622800000, 0x0000000622800000| Untracked 
| 139|0x0000000622c00000, 0x0000000623000000, 0x0000000623000000|100%| O|  |TAMS 0x0000000622c00000, 0x0000000622c00000| Untracked 
| 140|0x0000000623000000, 0x0000000623400000, 0x0000000623400000|100%| O|  |TAMS 0x0000000623000000, 0x0000000623000000| Untracked 
| 141|0x0000000623400000, 0x0000000623800000, 0x0000000623800000|100%| O|  |TAMS 0x0000000623400000, 0x0000000623400000| Untracked 
| 142|0x0000000623800000, 0x0000000623c00000, 0x0000000623c00000|100%| O|  |TAMS 0x0000000623800000, 0x0000000623800000| Untracked 
| 143|0x0000000623c00000, 0x0000000624000000, 0x0000000624000000|100%| O|  |TAMS 0x0000000623c00000, 0x0000000623c00000| Untracked 
| 144|0x0000000624000000, 0x0000000624400000, 0x0000000624400000|100%| O|  |TAMS 0x0000000624000000, 0x0000000624000000| Untracked 
| 145|0x0000000624400000, 0x0000000624800000, 0x0000000624800000|100%| O|  |TAMS 0x0000000624400000, 0x0000000624400000| Untracked 
| 146|0x0000000624800000, 0x0000000624c00000, 0x0000000624c00000|100%| O|  |TAMS 0x0000000624800000, 0x0000000624800000| Untracked 
| 147|0x0000000624c00000, 0x0000000625000000, 0x0000000625000000|100%| O|  |TAMS 0x0000000624c00000, 0x0000000624c00000| Untracked 
| 148|0x0000000625000000, 0x0000000625400000, 0x0000000625400000|100%| O|  |TAMS 0x0000000625000000, 0x0000000625000000| Untracked 
| 149|0x0000000625400000, 0x0000000625800000, 0x0000000625800000|100%| O|  |TAMS 0x0000000625400000, 0x0000000625400000| Untracked 
| 150|0x0000000625800000, 0x0000000625c00000, 0x0000000625c00000|100%| O|  |TAMS 0x0000000625800000, 0x0000000625800000| Untracked 
| 151|0x0000000625c00000, 0x0000000626000000, 0x0000000626000000|100%| O|  |TAMS 0x0000000625c00000, 0x0000000625c00000| Untracked 
| 152|0x0000000626000000, 0x0000000626400000, 0x0000000626400000|100%| O|  |TAMS 0x0000000626000000, 0x0000000626000000| Untracked 
| 153|0x0000000626400000, 0x0000000626800000, 0x0000000626800000|100%| O|  |TAMS 0x0000000626400000, 0x0000000626400000| Untracked 
| 154|0x0000000626800000, 0x0000000626c00000, 0x0000000626c00000|100%| O|  |TAMS 0x0000000626800000, 0x0000000626800000| Untracked 
| 155|0x0000000626c00000, 0x0000000626c00000, 0x0000000627000000|  0%| F|  |TAMS 0x0000000626c00000, 0x0000000626c00000| Untracked 
| 156|0x0000000627000000, 0x0000000627000000, 0x0000000627400000|  0%| F|  |TAMS 0x0000000627000000, 0x0000000627000000| Untracked 
| 157|0x0000000627400000, 0x0000000627400000, 0x0000000627800000|  0%| F|  |TAMS 0x0000000627400000, 0x0000000627400000| Untracked 
| 158|0x0000000627800000, 0x0000000627800000, 0x0000000627c00000|  0%| F|  |TAMS 0x0000000627800000, 0x0000000627800000| Untracked 
| 159|0x0000000627c00000, 0x0000000627c00000, 0x0000000628000000|  0%| F|  |TAMS 0x0000000627c00000, 0x0000000627c00000| Untracked 
| 160|0x0000000628000000, 0x0000000628000000, 0x0000000628400000|  0%| F|  |TAMS 0x0000000628000000, 0x0000000628000000| Untracked 
| 161|0x0000000628400000, 0x0000000628400000, 0x0000000628800000|  0%| F|  |TAMS 0x0000000628400000, 0x0000000628400000| Untracked 
| 162|0x0000000628800000, 0x0000000628800000, 0x0000000628c00000|  0%| F|  |TAMS 0x0000000628800000, 0x0000000628800000| Untracked 
| 163|0x0000000628c00000, 0x0000000628c00000, 0x0000000629000000|  0%| F|  |TAMS 0x0000000628c00000, 0x0000000628c00000| Untracked 
| 164|0x0000000629000000, 0x0000000629000000, 0x0000000629400000|  0%| F|  |TAMS 0x0000000629000000, 0x0000000629000000| Untracked 
| 165|0x0000000629400000, 0x0000000629400000, 0x0000000629800000|  0%| F|  |TAMS 0x0000000629400000, 0x0000000629400000| Untracked 
| 166|0x0000000629800000, 0x0000000629800000, 0x0000000629c00000|  0%| F|  |TAMS 0x0000000629800000, 0x0000000629800000| Untracked 
| 167|0x0000000629c00000, 0x0000000629c00000, 0x000000062a000000|  0%| F|  |TAMS 0x0000000629c00000, 0x0000000629c00000| Untracked 
| 168|0x000000062a000000, 0x000000062a000000, 0x000000062a400000|  0%| F|  |TAMS 0x000000062a000000, 0x000000062a000000| Untracked 
| 169|0x000000062a400000, 0x000000062a400000, 0x000000062a800000|  0%| F|  |TAMS 0x000000062a400000, 0x000000062a400000| Untracked 
| 170|0x000000062a800000, 0x000000062a800000, 0x000000062ac00000|  0%| F|  |TAMS 0x000000062a800000, 0x000000062a800000| Untracked 
| 171|0x000000062ac00000, 0x000000062ac00000, 0x000000062b000000|  0%| F|  |TAMS 0x000000062ac00000, 0x000000062ac00000| Untracked 
| 172|0x000000062b000000, 0x000000062b000000, 0x000000062b400000|  0%| F|  |TAMS 0x000000062b000000, 0x000000062b000000| Untracked 
| 173|0x000000062b400000, 0x000000062b400000, 0x000000062b800000|  0%| F|  |TAMS 0x000000062b400000, 0x000000062b400000| Untracked 
| 174|0x000000062b800000, 0x000000062b800000, 0x000000062bc00000|  0%| F|  |TAMS 0x000000062b800000, 0x000000062b800000| Untracked 
| 175|0x000000062bc00000, 0x000000062bc00000, 0x000000062c000000|  0%| F|  |TAMS 0x000000062bc00000, 0x000000062bc00000| Untracked 
| 176|0x000000062c000000, 0x000000062c000000, 0x000000062c400000|  0%| F|  |TAMS 0x000000062c000000, 0x000000062c000000| Untracked 
| 177|0x000000062c400000, 0x000000062c400000, 0x000000062c800000|  0%| F|  |TAMS 0x000000062c400000, 0x000000062c400000| Untracked 
| 178|0x000000062c800000, 0x000000062c800000, 0x000000062cc00000|  0%| F|  |TAMS 0x000000062c800000, 0x000000062c800000| Untracked 
| 179|0x000000062cc00000, 0x000000062cc00000, 0x000000062d000000|  0%| F|  |TAMS 0x000000062cc00000, 0x000000062cc00000| Untracked 
| 180|0x000000062d000000, 0x000000062d000000, 0x000000062d400000|  0%| F|  |TAMS 0x000000062d000000, 0x000000062d000000| Untracked 
| 181|0x000000062d400000, 0x000000062d400000, 0x000000062d800000|  0%| F|  |TAMS 0x000000062d400000, 0x000000062d400000| Untracked 
| 182|0x000000062d800000, 0x000000062d800000, 0x000000062dc00000|  0%| F|  |TAMS 0x000000062d800000, 0x000000062d800000| Untracked 
| 183|0x000000062dc00000, 0x000000062dc00000, 0x000000062e000000|  0%| F|  |TAMS 0x000000062dc00000, 0x000000062dc00000| Untracked 
| 184|0x000000062e000000, 0x000000062e000000, 0x000000062e400000|  0%| F|  |TAMS 0x000000062e000000, 0x000000062e000000| Untracked 
| 185|0x000000062e400000, 0x000000062e400000, 0x000000062e800000|  0%| F|  |TAMS 0x000000062e400000, 0x000000062e400000| Untracked 
| 186|0x000000062e800000, 0x000000062e800000, 0x000000062ec00000|  0%| F|  |TAMS 0x000000062e800000, 0x000000062e800000| Untracked 
| 187|0x000000062ec00000, 0x000000062ec00000, 0x000000062f000000|  0%| F|  |TAMS 0x000000062ec00000, 0x000000062ec00000| Untracked 
| 188|0x000000062f000000, 0x000000062f000000, 0x000000062f400000|  0%| F|  |TAMS 0x000000062f000000, 0x000000062f000000| Untracked 
| 189|0x000000062f400000, 0x000000062f400000, 0x000000062f800000|  0%| F|  |TAMS 0x000000062f400000, 0x000000062f400000| Untracked 
| 190|0x000000062f800000, 0x000000062fc00000, 0x000000062fc00000|100%| S|CS|TAMS 0x000000062f800000, 0x000000062f800000| Complete 
| 191|0x000000062fc00000, 0x0000000630000000, 0x0000000630000000|100%| S|CS|TAMS 0x000000062fc00000, 0x000000062fc00000| Complete 
| 192|0x0000000630000000, 0x0000000630400000, 0x0000000630400000|100%| S|CS|TAMS 0x0000000630000000, 0x0000000630000000| Complete 
| 193|0x0000000630400000, 0x0000000630800000, 0x0000000630800000|100%| S|CS|TAMS 0x0000000630400000, 0x0000000630400000| Complete 
| 194|0x0000000630800000, 0x0000000630c00000, 0x0000000630c00000|100%| S|CS|TAMS 0x0000000630800000, 0x0000000630800000| Complete 
| 195|0x0000000630c00000, 0x0000000631000000, 0x0000000631000000|100%| S|CS|TAMS 0x0000000630c00000, 0x0000000630c00000| Complete 
| 196|0x0000000631000000, 0x0000000631000000, 0x0000000631400000|  0%| F|  |TAMS 0x0000000631000000, 0x0000000631000000| Untracked 
| 197|0x0000000631400000, 0x0000000631400000, 0x0000000631800000|  0%| F|  |TAMS 0x0000000631400000, 0x0000000631400000| Untracked 
| 198|0x0000000631800000, 0x0000000631800000, 0x0000000631c00000|  0%| F|  |TAMS 0x0000000631800000, 0x0000000631800000| Untracked 
| 199|0x0000000631c00000, 0x0000000631c00000, 0x0000000632000000|  0%| F|  |TAMS 0x0000000631c00000, 0x0000000631c00000| Untracked 
| 200|0x0000000632000000, 0x0000000632000000, 0x0000000632400000|  0%| F|  |TAMS 0x0000000632000000, 0x0000000632000000| Untracked 
| 201|0x0000000632400000, 0x0000000632400000, 0x0000000632800000|  0%| F|  |TAMS 0x0000000632400000, 0x0000000632400000| Untracked 
| 202|0x0000000632800000, 0x0000000632800000, 0x0000000632c00000|  0%| F|  |TAMS 0x0000000632800000, 0x0000000632800000| Untracked 
| 203|0x0000000632c00000, 0x0000000632c00000, 0x0000000633000000|  0%| F|  |TAMS 0x0000000632c00000, 0x0000000632c00000| Untracked 
| 204|0x0000000633000000, 0x0000000633000000, 0x0000000633400000|  0%| F|  |TAMS 0x0000000633000000, 0x0000000633000000| Untracked 
| 205|0x0000000633400000, 0x0000000633400000, 0x0000000633800000|  0%| F|  |TAMS 0x0000000633400000, 0x0000000633400000| Untracked 
| 206|0x0000000633800000, 0x0000000633800000, 0x0000000633c00000|  0%| F|  |TAMS 0x0000000633800000, 0x0000000633800000| Untracked 
| 207|0x0000000633c00000, 0x0000000633c00000, 0x0000000634000000|  0%| F|  |TAMS 0x0000000633c00000, 0x0000000633c00000| Untracked 
| 208|0x0000000634000000, 0x0000000634000000, 0x0000000634400000|  0%| F|  |TAMS 0x0000000634000000, 0x0000000634000000| Untracked 
| 209|0x0000000634400000, 0x0000000634400000, 0x0000000634800000|  0%| F|  |TAMS 0x0000000634400000, 0x0000000634400000| Untracked 
| 210|0x0000000634800000, 0x0000000634800000, 0x0000000634c00000|  0%| F|  |TAMS 0x0000000634800000, 0x0000000634800000| Untracked 
| 211|0x0000000634c00000, 0x0000000634c00000, 0x0000000635000000|  0%| F|  |TAMS 0x0000000634c00000, 0x0000000634c00000| Untracked 
| 212|0x0000000635000000, 0x0000000635000000, 0x0000000635400000|  0%| F|  |TAMS 0x0000000635000000, 0x0000000635000000| Untracked 
| 213|0x0000000635400000, 0x0000000635400000, 0x0000000635800000|  0%| F|  |TAMS 0x0000000635400000, 0x0000000635400000| Untracked 
| 214|0x0000000635800000, 0x0000000635b98248, 0x0000000635c00000| 89%| E|  |TAMS 0x0000000635800000, 0x0000000635800000| Complete 
| 215|0x0000000635c00000, 0x0000000636000000, 0x0000000636000000|100%| E|CS|TAMS 0x0000000635c00000, 0x0000000635c00000| Complete 
| 216|0x0000000636000000, 0x0000000636400000, 0x0000000636400000|100%| E|CS|TAMS 0x0000000636000000, 0x0000000636000000| Complete 
| 217|0x0000000636400000, 0x0000000636800000, 0x0000000636800000|100%| E|CS|TAMS 0x0000000636400000, 0x0000000636400000| Complete 
| 218|0x0000000636800000, 0x0000000636c00000, 0x0000000636c00000|100%| E|CS|TAMS 0x0000000636800000, 0x0000000636800000| Complete 
| 219|0x0000000636c00000, 0x0000000637000000, 0x0000000637000000|100%| E|CS|TAMS 0x0000000636c00000, 0x0000000636c00000| Complete 
| 220|0x0000000637000000, 0x0000000637400000, 0x0000000637400000|100%| E|CS|TAMS 0x0000000637000000, 0x0000000637000000| Complete 
| 221|0x0000000637400000, 0x0000000637800000, 0x0000000637800000|100%| E|CS|TAMS 0x0000000637400000, 0x0000000637400000| Complete 
| 222|0x0000000637800000, 0x0000000637c00000, 0x0000000637c00000|100%| E|CS|TAMS 0x0000000637800000, 0x0000000637800000| Complete 
| 223|0x0000000637c00000, 0x0000000638000000, 0x0000000638000000|100%| E|CS|TAMS 0x0000000637c00000, 0x0000000637c00000| Complete 
| 224|0x0000000638000000, 0x0000000638400000, 0x0000000638400000|100%| E|CS|TAMS 0x0000000638000000, 0x0000000638000000| Complete 
| 225|0x0000000638400000, 0x0000000638800000, 0x0000000638800000|100%| E|CS|TAMS 0x0000000638400000, 0x0000000638400000| Complete 
| 226|0x0000000638800000, 0x0000000638c00000, 0x0000000638c00000|100%| E|CS|TAMS 0x0000000638800000, 0x0000000638800000| Complete 
| 227|0x0000000638c00000, 0x0000000639000000, 0x0000000639000000|100%| E|CS|TAMS 0x0000000638c00000, 0x0000000638c00000| Complete 
| 228|0x0000000639000000, 0x0000000639400000, 0x0000000639400000|100%| E|CS|TAMS 0x0000000639000000, 0x0000000639000000| Complete 
| 229|0x0000000639400000, 0x0000000639800000, 0x0000000639800000|100%| E|CS|TAMS 0x0000000639400000, 0x0000000639400000| Complete 
| 230|0x0000000639800000, 0x0000000639c00000, 0x0000000639c00000|100%| E|CS|TAMS 0x0000000639800000, 0x0000000639800000| Complete 
| 231|0x0000000639c00000, 0x000000063a000000, 0x000000063a000000|100%| E|CS|TAMS 0x0000000639c00000, 0x0000000639c00000| Complete 
| 232|0x000000063a000000, 0x000000063a400000, 0x000000063a400000|100%| E|CS|TAMS 0x000000063a000000, 0x000000063a000000| Complete 
| 233|0x000000063a400000, 0x000000063a800000, 0x000000063a800000|100%| E|CS|TAMS 0x000000063a400000, 0x000000063a400000| Complete 
|2043|0x00000007fec00000, 0x00000007ff000000, 0x00000007ff000000|100%| O|  |TAMS 0x00000007fec00000, 0x00000007fec00000| Untracked 
|2044|0x00000007ff000000, 0x00000007ff400000, 0x00000007ff400000|100%| O|  |TAMS 0x00000007ff000000, 0x00000007ff000000| Untracked 
|2045|0x00000007ff400000, 0x00000007ff800000, 0x00000007ff800000|100%| O|  |TAMS 0x00000007ff400000, 0x00000007ff400000| Untracked 
|2046|0x00000007ff800000, 0x00000007ffc00000, 0x00000007ffc00000|100%| O|  |TAMS 0x00000007ff800000, 0x00000007ff800000| Untracked 
|2047|0x00000007ffc00000, 0x0000000800000000, 0x0000000800000000|100%| O|  |TAMS 0x00000007ffc00000, 0x00000007ffc00000| Untracked 

Card table byte_map: [0x0000023963d30000,0x0000023964d30000] _byte_map_base: 0x0000023960d30000

Marking Bits (Prev, Next): (CMBitMap*) 0x000002395ab02f70, (CMBitMap*) 0x000002395ab02f30
 Prev Bits: [0x000002396dd30000, 0x0000023975d30000)
 Next Bits: [0x0000023965d30000, 0x000002396dd30000)

Polling page: 0x00000239589f0000

Metaspace:

Usage:
  Non-class:    132.77 MB used.
      Class:     21.13 MB used.
       Both:    153.90 MB used.

Virtual space:
  Non-class space:      192.00 MB reserved,     133.88 MB ( 70%) committed,  3 nodes.
      Class space:        1.00 GB reserved,      22.12 MB (  2%) committed,  1 nodes.
             Both:        1.19 GB reserved,     156.00 MB ( 13%) committed. 

Chunk freelists:
   Non-Class:  10.08 MB
       Class:  9.72 MB
        Both:  19.80 MB

MaxMetaspaceSize: 4.00 GB
CompressedClassSpaceSize: 1.00 GB
Initial GC threshold: 21.00 MB
Current GC threshold: 171.81 MB
CDS: on
MetaspaceReclaimPolicy: balanced
 - commit_granule_bytes: 65536.
 - commit_granule_words: 8192.
 - virtual_space_node_default_size: 8388608.
 - enlarge_chunks_in_place: 1.
 - new_chunks_are_fully_committed: 0.
 - uncommit_free_chunks: 1.
 - use_allocation_guard: 0.
 - handle_deallocations: 1.


Internal statistics:

num_allocs_failed_limit: 9.
num_arena_births: 3084.
num_arena_deaths: 0.
num_vsnodes_births: 4.
num_vsnodes_deaths: 0.
num_space_committed: 2495.
num_space_uncommitted: 0.
num_chunks_returned_to_freelist: 9.
num_chunks_taken_from_freelist: 10566.
num_chunk_merges: 9.
num_chunk_splits: 6612.
num_chunks_enlarged: 3949.
num_inconsistent_stats: 0.

CodeHeap 'non-profiled nmethods': size=259264Kb used=16860Kb max_used=16932Kb free=242404Kb
 bounds [0x00000239102d0000, 0x0000023911370000, 0x0000023920000000]
CodeHeap 'profiled nmethods': size=259264Kb used=50511Kb max_used=51263Kb free=208752Kb
 bounds [0x0000023900000000, 0x0000023903230000, 0x000002390fd30000]
CodeHeap 'non-nmethods': size=5760Kb used=2532Kb max_used=2664Kb free=3227Kb
 bounds [0x000002390fd30000, 0x000002390ffd0000, 0x00000239102d0000]
 total_blobs=24237 nmethods=23150 adapters=994
 compilation: enabled
              stopped_count=0, restarted_count=0
 full_count=0

Compilation events (20 events):
Event: 88.353 Thread 0x0000023975f11c10 nmethod 30135 0x0000023902b31390 code [0x0000023902b315c0, 0x0000023902b31d38]
Event: 88.353 Thread 0x0000023975f11c10 30137       3       com.android.tools.r8.D8$$Lambda$3154/0x000002397b3b1c90::accept (12 bytes)
Event: 88.354 Thread 0x0000023975f11c10 nmethod 30137 0x00000239028fd190 code [0x00000239028fd380, 0x00000239028fd868]
Event: 88.354 Thread 0x0000023975f11c10 30139   !   3       java.util.concurrent.ForkJoinTask$AdaptedCallable::exec (28 bytes)
Event: 88.354 Thread 0x0000023975f11c10 nmethod 30139 0x00000239028e0290 code [0x00000239028e0460, 0x00000239028e07b8]
Event: 88.354 Thread 0x0000023975f11c10 30143       3       java.util.concurrent.ForkJoinPool$WorkQueue::tryPoll (74 bytes)
Event: 88.356 Thread 0x0000023975f11c10 nmethod 30143 0x0000023902864d90 code [0x00000239028650e0, 0x0000023902866548]
Event: 88.356 Thread 0x0000023975f11c10 30106       1       com.android.tools.r8.graph.i0::t0 (2 bytes)
Event: 88.356 Thread 0x0000023975f11c10 nmethod 30106 0x00000239108bd710 code [0x00000239108bd8a0, 0x00000239108bd978]
Event: 88.356 Thread 0x0000023975f11c10 30098       2       java.util.concurrent.ForkJoinPool$WorkQueue::lockedPush (87 bytes)
Event: 88.357 Thread 0x0000023975f11c10 nmethod 30098 0x00000239025e9410 code [0x00000239025e95c0, 0x00000239025e98e8]
Event: 88.357 Thread 0x0000023975f11c10 30141       2       java.lang.invoke.VarHandleGuards::guard_LIL_L (98 bytes)
Event: 88.359 Thread 0x0000023975f11c10 nmethod 30141 0x0000023902e3a890 code [0x0000023902e3ab40, 0x0000023902e3b868]
Event: 88.359 Thread 0x0000023975f11c10 30142       2       java.lang.invoke.VarHandleReferences$Array::getAndSet (61 bytes)
Event: 88.360 Thread 0x0000023975f11c10 nmethod 30142 0x0000023902484c10 code [0x0000023902484e60, 0x00000239024855e8]
Event: 88.360 Thread 0x0000023975f11c10 30144       2       java.util.concurrent.ForkJoinPool$WorkQueue::getAndClearSlot (10 bytes)
Event: 88.361 Thread 0x0000023975f11c10 nmethod 30144 0x000002390274d090 code [0x000002390274d2a0, 0x000002390274d868]
Event: 88.361 Thread 0x0000023975f11c10 30148       2       java.util.concurrent.ForkJoinPool$WorkQueue::topLevelExec (76 bytes)
Event: 88.361 Thread 0x0000023975f11c10 nmethod 30148 0x00000239025e8c10 code [0x00000239025e8e00, 0x00000239025e91d8]
Event: 88.361 Thread 0x0000023975f11c10 30149       2       com.android.tools.r8.internal.Yc::a (869 bytes)

GC Heap History (20 events):
Event: 79.225 GC heap before
{Heap before GC invocations=72 (full 0):
 garbage-first heap   total 688128K, used 554763K [0x0000000600000000, 0x0000000800000000)
  region size 4096K, 56 young (229376K), 6 survivors (24576K)
 Metaspace       used 143830K, committed 145792K, reserved 1179648K
  class space    used 19592K, committed 20480K, reserved 1048576K
}
Event: 79.249 GC heap after
{Heap after GC invocations=73 (full 0):
 garbage-first heap   total 688128K, used 370533K [0x0000000600000000, 0x0000000800000000)
  region size 4096K, 6 young (24576K), 6 survivors (24576K)
 Metaspace       used 143830K, committed 145792K, reserved 1179648K
  class space    used 19592K, committed 20480K, reserved 1048576K
}
Event: 80.906 GC heap before
{Heap before GC invocations=73 (full 0):
 garbage-first heap   total 688128K, used 616293K [0x0000000600000000, 0x0000000800000000)
  region size 4096K, 55 young (225280K), 6 survivors (24576K)
 Metaspace       used 150438K, committed 152512K, reserved 1179648K
  class space    used 20728K, committed 21696K, reserved 1048576K
}
Event: 80.950 GC heap after
{Heap after GC invocations=74 (full 0):
 garbage-first heap   total 708608K, used 462069K [0x0000000600000000, 0x0000000800000000)
  region size 4096K, 7 young (28672K), 7 survivors (28672K)
 Metaspace       used 150438K, committed 152512K, reserved 1179648K
  class space    used 20728K, committed 21696K, reserved 1048576K
}
Event: 81.924 GC heap before
{Heap before GC invocations=74 (full 0):
 garbage-first heap   total 708608K, used 580853K [0x0000000600000000, 0x0000000800000000)
  region size 4096K, 35 young (143360K), 7 survivors (28672K)
 Metaspace       used 152688K, committed 154880K, reserved 1245184K
  class space    used 21061K, committed 22080K, reserved 1048576K
}
Event: 81.969 GC heap after
{Heap after GC invocations=75 (full 0):
 garbage-first heap   total 708608K, used 494231K [0x0000000600000000, 0x0000000800000000)
  region size 4096K, 5 young (20480K), 5 survivors (20480K)
 Metaspace       used 152688K, committed 154880K, reserved 1245184K
  class space    used 21061K, committed 22080K, reserved 1048576K
}
Event: 82.608 GC heap before
{Heap before GC invocations=75 (full 0):
 garbage-first heap   total 708608K, used 584343K [0x0000000600000000, 0x0000000800000000)
  region size 4096K, 27 young (110592K), 5 survivors (20480K)
 Metaspace       used 153436K, committed 155584K, reserved 1245184K
  class space    used 21145K, committed 22144K, reserved 1048576K
}
Event: 82.637 GC heap after
{Heap after GC invocations=76 (full 0):
 garbage-first heap   total 708608K, used 511722K [0x0000000600000000, 0x0000000800000000)
  region size 4096K, 4 young (16384K), 4 survivors (16384K)
 Metaspace       used 153436K, committed 155584K, reserved 1245184K
  class space    used 21145K, committed 22144K, reserved 1048576K
}
Event: 83.335 GC heap before
{Heap before GC invocations=76 (full 0):
 garbage-first heap   total 708608K, used 585450K [0x0000000600000000, 0x0000000800000000)
  region size 4096K, 23 young (94208K), 4 survivors (16384K)
 Metaspace       used 153795K, committed 155904K, reserved 1245184K
  class space    used 21169K, committed 22144K, reserved 1048576K
}
Event: 83.364 GC heap after
{Heap after GC invocations=77 (full 0):
 garbage-first heap   total 708608K, used 523987K [0x0000000600000000, 0x0000000800000000)
  region size 4096K, 3 young (12288K), 3 survivors (12288K)
 Metaspace       used 153795K, committed 155904K, reserved 1245184K
  class space    used 21169K, committed 22144K, reserved 1048576K
}
Event: 83.938 GC heap before
{Heap before GC invocations=77 (full 0):
 garbage-first heap   total 708608K, used 589523K [0x0000000600000000, 0x0000000800000000)
  region size 4096K, 20 young (81920K), 3 survivors (12288K)
 Metaspace       used 154062K, committed 156224K, reserved 1245184K
  class space    used 21178K, committed 22208K, reserved 1048576K
}
Event: 83.965 GC heap after
{Heap after GC invocations=78 (full 0):
 garbage-first heap   total 708608K, used 537664K [0x0000000600000000, 0x0000000800000000)
  region size 4096K, 3 young (12288K), 3 survivors (12288K)
 Metaspace       used 154062K, committed 156224K, reserved 1245184K
  class space    used 21178K, committed 22208K, reserved 1048576K
}
Event: 84.373 GC heap before
{Heap before GC invocations=78 (full 0):
 garbage-first heap   total 708608K, used 595008K [0x0000000600000000, 0x0000000800000000)
  region size 4096K, 17 young (69632K), 3 survivors (12288K)
 Metaspace       used 154253K, committed 156352K, reserved 1245184K
  class space    used 21211K, committed 22208K, reserved 1048576K
}
Event: 84.394 GC heap after
{Heap after GC invocations=79 (full 0):
 garbage-first heap   total 978944K, used 540595K [0x0000000600000000, 0x0000000800000000)
  region size 4096K, 1 young (4096K), 1 survivors (4096K)
 Metaspace       used 154253K, committed 156352K, reserved 1245184K
  class space    used 21211K, committed 22208K, reserved 1048576K
}
Event: 86.088 GC heap before
{Heap before GC invocations=79 (full 0):
 garbage-first heap   total 978944K, used 786355K [0x0000000600000000, 0x0000000800000000)
  region size 4096K, 61 young (249856K), 1 survivors (4096K)
 Metaspace       used 155468K, committed 157632K, reserved 1245184K
  class space    used 21369K, committed 22400K, reserved 1048576K
}
Event: 86.146 GC heap after
{Heap after GC invocations=80 (full 0):
 garbage-first heap   total 978944K, used 569051K [0x0000000600000000, 0x0000000800000000)
  region size 4096K, 8 young (32768K), 8 survivors (32768K)
 Metaspace       used 155468K, committed 157632K, reserved 1245184K
  class space    used 21369K, committed 22400K, reserved 1048576K
}
Event: 87.044 GC heap before
{Heap before GC invocations=80 (full 0):
 garbage-first heap   total 978944K, used 790235K [0x0000000600000000, 0x0000000800000000)
  region size 4096K, 62 young (253952K), 8 survivors (32768K)
 Metaspace       used 155944K, committed 158080K, reserved 1245184K
  class space    used 21416K, committed 22400K, reserved 1048576K
}
Event: 87.107 GC heap after
{Heap after GC invocations=81 (full 0):
 garbage-first heap   total 978944K, used 634196K [0x0000000600000000, 0x0000000800000000)
  region size 4096K, 8 young (32768K), 8 survivors (32768K)
 Metaspace       used 155944K, committed 158080K, reserved 1245184K
  class space    used 21416K, committed 22400K, reserved 1048576K
}
Event: 87.755 GC heap before
{Heap before GC invocations=81 (full 0):
 garbage-first heap   total 978944K, used 785748K [0x0000000600000000, 0x0000000800000000)
  region size 4096K, 46 young (188416K), 8 survivors (32768K)
 Metaspace       used 156781K, committed 158912K, reserved 1245184K
  class space    used 21551K, committed 22528K, reserved 1048576K
}
Event: 87.825 GC heap after
{Heap after GC invocations=82 (full 0):
 garbage-first heap   total 978944K, used 679799K [0x0000000600000000, 0x0000000800000000)
  region size 4096K, 6 young (24576K), 6 survivors (24576K)
 Metaspace       used 156781K, committed 158912K, reserved 1245184K
  class space    used 21551K, committed 22528K, reserved 1048576K
}

Dll operation events (16 events):
Event: 0.154 Loaded shared library C:\Program Files\Eclipse Adoptium\jdk-17.0.16.8-hotspot\bin\java.dll
Event: 0.259 Loaded shared library C:\Program Files\Eclipse Adoptium\jdk-17.0.16.8-hotspot\bin\jsvml.dll
Event: 0.353 Loaded shared library C:\Program Files\Eclipse Adoptium\jdk-17.0.16.8-hotspot\bin\zip.dll
Event: 0.381 Loaded shared library C:\Program Files\Eclipse Adoptium\jdk-17.0.16.8-hotspot\bin\instrument.dll
Event: 0.392 Loaded shared library C:\Program Files\Eclipse Adoptium\jdk-17.0.16.8-hotspot\bin\net.dll
Event: 0.423 Loaded shared library C:\Program Files\Eclipse Adoptium\jdk-17.0.16.8-hotspot\bin\nio.dll
Event: 0.499 Loaded shared library C:\Program Files\Eclipse Adoptium\jdk-17.0.16.8-hotspot\bin\zip.dll
Event: 1.598 Loaded shared library C:\Program Files\Eclipse Adoptium\jdk-17.0.16.8-hotspot\bin\jimage.dll
Event: 3.806 Loaded shared library C:\Program Files\Eclipse Adoptium\jdk-17.0.16.8-hotspot\bin\verify.dll
Event: 4.169 Loaded shared library C:\Users\PMLS\.gradle\native\1def1411415f61bf3af743bc5b6707747c0891f09f0c88961ee8f79bc544acac\windows-amd64\native-platform.dll
Event: 4.216 Loaded shared library C:\Users\PMLS\.gradle\native\0.2.7\x86_64-windows-gnu\gradle-fileevents.dll
Event: 8.149 Loaded shared library C:\Program Files\Eclipse Adoptium\jdk-17.0.16.8-hotspot\bin\management.dll
Event: 8.157 Loaded shared library C:\Program Files\Eclipse Adoptium\jdk-17.0.16.8-hotspot\bin\management_ext.dll
Event: 8.863 Loaded shared library C:\Program Files\Eclipse Adoptium\jdk-17.0.16.8-hotspot\bin\extnet.dll
Event: 9.821 Loaded shared library C:\Program Files\Eclipse Adoptium\jdk-17.0.16.8-hotspot\bin\sunmscapi.dll
Event: 69.892 Loaded shared library C:\Program Files\Eclipse Adoptium\jdk-17.0.16.8-hotspot\bin\rmi.dll

Deoptimization events (20 events):
Event: 88.209 Thread 0x00000239bf2acbd0 Uncommon trap: trap_request=0xffffffbe fr.pc=0x0000023910cb7eec relative=0x00000000000003ac
Event: 88.209 Thread 0x00000239bf2acbd0 Uncommon trap: reason=profile_predicate action=maybe_recompile pc=0x0000023910cb7eec method=java.util.regex.Pattern$SliceU.match(Ljava/util/regex/Matcher;ILjava/lang/CharSequence;)Z @ 18 c2
Event: 88.209 Thread 0x00000239bf2acbd0 DEOPT PACKING pc=0x0000023910cb7eec sp=0x0000003c249fb250
Event: 88.209 Thread 0x00000239bf2acbd0 DEOPT UNPACKING pc=0x000002390fd869a3 sp=0x0000003c249fb1d8 mode 2
Event: 88.209 Thread 0x00000239bf2acbd0 Uncommon trap: trap_request=0xffffffbe fr.pc=0x0000023910cb7eec relative=0x00000000000003ac
Event: 88.209 Thread 0x00000239bf2acbd0 Uncommon trap: reason=profile_predicate action=maybe_recompile pc=0x0000023910cb7eec method=java.util.regex.Pattern$SliceU.match(Ljava/util/regex/Matcher;ILjava/lang/CharSequence;)Z @ 18 c2
Event: 88.209 Thread 0x00000239bf2acbd0 DEOPT PACKING pc=0x0000023910cb7eec sp=0x0000003c249fb250
Event: 88.209 Thread 0x00000239bf2acbd0 DEOPT UNPACKING pc=0x000002390fd869a3 sp=0x0000003c249fb1d8 mode 2
Event: 88.209 Thread 0x00000239bf2acbd0 Uncommon trap: trap_request=0xffffffbe fr.pc=0x0000023910cb7eec relative=0x00000000000003ac
Event: 88.209 Thread 0x00000239bf2acbd0 Uncommon trap: reason=profile_predicate action=maybe_recompile pc=0x0000023910cb7eec method=java.util.regex.Pattern$SliceU.match(Ljava/util/regex/Matcher;ILjava/lang/CharSequence;)Z @ 18 c2
Event: 88.209 Thread 0x00000239bf2acbd0 DEOPT PACKING pc=0x0000023910cb7eec sp=0x0000003c249fb250
Event: 88.209 Thread 0x00000239bf2acbd0 DEOPT UNPACKING pc=0x000002390fd869a3 sp=0x0000003c249fb1d8 mode 2
Event: 88.209 Thread 0x00000239bf2acbd0 Uncommon trap: trap_request=0xffffffbe fr.pc=0x0000023910cb7eec relative=0x00000000000003ac
Event: 88.209 Thread 0x00000239bf2acbd0 Uncommon trap: reason=profile_predicate action=maybe_recompile pc=0x0000023910cb7eec method=java.util.regex.Pattern$SliceU.match(Ljava/util/regex/Matcher;ILjava/lang/CharSequence;)Z @ 18 c2
Event: 88.209 Thread 0x00000239bf2acbd0 DEOPT PACKING pc=0x0000023910cb7eec sp=0x0000003c249fb250
Event: 88.209 Thread 0x00000239bf2acbd0 DEOPT UNPACKING pc=0x000002390fd869a3 sp=0x0000003c249fb1d8 mode 2
Event: 88.340 Thread 0x00000239ca1aadb0 DEOPT PACKING pc=0x000002390280efb3 sp=0x0000003c2e8ff1b0
Event: 88.340 Thread 0x00000239ca1aadb0 DEOPT UNPACKING pc=0x000002390fd87143 sp=0x0000003c2e8fe700 mode 0
Event: 88.341 Thread 0x00000239ca1aadb0 DEOPT PACKING pc=0x000002390280efb3 sp=0x0000003c2e8ff1b0
Event: 88.341 Thread 0x00000239ca1aadb0 DEOPT UNPACKING pc=0x000002390fd87143 sp=0x0000003c2e8fe700 mode 0

Classes loaded (20 events):
Event: 80.799 Loading class java/util/SortedSet$1
Event: 80.804 Loading class java/util/SortedSet$1 done
Event: 80.816 Loading class java/util/stream/SliceOps
Event: 80.821 Loading class java/util/stream/SliceOps done
Event: 80.821 Loading class java/util/stream/SliceOps$1
Event: 80.824 Loading class java/util/stream/SliceOps$1 done
Event: 80.834 Loading class java/util/stream/SliceOps$1$1
Event: 80.834 Loading class java/util/stream/SliceOps$1$1 done
Event: 81.187 Loading class java/util/concurrent/ConcurrentHashMap$TreeNode
Event: 81.187 Loading class java/util/concurrent/ConcurrentHashMap$TreeNode done
Event: 81.187 Loading class java/util/concurrent/ConcurrentHashMap$TreeBin
Event: 81.188 Loading class java/util/concurrent/ConcurrentHashMap$TreeBin done
Event: 83.883 Loading class java/util/concurrent/ForkJoinTask$AdaptedCallable
Event: 83.907 Loading class java/util/concurrent/ForkJoinTask$AdaptedCallable done
Event: 84.100 Loading class java/util/concurrent/ForkJoinPool$DefaultForkJoinWorkerThreadFactory$1
Event: 84.101 Loading class java/util/concurrent/ForkJoinPool$DefaultForkJoinWorkerThreadFactory$1 done
Event: 85.077 Loading class java/nio/ShortBuffer
Event: 85.119 Loading class java/nio/ShortBuffer done
Event: 85.124 Loading class java/nio/HeapShortBuffer
Event: 85.211 Loading class java/nio/HeapShortBuffer done

Classes unloaded (0 events):
No events

Classes redefined (0 events):
No events

Internal exceptions (20 events):
Event: 86.852 Thread 0x00000239bf2abca0 Exception <a 'java/lang/NoSuchMethodError'{0x000000063a651b48}: 'void java.lang.invoke.DirectMethodHandle$Holder.invokeSpecial(java.lang.Object, java.lang.Object, java.lang.Object, int, java.lang.Object, java.lang.Object, java.lang.Object, java.lang.Object)'> (0x000000063a651b48) 
thrown [s\src\hotspot\share\interpreter\linkResolver.cpp, line 759]
Event: 86.852 Thread 0x00000239c1958f00 Exception <a 'java/lang/NoSuchMethodError'{0x0000000636895570}: 'void java.lang.invoke.DirectMethodHandle$Holder.invokeSpecial(java.lang.Object, java.lang.Object, java.lang.Object, int, java.lang.Object, java.lang.Object, java.lang.Object, java.lang.Object)'> (0x0000000636895570) 
thrown [s\src\hotspot\share\interpreter\linkResolver.cpp, line 759]
Event: 87.116 Thread 0x00000239cab73e50 Exception <a 'sun/nio/fs/WindowsException'{0x000000063a73cc80}> (0x000000063a73cc80) 
thrown [s\src\hotspot\share\prims\jni.cpp, line 516]
Event: 87.327 Thread 0x00000239cab73e50 Exception <a 'sun/nio/fs/WindowsException'{0x00000006341080e8}> (0x00000006341080e8) 
thrown [s\src\hotspot\share\prims\jni.cpp, line 516]
Event: 87.331 Thread 0x00000239cab73e50 Exception <a 'sun/nio/fs/WindowsException'{0x00000006341cb460}> (0x00000006341cb460) 
thrown [s\src\hotspot\share\prims\jni.cpp, line 516]
Event: 87.334 Thread 0x00000239cab73e50 Exception <a 'sun/nio/fs/WindowsException'{0x000000063423a050}> (0x000000063423a050) 
thrown [s\src\hotspot\share\prims\jni.cpp, line 516]
Event: 87.347 Thread 0x00000239cab73e50 Exception <a 'sun/nio/fs/WindowsException'{0x0000000633c98fa8}> (0x0000000633c98fa8) 
thrown [s\src\hotspot\share\prims\jni.cpp, line 516]
Event: 87.350 Thread 0x00000239cab73e50 Exception <a 'sun/nio/fs/WindowsException'{0x0000000633cb9760}> (0x0000000633cb9760) 
thrown [s\src\hotspot\share\prims\jni.cpp, line 516]
Event: 87.355 Thread 0x00000239cab73e50 Exception <a 'sun/nio/fs/WindowsException'{0x0000000633cf9100}> (0x0000000633cf9100) 
thrown [s\src\hotspot\share\prims\jni.cpp, line 516]
Event: 87.358 Thread 0x00000239cab73e50 Exception <a 'sun/nio/fs/WindowsException'{0x0000000633d86f30}> (0x0000000633d86f30) 
thrown [s\src\hotspot\share\prims\jni.cpp, line 516]
Event: 87.364 Thread 0x00000239cab73e50 Exception <a 'sun/nio/fs/WindowsException'{0x0000000633f2df58}> (0x0000000633f2df58) 
thrown [s\src\hotspot\share\prims\jni.cpp, line 516]
Event: 87.367 Thread 0x00000239cab73e50 Exception <a 'sun/nio/fs/WindowsException'{0x0000000633f7fd90}> (0x0000000633f7fd90) 
thrown [s\src\hotspot\share\prims\jni.cpp, line 516]
Event: 87.369 Thread 0x00000239cab73e50 Exception <a 'sun/nio/fs/WindowsException'{0x0000000633fa4dd0}> (0x0000000633fa4dd0) 
thrown [s\src\hotspot\share\prims\jni.cpp, line 516]
Event: 87.371 Thread 0x00000239cab73e50 Exception <a 'sun/nio/fs/WindowsException'{0x0000000633fa74c8}> (0x0000000633fa74c8) 
thrown [s\src\hotspot\share\prims\jni.cpp, line 516]
Event: 87.376 Thread 0x00000239cab73e50 Exception <a 'sun/nio/fs/WindowsException'{0x0000000633fc5ba0}> (0x0000000633fc5ba0) 
thrown [s\src\hotspot\share\prims\jni.cpp, line 516]
Event: 87.379 Thread 0x00000239cab73e50 Exception <a 'sun/nio/fs/WindowsException'{0x0000000633fc7ee0}> (0x0000000633fc7ee0) 
thrown [s\src\hotspot\share\prims\jni.cpp, line 516]
Event: 87.402 Thread 0x00000239bf2abca0 Implicit null exception at 0x00000239109fc74f to 0x00000239109fc86c
Event: 87.406 Thread 0x00000239bf2abca0 Exception <a 'java/lang/NoSuchMethodError'{0x0000000633b10e28}: 'void java.lang.invoke.DirectMethodHandle$Holder.invokeStatic(java.lang.Object, java.lang.Object, java.lang.Object, java.lang.Object, java.lang.Object, java.lang.Object, java.lang.Object, java.lang.Object)'> (0x0000000633b10e28) 
thrown [s\src\hotspot\share\interpreter\linkResolver.cpp, line 759]
Event: 87.420 Thread 0x00000239cab73e50 Exception <a 'sun/nio/fs/WindowsException'{0x0000000633be6c18}> (0x0000000633be6c18) 
thrown [s\src\hotspot\share\prims\jni.cpp, line 516]
Event: 88.184 Thread 0x00000239bf2acbd0 Exception <a 'sun/nio/fs/WindowsException'{0x0000000637446dc0}> (0x0000000637446dc0) 
thrown [s\src\hotspot\share\prims\jni.cpp, line 516]

VM Operations (20 events):
Event: 86.687 Executing VM operation: ICBufferFull
Event: 86.713 Executing VM operation: ICBufferFull done
Event: 86.719 Executing VM operation: ICBufferFull
Event: 86.731 Executing VM operation: ICBufferFull done
Event: 86.735 Executing VM operation: ICBufferFull
Event: 86.759 Executing VM operation: ICBufferFull done
Event: 86.844 Executing VM operation: ICBufferFull
Event: 86.845 Executing VM operation: ICBufferFull done
Event: 87.039 Executing VM operation: G1CollectForAllocation
Event: 87.107 Executing VM operation: G1CollectForAllocation done
Event: 87.121 Executing VM operation: HandshakeAllThreads
Event: 87.122 Executing VM operation: HandshakeAllThreads done
Event: 87.374 Executing VM operation: HandshakeAllThreads
Event: 87.400 Executing VM operation: HandshakeAllThreads done
Event: 87.409 Executing VM operation: ICBufferFull
Event: 87.418 Executing VM operation: ICBufferFull done
Event: 87.749 Executing VM operation: G1CollectForAllocation
Event: 87.825 Executing VM operation: G1CollectForAllocation done
Event: 87.857 Executing VM operation: HandshakeAllThreads
Event: 87.864 Executing VM operation: HandshakeAllThreads done

Memory protections (0 events):
No events

Nmethod flushes (20 events):
Event: 87.955 Thread 0x0000023975f14530 flushing  nmethod 0x0000023902e3bc90
Event: 87.955 Thread 0x0000023975f14530 flushing  nmethod 0x0000023902e57210
Event: 87.955 Thread 0x0000023975f14530 flushing  nmethod 0x0000023902e59f90
Event: 87.955 Thread 0x0000023975f14530 flushing  nmethod 0x0000023902e5d510
Event: 87.955 Thread 0x0000023975f14530 flushing  nmethod 0x0000023902e5d990
Event: 87.955 Thread 0x0000023975f14530 flushing  nmethod 0x0000023902e5e510
Event: 87.955 Thread 0x0000023975f14530 flushing  nmethod 0x0000023902e5e810
Event: 87.955 Thread 0x0000023975f14530 flushing  nmethod 0x0000023902e5f990
Event: 87.955 Thread 0x0000023975f14530 flushing  nmethod 0x0000023902e6da90
Event: 87.955 Thread 0x0000023975f14530 flushing  nmethod 0x0000023902e6de10
Event: 87.955 Thread 0x0000023975f14530 flushing  nmethod 0x0000023902e79610
Event: 87.955 Thread 0x0000023975f14530 flushing  nmethod 0x0000023902e79c90
Event: 87.955 Thread 0x0000023975f14530 flushing  nmethod 0x0000023902e7a510
Event: 87.955 Thread 0x0000023975f14530 flushing  nmethod 0x0000023902e7b310
Event: 87.955 Thread 0x0000023975f14530 flushing  nmethod 0x0000023902e7bd10
Event: 87.955 Thread 0x0000023975f14530 flushing  nmethod 0x0000023902e7d990
Event: 87.956 Thread 0x0000023975f14530 flushing  nmethod 0x0000023902eb6f90
Event: 87.956 Thread 0x0000023975f14530 flushing  nmethod 0x0000023902eba210
Event: 87.956 Thread 0x0000023975f14530 flushing  nmethod 0x0000023902eba710
Event: 87.956 Thread 0x0000023975f14530 flushing  nmethod 0x0000023902ec1710

Events (20 events):
Event: 72.596 Thread 0x00000239c1959e30 Thread added: 0x00000239cab6f260
Event: 72.629 Thread 0x00000239cab68810 Thread added: 0x00000239cab71ae0
Event: 72.648 Thread 0x00000239cab664a0 Thread added: 0x00000239cab72500
Event: 73.147 Thread 0x00000239bf2b26f0 Thread added: 0x00000239cab73430
Event: 73.235 Thread 0x00000239bf2b26f0 Thread added: 0x00000239cab6fc80
Event: 74.873 Thread 0x00000239c195a340 Thread added: 0x00000239cab73e50
Event: 74.882 Thread 0x00000239bf2acbd0 Thread added: 0x00000239cab710c0
Event: 80.560 Thread 0x0000023975f11c10 Thread added: 0x00000239cadbcb00
Event: 84.102 Thread 0x00000239c16233f0 Thread added: 0x00000239cab70190
Event: 84.172 Thread 0x00000239cab70190 Thread added: 0x00000239cab6cef0
Event: 84.279 Thread 0x00000239cab6cef0 Thread added: 0x00000239cb05b900
Event: 84.290 Thread 0x00000239cb05b900 Thread added: 0x00000239cb0549a0
Event: 84.425 Thread 0x00000239cb0549a0 Thread added: 0x00000239c1ae8590
Event: 84.448 Thread 0x00000239c1ae8590 Thread added: 0x00000239c1ae94c0
Event: 84.481 Thread 0x00000239c1ae94c0 Thread added: 0x00000239bf2b2c00
Event: 84.505 Thread 0x00000239bf2b2c00 Thread added: 0x00000239ca1aadb0
Event: 84.526 Thread 0x00000239ca1aadb0 Thread added: 0x00000239ca1a9e80
Event: 84.532 Thread 0x00000239ca1a9e80 Thread added: 0x00000239ca1a8020
Event: 84.569 Thread 0x00000239ca1a8020 Thread added: 0x00000239ca1a8530
Event: 85.065 Thread 0x00000239ca1a8530 Thread added: 0x00000239ca1a9970


Dynamic libraries:
0x00007ff60d580000 - 0x00007ff60d58e000 	C:\Program Files\Eclipse Adoptium\jdk-17.0.16.8-hotspot\bin\java.exe
0x00007ff8eb7b0000 - 0x00007ff8eb9a8000 	C:\WINDOWS\SYSTEM32\ntdll.dll
0x00007ff8eb640000 - 0x00007ff8eb702000 	C:\WINDOWS\System32\KERNEL32.DLL
0x00007ff8e9240000 - 0x00007ff8e9536000 	C:\WINDOWS\System32\KERNELBASE.dll
0x00007ff8e95e0000 - 0x00007ff8e96e0000 	C:\WINDOWS\System32\ucrtbase.dll
0x00007ff8b0420000 - 0x00007ff8b0437000 	C:\Program Files\Eclipse Adoptium\jdk-17.0.16.8-hotspot\bin\jli.dll
0x00007ff8eb3e0000 - 0x00007ff8eb57d000 	C:\WINDOWS\System32\USER32.dll
0x00007ff8e91e0000 - 0x00007ff8e9202000 	C:\WINDOWS\System32\win32u.dll
0x00007ff8e9900000 - 0x00007ff8e992b000 	C:\WINDOWS\System32\GDI32.dll
0x00007ff8e90c0000 - 0x00007ff8e91d9000 	C:\WINDOWS\System32\gdi32full.dll
0x00007ff8e9540000 - 0x00007ff8e95dd000 	C:\WINDOWS\System32\msvcp_win.dll
0x00007ff8d3b10000 - 0x00007ff8d3b2e000 	C:\Program Files\Eclipse Adoptium\jdk-17.0.16.8-hotspot\bin\VCRUNTIME140.dll
0x00007ff8d1390000 - 0x00007ff8d162b000 	C:\WINDOWS\WinSxS\amd64_microsoft.windows.common-controls_6595b64144ccf1df_6.0.19041.6280_none_60bc30a171f2f3f3\COMCTL32.dll
0x00007ff8eac60000 - 0x00007ff8eacfe000 	C:\WINDOWS\System32\msvcrt.dll
0x00007ff8eab70000 - 0x00007ff8eab9f000 	C:\WINDOWS\System32\IMM32.DLL
0x00007ff8e00c0000 - 0x00007ff8e00cc000 	C:\Program Files\Eclipse Adoptium\jdk-17.0.16.8-hotspot\bin\vcruntime140_1.dll
0x00007ff8abc00000 - 0x00007ff8abc8d000 	C:\Program Files\Eclipse Adoptium\jdk-17.0.16.8-hotspot\bin\msvcp140.dll
0x00007ff870e90000 - 0x00007ff871afb000 	C:\Program Files\Eclipse Adoptium\jdk-17.0.16.8-hotspot\bin\server\jvm.dll
0x00007ff8eb580000 - 0x00007ff8eb631000 	C:\WINDOWS\System32\ADVAPI32.dll
0x00007ff8eabb0000 - 0x00007ff8eac4f000 	C:\WINDOWS\System32\sechost.dll
0x00007ff8e9d60000 - 0x00007ff8e9e80000 	C:\WINDOWS\System32\RPCRT4.dll
0x00007ff8e9210000 - 0x00007ff8e9237000 	C:\WINDOWS\System32\bcrypt.dll
0x00007ff8eae50000 - 0x00007ff8eaebb000 	C:\WINDOWS\System32\WS2_32.dll
0x00007ff8dc210000 - 0x00007ff8dc237000 	C:\WINDOWS\SYSTEM32\WINMM.dll
0x00007ff8e89c0000 - 0x00007ff8e8a0b000 	C:\WINDOWS\SYSTEM32\POWRPROF.dll
0x00007ff8dc0f0000 - 0x00007ff8dc0fa000 	C:\WINDOWS\SYSTEM32\VERSION.dll
0x00007ff8e88b0000 - 0x00007ff8e88c2000 	C:\WINDOWS\SYSTEM32\UMPDC.dll
0x00007ff8e7670000 - 0x00007ff8e7682000 	C:\WINDOWS\SYSTEM32\kernel.appcore.dll
0x00007ff8c6510000 - 0x00007ff8c651a000 	C:\Program Files\Eclipse Adoptium\jdk-17.0.16.8-hotspot\bin\jimage.dll
0x00007ff8e6bc0000 - 0x00007ff8e6dc1000 	C:\WINDOWS\SYSTEM32\DBGHELP.DLL
0x00007ff8c17f0000 - 0x00007ff8c1824000 	C:\WINDOWS\SYSTEM32\dbgcore.DLL
0x00007ff8e9030000 - 0x00007ff8e90b2000 	C:\WINDOWS\System32\bcryptPrimitives.dll
0x00007ff8e17b0000 - 0x00007ff8e17be000 	C:\Program Files\Eclipse Adoptium\jdk-17.0.16.8-hotspot\bin\instrument.dll
0x00007ff8ad2a0000 - 0x00007ff8ad2c5000 	C:\Program Files\Eclipse Adoptium\jdk-17.0.16.8-hotspot\bin\java.dll
0x00007ff875850000 - 0x00007ff875927000 	C:\Program Files\Eclipse Adoptium\jdk-17.0.16.8-hotspot\bin\jsvml.dll
0x00007ff8e9ef0000 - 0x00007ff8ea660000 	C:\WINDOWS\System32\SHELL32.dll
0x00007ff8e6dd0000 - 0x00007ff8e7575000 	C:\WINDOWS\SYSTEM32\windows.storage.dll
0x00007ff8e9a00000 - 0x00007ff8e9d53000 	C:\WINDOWS\System32\combase.dll
0x00007ff8e8810000 - 0x00007ff8e883b000 	C:\WINDOWS\SYSTEM32\Wldp.dll
0x00007ff8ead80000 - 0x00007ff8eae4d000 	C:\WINDOWS\System32\OLEAUT32.dll
0x00007ff8e9950000 - 0x00007ff8e99fd000 	C:\WINDOWS\System32\SHCORE.dll
0x00007ff8ea830000 - 0x00007ff8ea88b000 	C:\WINDOWS\System32\shlwapi.dll
0x00007ff8e8d80000 - 0x00007ff8e8da4000 	C:\WINDOWS\SYSTEM32\profapi.dll
0x00007ff8adb50000 - 0x00007ff8adb68000 	C:\Program Files\Eclipse Adoptium\jdk-17.0.16.8-hotspot\bin\zip.dll
0x00007ff8b0400000 - 0x00007ff8b0419000 	C:\Program Files\Eclipse Adoptium\jdk-17.0.16.8-hotspot\bin\net.dll
0x00007ff8e1330000 - 0x00007ff8e143a000 	C:\WINDOWS\SYSTEM32\WINHTTP.dll
0x00007ff8e8570000 - 0x00007ff8e85da000 	C:\WINDOWS\system32\mswsock.dll
0x00007ff8b03e0000 - 0x00007ff8b03f6000 	C:\Program Files\Eclipse Adoptium\jdk-17.0.16.8-hotspot\bin\nio.dll
0x00007ff8e31f0000 - 0x00007ff8e3200000 	C:\Program Files\Eclipse Adoptium\jdk-17.0.16.8-hotspot\bin\verify.dll
0x00007ff8cdb90000 - 0x00007ff8cdbb7000 	C:\Users\PMLS\.gradle\native\1def1411415f61bf3af743bc5b6707747c0891f09f0c88961ee8f79bc544acac\windows-amd64\native-platform.dll
0x00007ff8c5a10000 - 0x00007ff8c5a88000 	C:\Users\PMLS\.gradle\native\0.2.7\x86_64-windows-gnu\gradle-fileevents.dll
0x00007ff8e1720000 - 0x00007ff8e172a000 	C:\Program Files\Eclipse Adoptium\jdk-17.0.16.8-hotspot\bin\management.dll
0x00007ff8d48a0000 - 0x00007ff8d48ab000 	C:\Program Files\Eclipse Adoptium\jdk-17.0.16.8-hotspot\bin\management_ext.dll
0x00007ff8eac50000 - 0x00007ff8eac58000 	C:\WINDOWS\System32\PSAPI.DLL
0x00007ff8e8250000 - 0x00007ff8e828b000 	C:\WINDOWS\SYSTEM32\IPHLPAPI.DLL
0x00007ff8e9e80000 - 0x00007ff8e9e88000 	C:\WINDOWS\System32\NSI.dll
0x00007ff8df4a0000 - 0x00007ff8df4b7000 	C:\WINDOWS\SYSTEM32\dhcpcsvc6.DLL
0x00007ff8df2d0000 - 0x00007ff8df2ed000 	C:\WINDOWS\SYSTEM32\dhcpcsvc.DLL
0x00007ff8e8290000 - 0x00007ff8e835a000 	C:\WINDOWS\SYSTEM32\DNSAPI.dll
0x00007ff8c18f0000 - 0x00007ff8c18f9000 	C:\Program Files\Eclipse Adoptium\jdk-17.0.16.8-hotspot\bin\extnet.dll
0x00007ff8e8770000 - 0x00007ff8e8788000 	C:\WINDOWS\SYSTEM32\CRYPTSP.dll
0x00007ff8e7e30000 - 0x00007ff8e7e68000 	C:\WINDOWS\system32\rsaenh.dll
0x00007ff8e8d00000 - 0x00007ff8e8d2e000 	C:\WINDOWS\SYSTEM32\USERENV.dll
0x00007ff8e8760000 - 0x00007ff8e876c000 	C:\WINDOWS\SYSTEM32\CRYPTBASE.dll
0x00007ff8c2200000 - 0x00007ff8c220e000 	C:\Program Files\Eclipse Adoptium\jdk-17.0.16.8-hotspot\bin\sunmscapi.dll
0x00007ff8e8e50000 - 0x00007ff8e8fad000 	C:\WINDOWS\System32\CRYPT32.dll
0x00007ff8e8880000 - 0x00007ff8e88a7000 	C:\WINDOWS\SYSTEM32\ncrypt.dll
0x00007ff8e8840000 - 0x00007ff8e887b000 	C:\WINDOWS\SYSTEM32\NTASN1.dll
0x00007ff8c0f70000 - 0x00007ff8c0f77000 	C:\WINDOWS\system32\wshunix.dll
0x00007ff8e10f0000 - 0x00007ff8e1107000 	C:\WINDOWS\system32\napinsp.dll
0x00007ff8e1010000 - 0x00007ff8e102b000 	C:\WINDOWS\system32\pnrpnsp.dll
0x00007ff8b6e00000 - 0x00007ff8b6e1d000 	C:\WINDOWS\system32\wshbth.dll
0x00007ff8e1730000 - 0x00007ff8e174d000 	C:\WINDOWS\system32\NLAapi.dll
0x00007ff8e0ef0000 - 0x00007ff8e0f02000 	C:\WINDOWS\System32\winrnr.dll
0x00007ff8df490000 - 0x00007ff8df49a000 	C:\Windows\System32\rasadhlp.dll
0x00007ff8de160000 - 0x00007ff8de1e0000 	C:\WINDOWS\System32\fwpuclnt.dll
0x00007ff8df650000 - 0x00007ff8df657000 	C:\Program Files\Eclipse Adoptium\jdk-17.0.16.8-hotspot\bin\rmi.dll
0x00007ff8e80e0000 - 0x00007ff8e8113000 	C:\WINDOWS\SYSTEM32\ntmarta.dll

dbghelp: loaded successfully - version: 4.0.5 - missing functions: none
symbol engine: initialized successfully - sym options: 0x614 - pdb path: .;C:\Program Files\Eclipse Adoptium\jdk-17.0.16.8-hotspot\bin;C:\WINDOWS\SYSTEM32;C:\WINDOWS\WinSxS\amd64_microsoft.windows.common-controls_6595b64144ccf1df_6.0.19041.6280_none_60bc30a171f2f3f3;C:\Program Files\Eclipse Adoptium\jdk-17.0.16.8-hotspot\bin\server;C:\Users\PMLS\.gradle\native\1def1411415f61bf3af743bc5b6707747c0891f09f0c88961ee8f79bc544acac\windows-amd64;C:\Users\PMLS\.gradle\native\0.2.7\x86_64-windows-gnu

VM Arguments:
jvm_args: --add-opens=java.base/java.lang=ALL-UNNAMED --add-opens=java.base/java.lang.invoke=ALL-UNNAMED --add-opens=java.base/java.util=ALL-UNNAMED --add-opens=java.prefs/java.util.prefs=ALL-UNNAMED --add-exports=jdk.compiler/com.sun.tools.javac.api=ALL-UNNAMED --add-exports=jdk.compiler/com.sun.tools.javac.util=ALL-UNNAMED --add-opens=java.base/java.util=ALL-UNNAMED --add-opens=java.prefs/java.util.prefs=ALL-UNNAMED --add-opens=java.base/java.nio.charset=ALL-UNNAMED --add-opens=java.base/java.net=ALL-UNNAMED --add-opens=java.base/java.util.concurrent.atomic=ALL-UNNAMED --add-opens=java.xml/javax.xml.namespace=ALL-UNNAMED -XX:MaxMetaspaceSize=4G -XX:ReservedCodeCacheSize=512m -XX:+HeapDumpOnOutOfMemoryError -Xmx8G -Dfile.encoding=windows-1252 -Duser.country=US -Duser.language=en -Duser.variant -javaagent:C:\Users\PMLS\.gradle\wrapper\dists\gradle-8.14-all\c2qonpi39x1mddn7hk5gh9iqj\gradle-8.14\lib\agents\gradle-instrumentation-agent-8.14.jar 
java_command: org.gradle.launcher.daemon.bootstrap.GradleDaemon 8.14
java_class_path (initial): C:\Users\PMLS\.gradle\wrapper\dists\gradle-8.14-all\c2qonpi39x1mddn7hk5gh9iqj\gradle-8.14\lib\gradle-daemon-main-8.14.jar
Launcher Type: SUN_STANDARD

[Global flags]
     intx CICompilerCount                          = 4                                         {product} {ergonomic}
     uint ConcGCThreads                            = 3                                         {product} {ergonomic}
     uint G1ConcRefinementThreads                  = 10                                        {product} {ergonomic}
   size_t G1HeapRegionSize                         = 4194304                                   {product} {ergonomic}
    uintx GCDrainStackTargetSize                   = 64                                        {product} {ergonomic}
     bool HeapDumpOnOutOfMemoryError               = true                                   {manageable} {command line}
   size_t InitialHeapSize                          = 130023424                                 {product} {ergonomic}
   size_t MarkStackSize                            = 4194304                                   {product} {ergonomic}
   size_t MaxHeapSize                              = 8589934592                                {product} {command line}
   size_t MaxMetaspaceSize                         = 4294967296                                {product} {command line}
   size_t MaxNewSize                               = 5150605312                                {product} {ergonomic}
   size_t MinHeapDeltaBytes                        = 4194304                                   {product} {ergonomic}
   size_t MinHeapSize                              = 8388608                                   {product} {ergonomic}
    uintx NonNMethodCodeHeapSize                   = 5839372                                {pd product} {ergonomic}
    uintx NonProfiledCodeHeapSize                  = 265515770                              {pd product} {ergonomic}
    uintx ProfiledCodeHeapSize                     = 265515770                              {pd product} {ergonomic}
    uintx ReservedCodeCacheSize                    = 536870912                              {pd product} {command line}
     bool SegmentedCodeCache                       = true                                      {product} {ergonomic}
   size_t SoftMaxHeapSize                          = 8589934592                             {manageable} {ergonomic}
   double SweeperThreshold                         = 0.234375                                  {product} {ergonomic}
     bool UseCompressedClassPointers               = true                           {product lp64_product} {ergonomic}
     bool UseCompressedOops                        = true                           {product lp64_product} {ergonomic}
     bool UseG1GC                                  = true                                      {product} {ergonomic}
     bool UseLargePagesIndividualAllocation        = false                                  {pd product} {ergonomic}

Logging:
Log output configuration:
 #0: stdout all=warning uptime,level,tags
 #1: stderr all=off uptime,level,tags

Environment Variables:
CLASSPATH=D:\my_app\SafeConnect\safeconnect\android\\gradle\wrapper\gradle-wrapper.jar
PATH=C:\Program Files\Eclipse Adoptium\jdk-17.0.16.8-hotspot\bin;C:\src\flutter\bin\;c:\Users\PMLS\AppData\Roaming\Code\User\globalStorage\github.copilot-chat\debugCommand;c:\Users\PMLS\AppData\Roaming\Code\User\globalStorage\github.copilot-chat\copilotCli;C:\WINDOWS;C:\WINDOWS\System32;C:\WINDOWS\System32\Wbem;C:\WINDOWS\System32\WindowsPowerShell\v1.0\;C:\WINDOWS\System32\OpenSSH\;C:\Users\PMLS\Downloads\sqlite-tools-win-x64-3460000;C:\ProgramData\chocolatey\bin;C:\Program Files\nodejs\;C:\src\flutter\bin;C:\Program Files\Git\cmd;C:\Android\platform-tools;C:\Android\emulator;C:\Android\cmdline-tools\latest\bin;C:\Program Files\Eclipse Adoptium\jdk-17.0.16.8-hotspot\bin;C:\Users\PMLS\AppData\Local\Pub\Cache\bin;C:\Users\PMLS\AppData\Local\Programs\Python\Python313\Scripts\;C:\Users\PMLS\AppData\Local\Programs\Python\Python313\;C:\Users\PMLS\AppData\Local\Programs\Python\Launcher\;C:\Users\PMLS\AppData\Local\Microsoft\WindowsApps;C:\Users\PMLS\Downloads\flutter_windows_3.19.5-stable\flutter\bin;C:\Users\PMLS\AppData\Roaming\npm;C:\Users\PMLS\AppData\Local\Python\bin;C:\Users\PMLS\AppData\Local\Programs\Microsoft VS Code\bin;;C:\src\flutter\bin\mingit\cmd
USERNAME=PMYLS
LANG=en_US.UTF-8
OS=Windows_NT
PROCESSOR_IDENTIFIER=Intel64 Family 6 Model 154 Stepping 4, GenuineIntel
TMP=C:\Users\PMLS\AppData\Local\Temp
TEMP=C:\Users\PMLS\AppData\Local\Temp



Periodic native trim disabled


---------------  S Y S T E M  ---------------

OS:
 Windows 10 , 64 bit Build 19041 (10.0.19041.5915)
OS uptime: 0 days 0:51 hours

CPU: total 12 (initial active 12) (12 cores per cpu, 1 threads per core) family 6 model 154 stepping 4 microcode 0x424, cx8, cmov, fxsr, mmx, 3dnowpref, sse, sse2, sse3, ssse3, sse4.1, sse4.2, popcnt, lzcnt, tsc, tscinvbit, avx, avx2, aes, erms, clmul, bmi1, bmi2, adx, sha, fma, vzeroupper, clflush, clflushopt, clwb
Processor Information for processor 0
  Max Mhz: 1300, Current Mhz: 1300, Mhz Limit: 1300
Processor Information for processor 1
  Max Mhz: 1300, Current Mhz: 1300, Mhz Limit: 1300
Processor Information for processor 2
  Max Mhz: 1300, Current Mhz: 1300, Mhz Limit: 1300
Processor Information for processor 3
  Max Mhz: 1300, Current Mhz: 1300, Mhz Limit: 1300
Processor Information for processor 4
  Max Mhz: 900, Current Mhz: 900, Mhz Limit: 900
Processor Information for processor 5
  Max Mhz: 900, Current Mhz: 900, Mhz Limit: 900
Processor Information for processor 6
  Max Mhz: 900, Current Mhz: 900, Mhz Limit: 900
Processor Information for processor 7
  Max Mhz: 900, Current Mhz: 900, Mhz Limit: 900
Processor Information for processor 8
  Max Mhz: 900, Current Mhz: 900, Mhz Limit: 900
Processor Information for processor 9
  Max Mhz: 900, Current Mhz: 900, Mhz Limit: 900
Processor Information for processor 10
  Max Mhz: 900, Current Mhz: 900, Mhz Limit: 900
Processor Information for processor 11
  Max Mhz: 900, Current Mhz: 900, Mhz Limit: 900

Memory: 4k page, system-wide physical 7916M (457M free)
TotalPageFile size 25480M (AvailPageFile size 3M)
current process WorkingSet (physical memory assigned to process): 1130M, peak: 1142M
current process commit charge ("private bytes"): 1556M, peak: 1560M

vm_info: OpenJDK 64-Bit Server VM (17.0.16+8) for windows-amd64 JRE (17.0.16+8), built on Jul 16 2025 10:37:56 by "admin" with MS VC++ 17.7 (VS2022)

END.
