#
# There is insufficient memory for the Java Runtime Environment to continue.
# Native memory allocation (malloc) failed to allocate 1188896 bytes. Error detail: Chunk::new
# Possible reasons:
#   The system is out of physical RAM or swap space
#   This process is running with CompressedOops enabled, and the Java Heap may be blocking the growth of the native heap
# Possible solutions:
#   Reduce memory load on the system
#   Increase physical memory or swap space
#   Check if swap backing store is full
#   Decrease Java heap size (-Xmx/-Xms)
#   Decrease number of Java threads
#   Decrease Java thread stack sizes (-Xss)
#   Set larger code cache with -XX:ReservedCodeCacheSize=
#   JVM is running with Zero Based Compressed Oops mode in which the Java heap is
#     placed in the first 32GB address space. The Java Heap base address is the
#     maximum limit for the native heap growth. Please use -XX:HeapBaseMinAddress
#     to set the Java Heap base and to place the Java Heap above 32GB virtual address.
# This output file may be truncated or incomplete.
#
#  Out of Memory Error (arena.cpp:191), pid=102056, tid=106432
#
# JRE version: OpenJDK Runtime Environment Temurin-17.0.16+8 (17.0.16+8) (build 17.0.16+8)
# Java VM: OpenJDK 64-Bit Server VM Temurin-17.0.16+8 (17.0.16+8, mixed mode, sharing, tiered, compressed oops, compressed class ptrs, g1 gc, windows-amd64)
# No core dump will be written. Minidumps are not enabled by default on client versions of Windows
#

---------------  S U M M A R Y ------------

Command Line: --add-opens=java.base/java.lang=ALL-UNNAMED --add-opens=java.base/java.lang.invoke=ALL-UNNAMED --add-opens=java.base/java.util=ALL-UNNAMED --add-opens=java.prefs/java.util.prefs=ALL-UNNAMED --add-exports=jdk.compiler/com.sun.tools.javac.api=ALL-UNNAMED --add-exports=jdk.compiler/com.sun.tools.javac.util=ALL-UNNAMED --add-opens=java.base/java.util=ALL-UNNAMED --add-opens=java.prefs/java.util.prefs=ALL-UNNAMED --add-opens=java.base/java.nio.charset=ALL-UNNAMED --add-opens=java.base/java.net=ALL-UNNAMED --add-opens=java.base/java.util.concurrent.atomic=ALL-UNNAMED --add-opens=java.xml/javax.xml.namespace=ALL-UNNAMED -XX:MaxMetaspaceSize=4G -XX:ReservedCodeCacheSize=512m -XX:+HeapDumpOnOutOfMemoryError -Xmx8G -Dfile.encoding=windows-1252 -Duser.country=US -Duser.language=en -Duser.variant -javaagent:C:\Users\PMLS\.gradle\wrapper\dists\gradle-8.14-all\c2qonpi39x1mddn7hk5gh9iqj\gradle-8.14\lib\agents\gradle-instrumentation-agent-8.14.jar org.gradle.launcher.daemon.bootstrap.GradleDaemon 8.14

Host: 12th Gen Intel(R) Core(TM) i5-1235U, 12 cores, 7G,  Windows 10 , 64 bit Build 19041 (10.0.19041.5915)
Time: Sat Jun 13 12:37:37 2026 Pakistan Standard Time elapsed time: 140.053958 seconds (0d 0h 2m 20s)

---------------  T H R E A D  ---------------

Current thread (0x000001984539bbf0):  JavaThread "C2 CompilerThread1" daemon [_thread_in_native, id=106432, stack(0x0000007eafa00000,0x0000007eafb00000)]


Current CompileTask:
C2: 140054 31631 %     4       org.gradle.api.internal.tasks.compile.incremental.deps.ClassSetAnalysisData::reduceToTypesAffecting @ 42 (578 bytes)

Stack: [0x0000007eafa00000,0x0000007eafb00000]
Native frames: (J=compiled Java code, j=interpreted, Vv=VM code, C=native code)
V  [jvm.dll+0x683169]
V  [jvm.dll+0x839ac8]
V  [jvm.dll+0x83b573]
V  [jvm.dll+0x83bbe3]
V  [jvm.dll+0x2473ff]
V  [jvm.dll+0xace94]
V  [jvm.dll+0xad52c]
V  [jvm.dll+0x2acc2f]
V  [jvm.dll+0x5891f9]
V  [jvm.dll+0x221182]
V  [jvm.dll+0x22157f]
V  [jvm.dll+0x21a580]
V  [jvm.dll+0x21765b]
V  [jvm.dll+0x1a32a0]
V  [jvm.dll+0x227b3c]
V  [jvm.dll+0x225ccb]
V  [jvm.dll+0x7ef2d8]
V  [jvm.dll+0x7e979c]
V  [jvm.dll+0x682047]
C  [ucrtbase.dll+0x21bb2]
C  [KERNEL32.DLL+0x17374]
C  [ntdll.dll+0x4cc91]


---------------  P R O C E S S  ---------------

Threads class SMR info:
_java_thread_list=0x000001984c0e4cc0, length=230, elements={
0x00000197eb131920, 0x00000197f8572490, 0x00000197f8573310, 0x00000197f858c8f0,
0x00000197f858d4b0, 0x00000197f858fe80, 0x00000197f8590840, 0x00000197f85915e0,
0x00000197f8592090, 0x00000197f8594aa0, 0x00000197fb249390, 0x00000197fb2d8000,
0x00000198422a3940, 0x000001984211ec10, 0x000001984223a750, 0x0000019842268cd0,
0x00000198420e0330, 0x00000198422f59e0, 0x00000198422f54d0, 0x00000198422f7d50,
0x00000198422f6400, 0x00000198422f5ef0, 0x00000198422f4fc0, 0x00000198422f6910,
0x00000198422f6e20, 0x00000198422f7840, 0x00000198422f45a0, 0x00000198422f4ab0,
0x0000019843354c50, 0x0000019843356090, 0x0000019843355160, 0x0000019843355670,
0x0000019843350060, 0x0000019843353300, 0x0000019843350570, 0x0000019843350f90,
0x0000019843350a80, 0x0000019843355b80, 0x00000198433565a0, 0x00000198433574d0,
0x0000019843356ab0, 0x0000019843356fc0, 0x00000198433528e0, 0x00000198433519b0,
0x00000198433523d0, 0x0000019843352df0, 0x0000019843353810, 0x0000019843353d20,
0x0000019843354230, 0x00000198433579e0, 0x00000198441a1570, 0x00000198441a1a80,
0x00000198441a4810, 0x00000198441a5c50, 0x00000198441a7090, 0x00000198441a7ab0,
0x00000198441a1f90, 0x00000198441a24a0, 0x00000198441a5740, 0x00000198441a29b0,
0x00000198441a75a0, 0x00000198441a6b80, 0x00000198441a7fc0, 0x00000198441a84d0,
0x00000198441a2ec0, 0x00000198441a1060, 0x00000198441a33d0, 0x00000198441a89e0,
0x00000198441a6160, 0x00000198441a38e0, 0x00000198441a6670, 0x00000198441a3df0,
0x00000198441a4300, 0x00000198441a4d20, 0x000001984491faf0, 0x000001984491dc90,
0x000001984491e1a0, 0x000001984491d780, 0x000001984491f0d0, 0x0000019844920000,
0x000001984491e6b0, 0x000001984491f5e0, 0x0000019844920510, 0x000001984491d270,
0x000001984491ebc0, 0x00000198412c5a10, 0x00000198412ca0f0, 0x00000198412c6940,
0x00000198412cab10, 0x00000198412cb020, 0x00000198412c6e50, 0x00000198412c7360,
0x00000198412c7870, 0x00000198412c87a0, 0x00000198412c8cb0, 0x00000198412c9be0,
0x00000198412ca600, 0x00000198412c6430, 0x00000198412cb530, 0x00000198412c40c0,
0x00000198412c7d80, 0x00000198412c8290, 0x00000198412c4ff0, 0x00000198412c91c0,
0x00000198412c4ae0, 0x00000198412c96d0, 0x00000198412cba40, 0x00000198412c45d0,
0x00000198412c5500, 0x00000198412c5f20, 0x0000019843d5b990, 0x0000019843d60070,
0x0000019843d5bea0, 0x0000019843d5a040, 0x0000019843d59620, 0x0000019843d60580,
0x0000019843d5ec30, 0x0000019843d5d2e0, 0x0000019843d5f140, 0x0000019843d5f650,
0x0000019843d59b30, 0x0000019843d5aa60, 0x0000019843d59110, 0x0000019843d60a90,
0x0000019843d5af70, 0x0000019843d5a550, 0x0000019843d5cdd0, 0x0000019843d5b480,
0x0000019843d5fb60, 0x0000019843d5c3b0, 0x0000019843d5c8c0, 0x0000019843d5d7f0,
0x0000019843d5dd00, 0x0000019843d5e210, 0x0000019843d5e720, 0x0000019843d6e750,
0x0000019843d6d820, 0x0000019843d6f680, 0x0000019843d6afa0, 0x0000019843d6a580,
0x0000019843d700a0, 0x0000019843d6dd30, 0x0000019843d6aa90, 0x0000019843d6ec60,
0x0000019843d6fb90, 0x0000019843d6e240, 0x0000019843d6bed0, 0x0000019843d6a070,
0x0000019843d705b0, 0x0000019843d69140, 0x0000019843d6d310, 0x0000019842cf57e0,
0x0000019842cf1b20, 0x0000019842cf6710, 0x0000019842cf4dc0, 0x0000019842cf43a0,
0x0000019842cf5cf0, 0x0000019842cf6c20, 0x0000019842cf2540, 0x0000019842cf01d0,
0x0000019842cf7b50, 0x0000019842cf7130, 0x0000019842cf2030, 0x0000019842cf06e0,
0x0000019842cf2f60, 0x0000019842cf0bf0, 0x0000019842cf6200, 0x0000019842cf1100,
0x0000019842cf2a50, 0x0000019842cf3980, 0x0000019842cf3e90, 0x0000019842cf48b0,
0x0000019845a6d6f0, 0x0000019845a69a30, 0x0000019845a69f40, 0x0000019845a69010,
0x0000019845a6b890, 0x0000019845a676c0, 0x0000019845a69520, 0x0000019845a6a450,
0x0000019845a67bd0, 0x0000019845a6c2b0, 0x0000019845a6c7c0, 0x000001984cebf7a0,
0x000001984cec0be0, 0x000001984cec52c0, 0x000001984cebf290, 0x000001984cebfcb0,
0x000001984cec57d0, 0x000001984cec1600, 0x000001984cec3460, 0x000001984cec06d0,
0x000001984cec01c0, 0x000001984cec2020, 0x000001984cec2530, 0x000001984cec2a40,
0x000001984cec2f50, 0x000001984cec4390, 0x000001984cebe870, 0x000001984ea020f0,
0x000001984ea09a70, 0x000001984ea02600, 0x000001984ea09f80, 0x000001984ea058a0,
0x000001984ea02b10, 0x000001984ea0a490, 0x000001984ea03020, 0x000001984ea0a9a0,
0x000001984ea0aeb0, 0x000001984ea0cd10, 0x000001984ea0faa0, 0x000001984ea0ffb0,
0x000001984ea0d220, 0x000001984ea0d730, 0x000001984ea0dc40, 0x000001984ea0eb70,
0x000001984ea0e150, 0x000001984ea0e660, 0x000001984ea109d0, 0x000001984ea0f080,
0x000001984ea0f590, 0x000001984491cd60, 0x000001984ea0b3c0, 0x0000019845a68b00,
0x0000019843d6f170, 0x000001984f61c360, 0x000001984f6195d0, 0x000001984539bbf0,
0x000001984f61a500, 0x000001984f61dcb0
}

Java Threads: ( => current thread )
  0x00000197eb131920 JavaThread "main" [_thread_blocked, id=100896, stack(0x0000007ea3900000,0x0000007ea3a00000)]
  0x00000197f8572490 JavaThread "Reference Handler" daemon [_thread_blocked, id=99552, stack(0x0000007ea4000000,0x0000007ea4100000)]
  0x00000197f8573310 JavaThread "Finalizer" daemon [_thread_blocked, id=102172, stack(0x0000007ea4100000,0x0000007ea4200000)]
  0x00000197f858c8f0 JavaThread "Signal Dispatcher" daemon [_thread_blocked, id=101980, stack(0x0000007ea4200000,0x0000007ea4300000)]
  0x00000197f858d4b0 JavaThread "Attach Listener" daemon [_thread_blocked, id=102196, stack(0x0000007ea4300000,0x0000007ea4400000)]
  0x00000197f858fe80 JavaThread "Service Thread" daemon [_thread_blocked, id=102344, stack(0x0000007ea4400000,0x0000007ea4500000)]
  0x00000197f8590840 JavaThread "Monitor Deflation Thread" daemon [_thread_blocked, id=102068, stack(0x0000007ea4500000,0x0000007ea4600000)]
  0x00000197f85915e0 JavaThread "C2 CompilerThread0" daemon [_thread_blocked, id=101360, stack(0x0000007ea4600000,0x0000007ea4700000)]
  0x00000197f8592090 JavaThread "C1 CompilerThread0" daemon [_thread_blocked, id=102124, stack(0x0000007ea4700000,0x0000007ea4800000)]
  0x00000197f8594aa0 JavaThread "Sweeper thread" daemon [_thread_blocked, id=101088, stack(0x0000007ea4800000,0x0000007ea4900000)]
  0x00000197fb249390 JavaThread "Common-Cleaner" daemon [_thread_blocked, id=100516, stack(0x0000007ea4900000,0x0000007ea4a00000)]
  0x00000197fb2d8000 JavaThread "Notification Thread" daemon [_thread_blocked, id=102228, stack(0x0000007ea4a00000,0x0000007ea4b00000)]
  0x00000198422a3940 JavaThread "Daemon health stats" [_thread_blocked, id=102184, stack(0x0000007ea5100000,0x0000007ea5200000)]
  0x000001984211ec10 JavaThread "Incoming local TCP Connector on port 61174" [_thread_in_native, id=101960, stack(0x0000007ea5200000,0x0000007ea5300000)]
  0x000001984223a750 JavaThread "Daemon periodic checks" [_thread_blocked, id=101836, stack(0x0000007ea5300000,0x0000007ea5400000)]
  0x0000019842268cd0 JavaThread "Daemon" [_thread_blocked, id=100216, stack(0x0000007ea5400000,0x0000007ea5500000)]
  0x00000198420e0330 JavaThread "Handler for socket connection from /127.0.0.1:61174 to /127.0.0.1:61175" [_thread_in_native, id=101592, stack(0x0000007ea5500000,0x0000007ea5600000)]
  0x00000198422f59e0 JavaThread "Cancel handler" [_thread_blocked, id=102148, stack(0x0000007ea5600000,0x0000007ea5700000)]
  0x00000198422f54d0 JavaThread "Daemon worker" [_thread_blocked, id=99772, stack(0x0000007ea5700000,0x0000007ea5800000)]
  0x00000198422f7d50 JavaThread "Asynchronous log dispatcher for DefaultDaemonConnection: socket connection from /127.0.0.1:61174 to /127.0.0.1:61175" [_thread_blocked, id=102116, stack(0x0000007ea5800000,0x0000007ea5900000)]
  0x00000198422f6400 JavaThread "Stdin handler" [_thread_blocked, id=101884, stack(0x0000007ea5900000,0x0000007ea5a00000)]
  0x00000198422f5ef0 JavaThread "Daemon client event forwarder" [_thread_blocked, id=101852, stack(0x0000007ea5a00000,0x0000007ea5b00000)]
  0x00000198422f4fc0 JavaThread "Cache worker for journal cache (C:\Users\PMLS\.gradle\caches\journal-1)" [_thread_blocked, id=102416, stack(0x0000007ea5b00000,0x0000007ea5c00000)]
  0x00000198422f6910 JavaThread "File lock request listener" [_thread_in_native, id=102420, stack(0x0000007ea5c00000,0x0000007ea5d00000)]
  0x00000198422f6e20 JavaThread "Cache worker for file hash cache (C:\Users\PMLS\.gradle\caches\8.14\fileHashes)" [_thread_blocked, id=102424, stack(0x0000007ea5d00000,0x0000007ea5e00000)]
  0x00000198422f7840 JavaThread "Cache worker for file hash cache (D:\my_app\SafeConnect\safeconnect\android\.gradle\8.14\fileHashes)" [_thread_blocked, id=102688, stack(0x0000007ea6200000,0x0000007ea6300000)]
  0x00000198422f45a0 JavaThread "Cache worker for Build Output Cleanup Cache (D:\my_app\SafeConnect\safeconnect\android\.gradle\buildOutputCleanup)" [_thread_blocked, id=102692, stack(0x0000007ea6300000,0x0000007ea6400000)]
  0x00000198422f4ab0 JavaThread "File watcher server" daemon [_thread_in_native, id=102788, stack(0x0000007ea6600000,0x0000007ea6700000)]
  0x0000019843354c50 JavaThread "File watcher consumer" daemon [_thread_blocked, id=102792, stack(0x0000007ea6700000,0x0000007ea6800000)]
  0x0000019843356090 JavaThread "Cache worker for checksums cache (D:\my_app\SafeConnect\safeconnect\android\.gradle\8.14\checksums)" [_thread_blocked, id=103064, stack(0x0000007ea6800000,0x0000007ea6900000)]
  0x0000019843355160 JavaThread "Cache worker for file content cache (C:\Users\PMLS\.gradle\caches\8.14\fileContent)" [_thread_blocked, id=103068, stack(0x0000007ea6900000,0x0000007ea6a00000)]
  0x0000019843355670 JavaThread "Cache worker for cache directory md-supplier (C:\Users\PMLS\.gradle\caches\8.14\md-supplier)" [_thread_blocked, id=103072, stack(0x0000007ea6a00000,0x0000007ea6b00000)]
  0x0000019843350060 JavaThread "Cache worker for cache directory md-rule (C:\Users\PMLS\.gradle\caches\8.14\md-rule)" [_thread_blocked, id=103076, stack(0x0000007ea6b00000,0x0000007ea6c00000)]
  0x0000019843353300 JavaThread "Cache worker for Build Output Cleanup Cache (C:\src\flutter\packages\flutter_tools\gradle\.gradle\buildOutputCleanup)" [_thread_blocked, id=103192, stack(0x0000007ea6c00000,0x0000007ea6d00000)]
  0x0000019843350570 JavaThread "Unconstrained build operations" [_thread_blocked, id=102492, stack(0x0000007ea6d00000,0x0000007ea6e00000)]
  0x0000019843350f90 JavaThread "Unconstrained build operations Thread 2" [_thread_blocked, id=102480, stack(0x0000007ea6e00000,0x0000007ea6f00000)]
  0x0000019843350a80 JavaThread "Unconstrained build operations Thread 3" [_thread_blocked, id=102476, stack(0x0000007ea6f00000,0x0000007ea7000000)]
  0x0000019843355b80 JavaThread "Unconstrained build operations Thread 4" [_thread_blocked, id=102472, stack(0x0000007ea7000000,0x0000007ea7100000)]
  0x00000198433565a0 JavaThread "Unconstrained build operations Thread 5" [_thread_blocked, id=102488, stack(0x0000007ea7100000,0x0000007ea7200000)]
  0x00000198433574d0 JavaThread "Unconstrained build operations Thread 6" [_thread_blocked, id=102456, stack(0x0000007ea7200000,0x0000007ea7300000)]
  0x0000019843356ab0 JavaThread "Unconstrained build operations Thread 7" [_thread_blocked, id=102432, stack(0x0000007ea7300000,0x0000007ea7400000)]
  0x0000019843356fc0 JavaThread "Unconstrained build operations Thread 8" [_thread_blocked, id=102464, stack(0x0000007ea7400000,0x0000007ea7500000)]
  0x00000198433528e0 JavaThread "Unconstrained build operations Thread 9" [_thread_blocked, id=102460, stack(0x0000007ea7500000,0x0000007ea7600000)]
  0x00000198433519b0 JavaThread "Unconstrained build operations Thread 10" [_thread_blocked, id=102468, stack(0x0000007ea7600000,0x0000007ea7700000)]
  0x00000198433523d0 JavaThread "Unconstrained build operations Thread 11" [_thread_blocked, id=102436, stack(0x0000007ea7700000,0x0000007ea7800000)]
  0x0000019843352df0 JavaThread "Unconstrained build operations Thread 12" [_thread_blocked, id=102596, stack(0x0000007ea7800000,0x0000007ea7900000)]
  0x0000019843353810 JavaThread "Unconstrained build operations Thread 13" [_thread_blocked, id=102600, stack(0x0000007ea7900000,0x0000007ea7a00000)]
  0x0000019843353d20 JavaThread "Unconstrained build operations Thread 14" [_thread_blocked, id=102592, stack(0x0000007ea7a00000,0x0000007ea7b00000)]
  0x0000019843354230 JavaThread "Unconstrained build operations Thread 15" [_thread_blocked, id=102588, stack(0x0000007ea7b00000,0x0000007ea7c00000)]
  0x00000198433579e0 JavaThread "Unconstrained build operations Thread 16" [_thread_blocked, id=102648, stack(0x0000007ea7c00000,0x0000007ea7d00000)]
  0x00000198441a1570 JavaThread "Unconstrained build operations Thread 17" [_thread_blocked, id=102644, stack(0x0000007ea7d00000,0x0000007ea7e00000)]
  0x00000198441a1a80 JavaThread "Unconstrained build operations Thread 18" [_thread_blocked, id=102640, stack(0x0000007ea7e00000,0x0000007ea7f00000)]
  0x00000198441a4810 JavaThread "Unconstrained build operations Thread 19" [_thread_blocked, id=102628, stack(0x0000007ea7f00000,0x0000007ea8000000)]
  0x00000198441a5c50 JavaThread "Unconstrained build operations Thread 20" [_thread_blocked, id=102624, stack(0x0000007ea8000000,0x0000007ea8100000)]
  0x00000198441a7090 JavaThread "Unconstrained build operations Thread 21" [_thread_blocked, id=102620, stack(0x0000007ea8100000,0x0000007ea8200000)]
  0x00000198441a7ab0 JavaThread "Unconstrained build operations Thread 22" [_thread_blocked, id=102636, stack(0x0000007ea8200000,0x0000007ea8300000)]
  0x00000198441a1f90 JavaThread "Unconstrained build operations Thread 23" [_thread_blocked, id=102604, stack(0x0000007ea8300000,0x0000007ea8400000)]
  0x00000198441a24a0 JavaThread "Unconstrained build operations Thread 24" [_thread_blocked, id=102612, stack(0x0000007ea8400000,0x0000007ea8500000)]
  0x00000198441a5740 JavaThread "Unconstrained build operations Thread 25" [_thread_blocked, id=102580, stack(0x0000007ea8500000,0x0000007ea8600000)]
  0x00000198441a29b0 JavaThread "Unconstrained build operations Thread 26" [_thread_blocked, id=102616, stack(0x0000007ea8600000,0x0000007ea8700000)]
  0x00000198441a75a0 JavaThread "Unconstrained build operations Thread 27" [_thread_blocked, id=102608, stack(0x0000007ea8700000,0x0000007ea8800000)]
  0x00000198441a6b80 JavaThread "Unconstrained build operations Thread 28" [_thread_blocked, id=102584, stack(0x0000007ea8800000,0x0000007ea8900000)]
  0x00000198441a7fc0 JavaThread "Unconstrained build operations Thread 29" [_thread_blocked, id=102696, stack(0x0000007ea8900000,0x0000007ea8a00000)]
  0x00000198441a84d0 JavaThread "Unconstrained build operations Thread 30" [_thread_blocked, id=102672, stack(0x0000007ea8a00000,0x0000007ea8b00000)]
  0x00000198441a2ec0 JavaThread "Unconstrained build operations Thread 31" [_thread_blocked, id=102700, stack(0x0000007ea8b00000,0x0000007ea8c00000)]
  0x00000198441a1060 JavaThread "Unconstrained build operations Thread 32" [_thread_blocked, id=102660, stack(0x0000007ea8c00000,0x0000007ea8d00000)]
  0x00000198441a33d0 JavaThread "Unconstrained build operations Thread 33" [_thread_blocked, id=102664, stack(0x0000007ea8d00000,0x0000007ea8e00000)]
  0x00000198441a89e0 JavaThread "Memory manager" [_thread_blocked, id=102744, stack(0x0000007ea8e00000,0x0000007ea8f00000)]
  0x00000198441a6160 JavaThread "build event listener" [_thread_blocked, id=103148, stack(0x0000007ea8f00000,0x0000007ea9000000)]
  0x00000198441a38e0 JavaThread "included builds" [_thread_blocked, id=102996, stack(0x0000007ea9000000,0x0000007ea9100000)]
  0x00000198441a6670 JavaThread "Execution worker" [_thread_blocked, id=103028, stack(0x0000007ea9100000,0x0000007ea9200000)]
  0x00000198441a3df0 JavaThread "Execution worker Thread 2" [_thread_blocked, id=103020, stack(0x0000007ea9200000,0x0000007ea9300000)]
  0x00000198441a4300 JavaThread "Execution worker Thread 3" [_thread_blocked, id=102992, stack(0x0000007ea9300000,0x0000007ea9400000)]
  0x00000198441a4d20 JavaThread "Execution worker Thread 4" [_thread_blocked, id=103016, stack(0x0000007ea9400000,0x0000007ea9500000)]
  0x000001984491faf0 JavaThread "Execution worker Thread 5" [_thread_blocked, id=103048, stack(0x0000007ea9500000,0x0000007ea9600000)]
  0x000001984491dc90 JavaThread "Execution worker Thread 6" [_thread_blocked, id=103052, stack(0x0000007ea9600000,0x0000007ea9700000)]
  0x000001984491e1a0 JavaThread "Execution worker Thread 7" [_thread_blocked, id=103036, stack(0x0000007ea9700000,0x0000007ea9800000)]
  0x000001984491d780 JavaThread "Execution worker Thread 8" [_thread_blocked, id=103032, stack(0x0000007ea9800000,0x0000007ea9900000)]
  0x000001984491f0d0 JavaThread "Execution worker Thread 9" [_thread_in_vm, id=103008, stack(0x0000007ea9900000,0x0000007ea9a00000)]
  0x0000019844920000 JavaThread "Execution worker Thread 10" [_thread_blocked, id=103040, stack(0x0000007ea9a00000,0x0000007ea9b00000)]
  0x000001984491e6b0 JavaThread "Execution worker Thread 11" [_thread_blocked, id=103004, stack(0x0000007ea9b00000,0x0000007ea9c00000)]
  0x000001984491f5e0 JavaThread "Cache worker for execution history cache (C:\src\flutter\packages\flutter_tools\gradle\.gradle\8.14\executionHistory)" [_thread_blocked, id=103088, stack(0x0000007ea9c00000,0x0000007ea9d00000)]
  0x0000019844920510 JavaThread "Unconstrained build operations Thread 34" [_thread_blocked, id=103144, stack(0x0000007ea9d00000,0x0000007ea9e00000)]
  0x000001984491d270 JavaThread "Unconstrained build operations Thread 35" [_thread_blocked, id=103244, stack(0x0000007ea9e00000,0x0000007ea9f00000)]
  0x000001984491ebc0 JavaThread "Unconstrained build operations Thread 36" [_thread_blocked, id=103272, stack(0x0000007ea9f00000,0x0000007eaa000000)]
  0x00000198412c5a10 JavaThread "Unconstrained build operations Thread 37" [_thread_blocked, id=103268, stack(0x0000007eaa000000,0x0000007eaa100000)]
  0x00000198412ca0f0 JavaThread "Unconstrained build operations Thread 38" [_thread_blocked, id=103264, stack(0x0000007eaa100000,0x0000007eaa200000)]
  0x00000198412c6940 JavaThread "Unconstrained build operations Thread 39" [_thread_blocked, id=103132, stack(0x0000007eaa200000,0x0000007eaa300000)]
  0x00000198412cab10 JavaThread "Unconstrained build operations Thread 40" [_thread_blocked, id=98836, stack(0x0000007eaa300000,0x0000007eaa400000)]
  0x00000198412cb020 JavaThread "Unconstrained build operations Thread 41" [_thread_blocked, id=90584, stack(0x0000007eaa400000,0x0000007eaa500000)]
  0x00000198412c6e50 JavaThread "Unconstrained build operations Thread 42" [_thread_blocked, id=99240, stack(0x0000007eaa500000,0x0000007eaa600000)]
  0x00000198412c7360 JavaThread "Unconstrained build operations Thread 43" [_thread_blocked, id=100032, stack(0x0000007eaa600000,0x0000007eaa700000)]
  0x00000198412c7870 JavaThread "Unconstrained build operations Thread 44" [_thread_blocked, id=103240, stack(0x0000007eaa700000,0x0000007eaa800000)]
  0x00000198412c87a0 JavaThread "Unconstrained build operations Thread 45" [_thread_blocked, id=102088, stack(0x0000007eaa800000,0x0000007eaa900000)]
  0x00000198412c8cb0 JavaThread "Unconstrained build operations Thread 46" [_thread_blocked, id=103208, stack(0x0000007eaa900000,0x0000007eaaa00000)]
  0x00000198412c9be0 JavaThread "Unconstrained build operations Thread 47" [_thread_blocked, id=103204, stack(0x0000007eaaa00000,0x0000007eaab00000)]
  0x00000198412ca600 JavaThread "Unconstrained build operations Thread 48" [_thread_blocked, id=103320, stack(0x0000007eaab00000,0x0000007eaac00000)]
  0x00000198412c6430 JavaThread "Unconstrained build operations Thread 49" [_thread_blocked, id=103324, stack(0x0000007eaac00000,0x0000007eaad00000)]
  0x00000198412cb530 JavaThread "Unconstrained build operations Thread 50" [_thread_blocked, id=103328, stack(0x0000007eaad00000,0x0000007eaae00000)]
  0x00000198412c40c0 JavaThread "Unconstrained build operations Thread 51" [_thread_blocked, id=103344, stack(0x0000007eaae00000,0x0000007eaaf00000)]
  0x00000198412c7d80 JavaThread "Unconstrained build operations Thread 52" [_thread_blocked, id=103348, stack(0x0000007eaaf00000,0x0000007eab000000)]
  0x00000198412c8290 JavaThread "Unconstrained build operations Thread 53" [_thread_blocked, id=103288, stack(0x0000007eab000000,0x0000007eab100000)]
  0x00000198412c4ff0 JavaThread "Unconstrained build operations Thread 54" [_thread_blocked, id=103336, stack(0x0000007eab100000,0x0000007eab200000)]
  0x00000198412c91c0 JavaThread "Unconstrained build operations Thread 55" [_thread_blocked, id=101296, stack(0x0000007eab200000,0x0000007eab300000)]
  0x00000198412c4ae0 JavaThread "Unconstrained build operations Thread 56" [_thread_blocked, id=103232, stack(0x0000007eab300000,0x0000007eab400000)]
  0x00000198412c96d0 JavaThread "Unconstrained build operations Thread 57" [_thread_blocked, id=102032, stack(0x0000007eab400000,0x0000007eab500000)]
  0x00000198412cba40 JavaThread "Unconstrained build operations Thread 58" [_thread_blocked, id=103372, stack(0x0000007eab500000,0x0000007eab600000)]
  0x00000198412c45d0 JavaThread "Unconstrained build operations Thread 59" [_thread_blocked, id=103376, stack(0x0000007eab600000,0x0000007eab700000)]
  0x00000198412c5500 JavaThread "Unconstrained build operations Thread 60" [_thread_blocked, id=103368, stack(0x0000007eab700000,0x0000007eab800000)]
  0x00000198412c5f20 JavaThread "Unconstrained build operations Thread 61" [_thread_blocked, id=103380, stack(0x0000007eab800000,0x0000007eab900000)]
  0x0000019843d5b990 JavaThread "Unconstrained build operations Thread 62" [_thread_blocked, id=103364, stack(0x0000007eab900000,0x0000007eaba00000)]
  0x0000019843d60070 JavaThread "Unconstrained build operations Thread 63" [_thread_blocked, id=103396, stack(0x0000007eaba00000,0x0000007eabb00000)]
  0x0000019843d5bea0 JavaThread "Unconstrained build operations Thread 64" [_thread_blocked, id=103404, stack(0x0000007eabb00000,0x0000007eabc00000)]
  0x0000019843d5a040 JavaThread "Unconstrained build operations Thread 65" [_thread_blocked, id=103360, stack(0x0000007eabc00000,0x0000007eabd00000)]
  0x0000019843d59620 JavaThread "Unconstrained build operations Thread 66" [_thread_blocked, id=102404, stack(0x0000007eabd00000,0x0000007eabe00000)]
  0x0000019843d60580 JavaThread "Unconstrained build operations Thread 67" [_thread_blocked, id=96272, stack(0x0000007eabe00000,0x0000007eabf00000)]
  0x0000019843d5ec30 JavaThread "Unconstrained build operations Thread 68" [_thread_blocked, id=100608, stack(0x0000007eabf00000,0x0000007eac000000)]
  0x0000019843d5d2e0 JavaThread "Unconstrained build operations Thread 69" [_thread_blocked, id=102780, stack(0x0000007eac000000,0x0000007eac100000)]
  0x0000019843d5f140 JavaThread "Unconstrained build operations Thread 70" [_thread_blocked, id=102764, stack(0x0000007eac100000,0x0000007eac200000)]
  0x0000019843d5f650 JavaThread "Unconstrained build operations Thread 71" [_thread_blocked, id=102756, stack(0x0000007eac200000,0x0000007eac300000)]
  0x0000019843d59b30 JavaThread "Unconstrained build operations Thread 72" [_thread_blocked, id=100208, stack(0x0000007eac300000,0x0000007eac400000)]
  0x0000019843d5aa60 JavaThread "Unconstrained build operations Thread 73" [_thread_blocked, id=100200, stack(0x0000007eac400000,0x0000007eac500000)]
  0x0000019843d59110 JavaThread "Unconstrained build operations Thread 74" [_thread_blocked, id=102804, stack(0x0000007eac500000,0x0000007eac600000)]
  0x0000019843d60a90 JavaThread "Unconstrained build operations Thread 75" [_thread_blocked, id=102916, stack(0x0000007eac600000,0x0000007eac700000)]
  0x0000019843d5af70 JavaThread "Unconstrained build operations Thread 76" [_thread_blocked, id=98096, stack(0x0000007eac700000,0x0000007eac800000)]
  0x0000019843d5a550 JavaThread "Unconstrained build operations Thread 77" [_thread_blocked, id=97836, stack(0x0000007eac800000,0x0000007eac900000)]
  0x0000019843d5cdd0 JavaThread "Unconstrained build operations Thread 78" [_thread_blocked, id=102668, stack(0x0000007eac900000,0x0000007eaca00000)]
  0x0000019843d5b480 JavaThread "Unconstrained build operations Thread 79" [_thread_blocked, id=102724, stack(0x0000007eaca00000,0x0000007eacb00000)]
  0x0000019843d5fb60 JavaThread "Unconstrained build operations Thread 80" [_thread_blocked, id=102960, stack(0x0000007eacb00000,0x0000007eacc00000)]
  0x0000019843d5c3b0 JavaThread "Unconstrained build operations Thread 81" [_thread_blocked, id=102720, stack(0x0000007eacc00000,0x0000007eacd00000)]
  0x0000019843d5c8c0 JavaThread "Unconstrained build operations Thread 82" [_thread_blocked, id=102812, stack(0x0000007eacd00000,0x0000007eace00000)]
  0x0000019843d5d7f0 JavaThread "Unconstrained build operations Thread 83" [_thread_blocked, id=102820, stack(0x0000007eace00000,0x0000007eacf00000)]
  0x0000019843d5dd00 JavaThread "Unconstrained build operations Thread 84" [_thread_blocked, id=102808, stack(0x0000007eacf00000,0x0000007ead000000)]
  0x0000019843d5e210 JavaThread "Unconstrained build operations Thread 85" [_thread_blocked, id=102752, stack(0x0000007ead000000,0x0000007ead100000)]
  0x0000019843d5e720 JavaThread "Unconstrained build operations Thread 86" [_thread_blocked, id=102844, stack(0x0000007ead100000,0x0000007ead200000)]
  0x0000019843d6e750 JavaThread "Unconstrained build operations Thread 87" [_thread_blocked, id=102956, stack(0x0000007ead200000,0x0000007ead300000)]
  0x0000019843d6d820 JavaThread "Unconstrained build operations Thread 88" [_thread_blocked, id=102856, stack(0x0000007ead300000,0x0000007ead400000)]
  0x0000019843d6f680 JavaThread "Unconstrained build operations Thread 89" [_thread_blocked, id=102824, stack(0x0000007ead400000,0x0000007ead500000)]
  0x0000019843d6afa0 JavaThread "Unconstrained build operations Thread 90" [_thread_blocked, id=102836, stack(0x0000007ead500000,0x0000007ead600000)]
  0x0000019843d6a580 JavaThread "Unconstrained build operations Thread 91" [_thread_blocked, id=102940, stack(0x0000007ead600000,0x0000007ead700000)]
  0x0000019843d700a0 JavaThread "Unconstrained build operations Thread 92" [_thread_blocked, id=102900, stack(0x0000007ead700000,0x0000007ead800000)]
  0x0000019843d6dd30 JavaThread "Unconstrained build operations Thread 93" [_thread_blocked, id=102984, stack(0x0000007ead800000,0x0000007ead900000)]
  0x0000019843d6aa90 JavaThread "Unconstrained build operations Thread 94" [_thread_blocked, id=103100, stack(0x0000007ead900000,0x0000007eada00000)]
  0x0000019843d6ec60 JavaThread "Unconstrained build operations Thread 95" [_thread_blocked, id=103012, stack(0x0000007eada00000,0x0000007eadb00000)]
  0x0000019843d6fb90 JavaThread "Unconstrained build operations Thread 96" [_thread_blocked, id=103060, stack(0x0000007eadb00000,0x0000007eadc00000)]
  0x0000019843d6e240 JavaThread "Unconstrained build operations Thread 97" [_thread_blocked, id=98456, stack(0x0000007eadc00000,0x0000007eadd00000)]
  0x0000019843d6bed0 JavaThread "Unconstrained build operations Thread 98" [_thread_blocked, id=98460, stack(0x0000007eadd00000,0x0000007eade00000)]
  0x0000019843d6a070 JavaThread "Unconstrained build operations Thread 99" [_thread_blocked, id=98452, stack(0x0000007eade00000,0x0000007eadf00000)]
  0x0000019843d705b0 JavaThread "Unconstrained build operations Thread 100" [_thread_blocked, id=103000, stack(0x0000007eadf00000,0x0000007eae000000)]
  0x0000019843d69140 JavaThread "Unconstrained build operations Thread 101" [_thread_blocked, id=102968, stack(0x0000007eae000000,0x0000007eae100000)]
  0x0000019843d6d310 JavaThread "build event listener" [_thread_blocked, id=102308, stack(0x0000007eae100000,0x0000007eae200000)]
  0x0000019842cf57e0 JavaThread "jar transforms" [_thread_blocked, id=101792, stack(0x0000007eae200000,0x0000007eae300000)]
  0x0000019842cf1b20 JavaThread "Unconstrained build operations Thread 102" [_thread_blocked, id=103140, stack(0x0000007eae300000,0x0000007eae400000)]
  0x0000019842cf6710 JavaThread "Unconstrained build operations Thread 103" [_thread_blocked, id=102952, stack(0x0000007eae400000,0x0000007eae500000)]
  0x0000019842cf4dc0 JavaThread "Unconstrained build operations Thread 104" [_thread_blocked, id=102536, stack(0x0000007eae500000,0x0000007eae600000)]
  0x0000019842cf43a0 JavaThread "Unconstrained build operations Thread 105" [_thread_blocked, id=102784, stack(0x0000007eae600000,0x0000007eae700000)]
  0x0000019842cf5cf0 JavaThread "Unconstrained build operations Thread 106" [_thread_blocked, id=102252, stack(0x0000007eae700000,0x0000007eae800000)]
  0x0000019842cf6c20 JavaThread "Unconstrained build operations Thread 107" [_thread_blocked, id=103164, stack(0x0000007eae800000,0x0000007eae900000)]
  0x0000019842cf2540 JavaThread "Unconstrained build operations Thread 108" [_thread_blocked, id=102528, stack(0x0000007eae900000,0x0000007eaea00000)]
  0x0000019842cf01d0 JavaThread "Unconstrained build operations Thread 109" [_thread_blocked, id=102716, stack(0x0000007eaea00000,0x0000007eaeb00000)]
  0x0000019842cf7b50 JavaThread "Unconstrained build operations Thread 110" [_thread_blocked, id=96376, stack(0x0000007eaeb00000,0x0000007eaec00000)]
  0x0000019842cf7130 JavaThread "Unconstrained build operations Thread 111" [_thread_blocked, id=102920, stack(0x0000007eaec00000,0x0000007eaed00000)]
  0x0000019842cf2030 JavaThread "Unconstrained build operations Thread 112" [_thread_blocked, id=102980, stack(0x0000007eaed00000,0x0000007eaee00000)]
  0x0000019842cf06e0 JavaThread "Unconstrained build operations Thread 113" [_thread_blocked, id=103220, stack(0x0000007eaee00000,0x0000007eaef00000)]
  0x0000019842cf2f60 JavaThread "Unconstrained build operations Thread 114" [_thread_blocked, id=98324, stack(0x0000007eaef00000,0x0000007eaf000000)]
  0x0000019842cf0bf0 JavaThread "Unconstrained build operations Thread 115" [_thread_blocked, id=98824, stack(0x0000007eaf000000,0x0000007eaf100000)]
  0x0000019842cf6200 JavaThread "Unconstrained build operations Thread 116" [_thread_blocked, id=101776, stack(0x0000007eaf100000,0x0000007eaf200000)]
  0x0000019842cf1100 JavaThread "Unconstrained build operations Thread 117" [_thread_blocked, id=99372, stack(0x0000007eaf200000,0x0000007eaf300000)]
  0x0000019842cf2a50 JavaThread "Unconstrained build operations Thread 118" [_thread_blocked, id=98384, stack(0x0000007eaf300000,0x0000007eaf400000)]
  0x0000019842cf3980 JavaThread "Unconstrained build operations Thread 119" [_thread_blocked, id=101924, stack(0x0000007eaf400000,0x0000007eaf500000)]
  0x0000019842cf3e90 JavaThread "Unconstrained build operations Thread 120" [_thread_blocked, id=102548, stack(0x0000007eaf500000,0x0000007eaf600000)]
  0x0000019842cf48b0 JavaThread "jar transforms Thread 2" [_thread_blocked, id=102248, stack(0x0000007eaf600000,0x0000007eaf700000)]
  0x0000019845a6d6f0 JavaThread "Problems report writer" [_thread_blocked, id=101680, stack(0x0000007eaf700000,0x0000007eaf800000)]
  0x0000019845a69a30 JavaThread "jar transforms Thread 3" [_thread_blocked, id=99388, stack(0x0000007eaf900000,0x0000007eafa00000)]
  0x0000019845a69f40 JavaThread "jar transforms Thread 4" [_thread_blocked, id=102684, stack(0x0000007eafc00000,0x0000007eafd00000)]
  0x0000019845a69010 JavaThread "jar transforms Thread 5" [_thread_blocked, id=99484, stack(0x0000007eafd00000,0x0000007eafe00000)]
  0x0000019845a6b890 JavaThread "jar transforms Thread 6" [_thread_blocked, id=97724, stack(0x0000007eafe00000,0x0000007eaff00000)]
  0x0000019845a676c0 JavaThread "jar transforms Thread 7" [_thread_blocked, id=90228, stack(0x0000007eaff00000,0x0000007eb0000000)]
  0x0000019845a69520 JavaThread "jar transforms Thread 8" [_thread_blocked, id=93512, stack(0x0000007eb0000000,0x0000007eb0100000)]
  0x0000019845a6a450 JavaThread "jar transforms Thread 9" [_thread_blocked, id=99624, stack(0x0000007eb0100000,0x0000007eb0200000)]
  0x0000019845a67bd0 JavaThread "jar transforms Thread 10" [_thread_blocked, id=101588, stack(0x0000007eb0200000,0x0000007eb0300000)]
  0x0000019845a6c2b0 JavaThread "jar transforms Thread 11" [_thread_blocked, id=102076, stack(0x0000007eaf800000,0x0000007eaf900000)]
  0x0000019845a6c7c0 JavaThread "jar transforms Thread 12" [_thread_blocked, id=101600, stack(0x0000007eb0300000,0x0000007eb0400000)]
  0x000001984cebf7a0 JavaThread "Cache worker for execution history cache (D:\my_app\SafeConnect\safeconnect\android\.gradle\8.14\executionHistory)" [_thread_blocked, id=103608, stack(0x0000007eb0400000,0x0000007eb0500000)]
  0x000001984cec0be0 JavaThread "Exec process" [_thread_blocked, id=103744, stack(0x0000007eb0500000,0x0000007eb0600000)]
  0x000001984cec52c0 JavaThread "Exec process Thread 2" [_thread_blocked, id=103844, stack(0x0000007eb0600000,0x0000007eb0700000)]
  0x000001984cebf290 JavaThread "Exec process Thread 3" [_thread_blocked, id=103848, stack(0x0000007eb0700000,0x0000007eb0800000)]
  0x000001984cebfcb0 JavaThread "WorkerExecutor Queue" [_thread_in_native, id=92152, stack(0x0000007ea3600000,0x0000007ea3700000)]
  0x000001984cec57d0 JavaThread "WorkerExecutor Queue Thread 2" [_thread_blocked, id=104068, stack(0x0000007ea3800000,0x0000007ea3900000)]
  0x000001984cec1600 JavaThread "WorkerExecutor Queue Thread 3" [_thread_in_native, id=103604, stack(0x0000007eb0800000,0x0000007eb0900000)]
  0x000001984cec3460 JavaThread "WorkerExecutor Queue Thread 4" [_thread_blocked, id=103696, stack(0x0000007eb0900000,0x0000007eb0a00000)]
  0x000001984cec06d0 JavaThread "WorkerExecutor Queue Thread 5" [_thread_blocked, id=104052, stack(0x0000007eb0a00000,0x0000007eb0b00000)]
  0x000001984cec01c0 JavaThread "WorkerExecutor Queue Thread 6" [_thread_in_native, id=104408, stack(0x0000007eb0c00000,0x0000007eb0d00000)]
  0x000001984cec2020 JavaThread "WorkerExecutor Queue Thread 7" [_thread_blocked, id=104444, stack(0x0000007eb0d00000,0x0000007eb0e00000)]
  0x000001984cec2530 JavaThread "WorkerExecutor Queue Thread 8" [_thread_blocked, id=104332, stack(0x0000007eb0e00000,0x0000007eb0f00000)]
  0x000001984cec2a40 JavaThread "WorkerExecutor Queue Thread 10" [_thread_blocked, id=9084, stack(0x0000007eb1000000,0x0000007eb1100000)]
  0x000001984cec2f50 JavaThread "WorkerExecutor Queue Thread 11" [_thread_blocked, id=103624, stack(0x0000007eb1100000,0x0000007eb1200000)]
  0x000001984cec4390 JavaThread "WorkerExecutor Queue Thread 12" [_thread_in_native, id=103880, stack(0x0000007eb1200000,0x0000007eb1300000)]
  0x000001984cebe870 JavaThread "WorkerExecutor Queue Thread 13" [_thread_blocked, id=99340, stack(0x0000007eb1800000,0x0000007eb1900000)]
  0x000001984ea020f0 JavaThread "pool-3-thread-1" [_thread_blocked, id=104528, stack(0x0000007eb1900000,0x0000007eb1a00000)]
  0x000001984ea09a70 JavaThread "stderr" [_thread_in_native, id=104728, stack(0x0000007eb1a00000,0x0000007eb1b00000)]
  0x000001984ea02600 JavaThread "stdout" [_thread_in_native, id=104764, stack(0x0000007eb1b00000,0x0000007eb1c00000)]
  0x000001984ea09f80 JavaThread "Cache worker for Java compile cache (C:\Users\PMLS\.gradle\caches\8.14\javaCompile)" [_thread_blocked, id=104996, stack(0x0000007eb1c00000,0x0000007eb1d00000)]
  0x000001984ea058a0 JavaThread "RMI Scheduler(0)" daemon [_thread_blocked, id=105168, stack(0x0000007ea3700000,0x0000007ea3800000)]
  0x000001984ea02b10 JavaThread "RMI RenewClean-[127.0.0.1:17267,org.jetbrains.kotlin.daemon.common.LoopbackNetworkInterface$ClientLoopbackSocketFactory@4ea611c8]" daemon [_thread_blocked, id=105300, stack(0x0000007eb0f00000,0x0000007eb1000000)]
  0x000001984ea0a490 JavaThread "RMI GC Daemon" daemon [_thread_blocked, id=105452, stack(0x0000007eb1d00000,0x0000007eb1e00000)]
  0x000001984ea03020 JavaThread "RMI TCP Accept-0" daemon [_thread_in_native, id=73832, stack(0x0000007eb1e00000,0x0000007eb1f00000)]
  0x000001984ea0a9a0 JavaThread "RMI Reaper" [_thread_blocked, id=105404, stack(0x0000007eb1f00000,0x0000007eb2000000)]
  0x000001984ea0aeb0 JavaThread "RMI TCP Connection(5)-127.0.0.1" daemon [_thread_in_native, id=105432, stack(0x0000007eb2000000,0x0000007eb2100000)]
  0x000001984ea0cd10 JavaThread "Build operations" [_thread_blocked, id=99568, stack(0x0000007eb2100000,0x0000007eb2200000)]
  0x000001984ea0faa0 JavaThread "Build operations Thread 2" [_thread_blocked, id=104752, stack(0x0000007eb2200000,0x0000007eb2300000)]
  0x000001984ea0ffb0 JavaThread "Build operations Thread 3" [_thread_blocked, id=94192, stack(0x0000007eb2300000,0x0000007eb2400000)]
  0x000001984ea0d220 JavaThread "Build operations Thread 4" [_thread_blocked, id=103920, stack(0x0000007eb2400000,0x0000007eb2500000)]
  0x000001984ea0d730 JavaThread "Build operations Thread 5" [_thread_blocked, id=104920, stack(0x0000007eb2500000,0x0000007eb2600000)]
  0x000001984ea0dc40 JavaThread "Build operations Thread 6" [_thread_blocked, id=104784, stack(0x0000007eb2600000,0x0000007eb2700000)]
  0x000001984ea0eb70 JavaThread "Build operations Thread 7" [_thread_blocked, id=105004, stack(0x0000007eb2700000,0x0000007eb2800000)]
  0x000001984ea0e150 JavaThread "Build operations Thread 8" [_thread_blocked, id=105016, stack(0x0000007eb2800000,0x0000007eb2900000)]
  0x000001984ea0e660 JavaThread "Build operations Thread 9" [_thread_blocked, id=94684, stack(0x0000007eb2900000,0x0000007eb2a00000)]
  0x000001984ea109d0 JavaThread "Build operations Thread 10" [_thread_blocked, id=105104, stack(0x0000007eb2a00000,0x0000007eb2b00000)]
  0x000001984ea0f080 JavaThread "Build operations Thread 11" [_thread_blocked, id=105028, stack(0x0000007eb2b00000,0x0000007eb2c00000)]
  0x000001984ea0f590 JavaThread "Build operations Thread 12" [_thread_blocked, id=104956, stack(0x0000007eb2c00000,0x0000007eb2d00000)]
  0x000001984491cd60 JavaThread "RMI RenewClean-[127.0.0.1:17267,org.jetbrains.kotlin.daemon.common.LoopbackNetworkInterface$ClientLoopbackSocketFactory@effc4da]" daemon [_thread_blocked, id=104844, stack(0x0000007eb2d00000,0x0000007eb2e00000)]
  0x000001984ea0b3c0 JavaThread "RMI TCP Connection(2)-127.0.0.1" daemon [_thread_in_native, id=104944, stack(0x0000007eb2e00000,0x0000007eb2f00000)]
  0x0000019845a68b00 JavaThread "RMI RenewClean-[127.0.0.1:17267,org.jetbrains.kotlin.daemon.common.LoopbackNetworkInterface$ClientLoopbackSocketFactory@26cff71a]" daemon [_thread_blocked, id=105536, stack(0x0000007eb3000000,0x0000007eb3100000)]
  0x0000019843d6f170 JavaThread "RMI TCP Connection(idle)" daemon [_thread_blocked, id=105548, stack(0x0000007eb3100000,0x0000007eb3200000)]
  0x000001984f61c360 JavaThread "RMI RenewClean-[127.0.0.1:17267,org.jetbrains.kotlin.daemon.common.LoopbackNetworkInterface$ClientLoopbackSocketFactory@4d6b8a29]" daemon [_thread_blocked, id=106160, stack(0x0000007eb3200000,0x0000007eb3300000)]
  0x000001984f6195d0 JavaThread "RMI TCP Connection(4)-127.0.0.1" daemon [_thread_in_native, id=106188, stack(0x0000007eb3300000,0x0000007eb3400000)]
=>0x000001984539bbf0 JavaThread "C2 CompilerThread1" daemon [_thread_in_native, id=106432, stack(0x0000007eafa00000,0x0000007eafb00000)]
  0x000001984f61a500 JavaThread "Thread-200" [_thread_in_native, id=105660, stack(0x0000007eafb00000,0x0000007eafc00000)]
  0x000001984f61dcb0 JavaThread "Thread-201" [_thread_in_native, id=105692, stack(0x0000007eb2f00000,0x0000007eb3000000)]

Other Threads:
  0x00000197f856b0f0 VMThread "VM Thread" [stack: 0x0000007ea3f00000,0x0000007ea4000000] [id=101180]
  0x00000197eb1328e0 WatcherThread [stack: 0x0000007ea4b00000,0x0000007ea4c00000] [id=101492]
  0x00000197eb1e3b90 GCTaskThread "GC Thread#0" [stack: 0x0000007ea3a00000,0x0000007ea3b00000] [id=102312]
  0x00000197fb419130 GCTaskThread "GC Thread#1" [stack: 0x0000007ea4c00000,0x0000007ea4d00000] [id=102040]
  0x00000197fb411390 GCTaskThread "GC Thread#2" [stack: 0x0000007ea4d00000,0x0000007ea4e00000] [id=100028]
  0x0000019841750060 GCTaskThread "GC Thread#3" [stack: 0x0000007ea4e00000,0x0000007ea4f00000] [id=101844]
  0x0000019841750320 GCTaskThread "GC Thread#4" [stack: 0x0000007ea4f00000,0x0000007ea5000000] [id=102052]
  0x0000019841fc4950 GCTaskThread "GC Thread#5" [stack: 0x0000007ea5000000,0x0000007ea5100000] [id=101848]
  0x000001984248d8b0 GCTaskThread "GC Thread#6" [stack: 0x0000007ea5e00000,0x0000007ea5f00000] [id=102504]
  0x000001984248db70 GCTaskThread "GC Thread#7" [stack: 0x0000007ea5f00000,0x0000007ea6000000] [id=102508]
  0x000001984248cdb0 GCTaskThread "GC Thread#8" [stack: 0x0000007ea6000000,0x0000007ea6100000] [id=102512]
  0x000001984248d330 GCTaskThread "GC Thread#9" [stack: 0x0000007ea6100000,0x0000007ea6200000] [id=102516]
  0x00000197f83b82d0 ConcurrentGCThread "G1 Main Marker" [stack: 0x0000007ea3b00000,0x0000007ea3c00000] [id=102340]
  0x00000197f83b8cf0 ConcurrentGCThread "G1 Conc#0" [stack: 0x0000007ea3c00000,0x0000007ea3d00000] [id=102348]
  0x000001984248c2b0 ConcurrentGCThread "G1 Conc#1" [stack: 0x0000007ea6400000,0x0000007ea6500000] [id=102704]
  0x000001984248c570 ConcurrentGCThread "G1 Conc#2" [stack: 0x0000007ea6500000,0x0000007ea6600000] [id=102708]
  0x00000197f842a100 ConcurrentGCThread "G1 Refine#0" [stack: 0x0000007ea3d00000,0x0000007ea3e00000] [id=100024]
  0x0000019845cdb930 ConcurrentGCThread "G1 Refine#1" [stack: 0x0000007eb1300000,0x0000007eb1400000] [id=103780]
  0x0000019845cdbf10 ConcurrentGCThread "G1 Refine#2" [stack: 0x0000007eb1400000,0x0000007eb1500000] [id=98020]
  0x00000198427ca810 ConcurrentGCThread "G1 Refine#3" [stack: 0x0000007eb1500000,0x0000007eb1600000] [id=103808]
  0x00000198427cb6c0 ConcurrentGCThread "G1 Refine#4" [stack: 0x0000007eb1600000,0x0000007eb1700000] [id=103156]
  0x00000198427cbca0 ConcurrentGCThread "G1 Refine#5" [stack: 0x0000007eb1700000,0x0000007eb1800000] [id=102732]
  0x00000197f842ab30 ConcurrentGCThread "G1 Service" [stack: 0x0000007ea3e00000,0x0000007ea3f00000] [id=101964]

Threads with active compile tasks:
C2 CompilerThread1   140109 31631 %     4       org.gradle.api.internal.tasks.compile.incremental.deps.ClassSetAnalysisData::reduceToTypesAffecting @ 42 (578 bytes)

VM state: not at safepoint (normal execution)

VM Mutex/Monitor currently owned by a thread: None

Heap address: 0x0000000600000000, size: 8192 MB, Compressed Oops mode: Zero based, Oop shift amount: 3

CDS archive(s) mapped at: [0x00000197fc000000-0x00000197fcbb0000-0x00000197fcbb0000), size 12255232, SharedBaseAddress: 0x00000197fc000000, ArchiveRelocationMode: 1.
Compressed class space mapped at: 0x00000197fd000000-0x000001983d000000, reserved size: 1073741824
Narrow klass base: 0x00000197fc000000, Narrow klass shift: 0, Narrow klass range: 0x100000000

GC Precious Log:
 CPUs: 12 total, 12 available
 Memory: 7916M
 Large Page Support: Disabled
 NUMA Support: Disabled
 Compressed Oops: Enabled (Zero based)
 Heap Region Size: 4M
 Heap Min Capacity: 8M
 Heap Initial Capacity: 124M
 Heap Max Capacity: 8G
 Pre-touch: Disabled
 Parallel Workers: 10
 Concurrent Workers: 3
 Concurrent Refinement Workers: 10
 Periodic GC: Disabled

Heap:
 garbage-first heap   total 786432K, used 502744K [0x0000000600000000, 0x0000000800000000)
  region size 4096K, 41 young (167936K), 6 survivors (24576K)
 Metaspace       used 148600K, committed 150784K, reserved 1179648K
  class space    used 19445K, committed 20480K, reserved 1048576K

Heap Regions: E=young(eden), S=young(survivor), O=old, HS=humongous(starts), HC=humongous(continues), CS=collection set, F=free, OA=open archive, CA=closed archive, TAMS=top-at-mark-start (previous, next)
|   0|0x0000000600000000, 0x0000000600400000, 0x0000000600400000|100%|HS|  |TAMS 0x0000000600400000, 0x0000000600000000| Complete 
|   1|0x0000000600400000, 0x0000000600800000, 0x0000000600800000|100%| O|  |TAMS 0x0000000600800000, 0x0000000600400000| Untracked 
|   2|0x0000000600800000, 0x0000000600c00000, 0x0000000600c00000|100%| O|  |TAMS 0x0000000600c00000, 0x0000000600800000| Untracked 
|   3|0x0000000600c00000, 0x0000000601000000, 0x0000000601000000|100%| O|  |TAMS 0x0000000601000000, 0x0000000600c00000| Untracked 
|   4|0x0000000601000000, 0x0000000601400000, 0x0000000601400000|100%|HS|  |TAMS 0x0000000601400000, 0x0000000601000000| Complete 
|   5|0x0000000601400000, 0x0000000601800000, 0x0000000601800000|100%| O|  |TAMS 0x0000000601800000, 0x0000000601400000| Untracked 
|   6|0x0000000601800000, 0x0000000601c00000, 0x0000000601c00000|100%| O|  |TAMS 0x0000000601c00000, 0x0000000601800000| Untracked 
|   7|0x0000000601c00000, 0x0000000602000000, 0x0000000602000000|100%| O|  |TAMS 0x0000000602000000, 0x0000000601c00000| Untracked 
|   8|0x0000000602000000, 0x0000000602400000, 0x0000000602400000|100%| O|  |TAMS 0x0000000602400000, 0x0000000602000000| Untracked 
|   9|0x0000000602400000, 0x0000000602800000, 0x0000000602800000|100%| O|  |TAMS 0x0000000602800000, 0x0000000602400000| Untracked 
|  10|0x0000000602800000, 0x0000000602c00000, 0x0000000602c00000|100%| O|  |TAMS 0x0000000602c00000, 0x0000000602800000| Untracked 
|  11|0x0000000602c00000, 0x0000000603000000, 0x0000000603000000|100%| O|  |TAMS 0x0000000603000000, 0x0000000602c00000| Untracked 
|  12|0x0000000603000000, 0x0000000603400000, 0x0000000603400000|100%|HS|  |TAMS 0x0000000603400000, 0x0000000603000000| Complete 
|  13|0x0000000603400000, 0x0000000603800000, 0x0000000603800000|100%|HS|  |TAMS 0x0000000603800000, 0x0000000603400000| Complete 
|  14|0x0000000603800000, 0x0000000603c00000, 0x0000000603c00000|100%| O|  |TAMS 0x0000000603c00000, 0x0000000603800000| Untracked 
|  15|0x0000000603c00000, 0x0000000604000000, 0x0000000604000000|100%| O|  |TAMS 0x0000000604000000, 0x0000000603c00000| Untracked 
|  16|0x0000000604000000, 0x0000000604400000, 0x0000000604400000|100%| O|  |TAMS 0x0000000604400000, 0x0000000604000000| Untracked 
|  17|0x0000000604400000, 0x0000000604800000, 0x0000000604800000|100%| O|  |TAMS 0x0000000604800000, 0x0000000604400000| Untracked 
|  18|0x0000000604800000, 0x0000000604c00000, 0x0000000604c00000|100%| O|  |TAMS 0x0000000604800000, 0x0000000604800000| Untracked 
|  19|0x0000000604c00000, 0x0000000605000000, 0x0000000605000000|100%| O|  |TAMS 0x0000000605000000, 0x0000000604c00000| Untracked 
|  20|0x0000000605000000, 0x0000000605400000, 0x0000000605400000|100%| O|  |TAMS 0x0000000605400000, 0x0000000605000000| Untracked 
|  21|0x0000000605400000, 0x0000000605800000, 0x0000000605800000|100%| O|  |TAMS 0x0000000605800000, 0x0000000605400000| Untracked 
|  22|0x0000000605800000, 0x0000000605c00000, 0x0000000605c00000|100%| O|  |TAMS 0x0000000605c00000, 0x0000000605800000| Untracked 
|  23|0x0000000605c00000, 0x0000000606000000, 0x0000000606000000|100%| O|  |TAMS 0x0000000606000000, 0x0000000605c00000| Untracked 
|  24|0x0000000606000000, 0x0000000606400000, 0x0000000606400000|100%| O|  |TAMS 0x0000000606400000, 0x0000000606000000| Untracked 
|  25|0x0000000606400000, 0x0000000606800000, 0x0000000606800000|100%| O|  |TAMS 0x0000000606800000, 0x0000000606400000| Untracked 
|  26|0x0000000606800000, 0x0000000606c00000, 0x0000000606c00000|100%| O|  |TAMS 0x0000000606c00000, 0x0000000606800000| Untracked 
|  27|0x0000000606c00000, 0x0000000607000000, 0x0000000607000000|100%| O|  |TAMS 0x0000000607000000, 0x0000000606c00000| Untracked 
|  28|0x0000000607000000, 0x0000000607400000, 0x0000000607400000|100%| O|  |TAMS 0x0000000607000000, 0x0000000607000000| Untracked 
|  29|0x0000000607400000, 0x0000000607800000, 0x0000000607800000|100%| O|  |TAMS 0x0000000607800000, 0x0000000607400000| Untracked 
|  30|0x0000000607800000, 0x0000000607c00000, 0x0000000607c00000|100%| O|  |TAMS 0x0000000607c00000, 0x0000000607800000| Untracked 
|  31|0x0000000607c00000, 0x0000000608000000, 0x0000000608000000|100%| O|  |TAMS 0x0000000608000000, 0x0000000607c00000| Untracked 
|  32|0x0000000608000000, 0x0000000608400000, 0x0000000608400000|100%| O|  |TAMS 0x0000000608400000, 0x0000000608000000| Untracked 
|  33|0x0000000608400000, 0x0000000608800000, 0x0000000608800000|100%| O|  |TAMS 0x0000000608800000, 0x0000000608400000| Untracked 
|  34|0x0000000608800000, 0x0000000608c00000, 0x0000000608c00000|100%| O|  |TAMS 0x0000000608800000, 0x0000000608800000| Untracked 
|  35|0x0000000608c00000, 0x0000000609000000, 0x0000000609000000|100%|HS|  |TAMS 0x0000000609000000, 0x0000000608c00000| Complete 
|  36|0x0000000609000000, 0x0000000609400000, 0x0000000609400000|100%| O|  |TAMS 0x0000000609400000, 0x0000000609000000| Untracked 
|  37|0x0000000609400000, 0x0000000609800000, 0x0000000609800000|100%| O|  |TAMS 0x0000000609800000, 0x0000000609400000| Untracked 
|  38|0x0000000609800000, 0x0000000609c00000, 0x0000000609c00000|100%| O|  |TAMS 0x0000000609c00000, 0x0000000609800000| Untracked 
|  39|0x0000000609c00000, 0x000000060a000000, 0x000000060a000000|100%| O|  |TAMS 0x000000060a000000, 0x0000000609c00000| Untracked 
|  40|0x000000060a000000, 0x000000060a400000, 0x000000060a400000|100%| O|  |TAMS 0x000000060a000000, 0x000000060a000000| Untracked 
|  41|0x000000060a400000, 0x000000060a800000, 0x000000060a800000|100%| O|  |TAMS 0x000000060a800000, 0x000000060a400000| Untracked 
|  42|0x000000060a800000, 0x000000060ac00000, 0x000000060ac00000|100%| O|  |TAMS 0x000000060ac00000, 0x000000060a800000| Untracked 
|  43|0x000000060ac00000, 0x000000060b000000, 0x000000060b000000|100%| O|  |TAMS 0x000000060b000000, 0x000000060ac00000| Untracked 
|  44|0x000000060b000000, 0x000000060b400000, 0x000000060b400000|100%| O|  |TAMS 0x000000060b400000, 0x000000060b000000| Untracked 
|  45|0x000000060b400000, 0x000000060b7f5000, 0x000000060b800000| 98%| O|  |TAMS 0x000000060b5ca600, 0x000000060b400000| Untracked 
|  46|0x000000060b800000, 0x000000060bc00000, 0x000000060bc00000|100%| O|  |TAMS 0x000000060b800000, 0x000000060b800000| Untracked 
|  47|0x000000060bc00000, 0x000000060c000000, 0x000000060c000000|100%| O|  |TAMS 0x000000060bc00000, 0x000000060bc00000| Untracked 
|  48|0x000000060c000000, 0x000000060c400000, 0x000000060c400000|100%| O|  |TAMS 0x000000060c000000, 0x000000060c000000| Untracked 
|  49|0x000000060c400000, 0x000000060c800000, 0x000000060c800000|100%| O|  |TAMS 0x000000060c400000, 0x000000060c400000| Untracked 
|  50|0x000000060c800000, 0x000000060cc00000, 0x000000060cc00000|100%| O|  |TAMS 0x000000060c800000, 0x000000060c800000| Untracked 
|  51|0x000000060cc00000, 0x000000060d000000, 0x000000060d000000|100%| O|  |TAMS 0x000000060cc00000, 0x000000060cc00000| Untracked 
|  52|0x000000060d000000, 0x000000060d400000, 0x000000060d400000|100%| O|  |TAMS 0x000000060d000000, 0x000000060d000000| Untracked 
|  53|0x000000060d400000, 0x000000060d800000, 0x000000060d800000|100%| O|  |TAMS 0x000000060d400000, 0x000000060d400000| Untracked 
|  54|0x000000060d800000, 0x000000060dc00000, 0x000000060dc00000|100%| O|  |TAMS 0x000000060d800000, 0x000000060d800000| Untracked 
|  55|0x000000060dc00000, 0x000000060e000000, 0x000000060e000000|100%| O|  |TAMS 0x000000060dc00000, 0x000000060dc00000| Untracked 
|  56|0x000000060e000000, 0x000000060e400000, 0x000000060e400000|100%| O|  |TAMS 0x000000060e000000, 0x000000060e000000| Untracked 
|  57|0x000000060e400000, 0x000000060e800000, 0x000000060e800000|100%| O|  |TAMS 0x000000060e400000, 0x000000060e400000| Untracked 
|  58|0x000000060e800000, 0x000000060ec00000, 0x000000060ec00000|100%| O|  |TAMS 0x000000060e800000, 0x000000060e800000| Untracked 
|  59|0x000000060ec00000, 0x000000060f000000, 0x000000060f000000|100%| O|  |TAMS 0x000000060ec00000, 0x000000060ec00000| Untracked 
|  60|0x000000060f000000, 0x000000060f400000, 0x000000060f400000|100%| O|  |TAMS 0x000000060f000000, 0x000000060f000000| Untracked 
|  61|0x000000060f400000, 0x000000060f800000, 0x000000060f800000|100%| O|  |TAMS 0x000000060f400000, 0x000000060f400000| Untracked 
|  62|0x000000060f800000, 0x000000060fc00000, 0x000000060fc00000|100%| O|  |TAMS 0x000000060f800000, 0x000000060f800000| Untracked 
|  63|0x000000060fc00000, 0x0000000610000000, 0x0000000610000000|100%| O|  |TAMS 0x000000060fc00000, 0x000000060fc00000| Untracked 
|  64|0x0000000610000000, 0x0000000610400000, 0x0000000610400000|100%| O|  |TAMS 0x0000000610000000, 0x0000000610000000| Untracked 
|  65|0x0000000610400000, 0x0000000610800000, 0x0000000610800000|100%| O|  |TAMS 0x0000000610400000, 0x0000000610400000| Untracked 
|  66|0x0000000610800000, 0x0000000610c00000, 0x0000000610c00000|100%| O|  |TAMS 0x0000000610800000, 0x0000000610800000| Untracked 
|  67|0x0000000610c00000, 0x0000000611000000, 0x0000000611000000|100%| O|  |TAMS 0x0000000610c00000, 0x0000000610c00000| Untracked 
|  68|0x0000000611000000, 0x0000000611400000, 0x0000000611400000|100%| O|  |TAMS 0x0000000611000000, 0x0000000611000000| Untracked 
|  69|0x0000000611400000, 0x0000000611800000, 0x0000000611800000|100%| O|  |TAMS 0x0000000611400000, 0x0000000611400000| Untracked 
|  70|0x0000000611800000, 0x0000000611c00000, 0x0000000611c00000|100%| O|  |TAMS 0x0000000611800000, 0x0000000611800000| Untracked 
|  71|0x0000000611c00000, 0x0000000612000000, 0x0000000612000000|100%| O|  |TAMS 0x0000000611c00000, 0x0000000611c00000| Untracked 
|  72|0x0000000612000000, 0x0000000612400000, 0x0000000612400000|100%| O|  |TAMS 0x0000000612000000, 0x0000000612000000| Untracked 
|  73|0x0000000612400000, 0x0000000612800000, 0x0000000612800000|100%| O|  |TAMS 0x0000000612400000, 0x0000000612400000| Untracked 
|  74|0x0000000612800000, 0x0000000612c00000, 0x0000000612c00000|100%| O|  |TAMS 0x0000000612800000, 0x0000000612800000| Untracked 
|  75|0x0000000612c00000, 0x0000000613000000, 0x0000000613000000|100%| O|  |TAMS 0x0000000612c00000, 0x0000000612c00000| Untracked 
|  76|0x0000000613000000, 0x0000000613400000, 0x0000000613400000|100%| O|  |TAMS 0x0000000613000000, 0x0000000613000000| Untracked 
|  77|0x0000000613400000, 0x0000000613800000, 0x0000000613800000|100%| O|  |TAMS 0x0000000613400000, 0x0000000613400000| Untracked 
|  78|0x0000000613800000, 0x0000000613c00000, 0x0000000613c00000|100%| O|  |TAMS 0x0000000613800000, 0x0000000613800000| Untracked 
|  79|0x0000000613c00000, 0x0000000614000000, 0x0000000614000000|100%| O|  |TAMS 0x0000000613c00000, 0x0000000613c00000| Untracked 
|  80|0x0000000614000000, 0x0000000614400000, 0x0000000614400000|100%| O|  |TAMS 0x0000000614000000, 0x0000000614000000| Untracked 
|  81|0x0000000614400000, 0x0000000614800000, 0x0000000614800000|100%| O|  |TAMS 0x0000000614400000, 0x0000000614400000| Untracked 
|  82|0x0000000614800000, 0x0000000614c00000, 0x0000000614c00000|100%| O|  |TAMS 0x0000000614800000, 0x0000000614800000| Untracked 
|  83|0x0000000614c00000, 0x0000000614ff5200, 0x0000000615000000| 98%| O|  |TAMS 0x0000000614c00000, 0x0000000614c00000| Untracked 
|  84|0x0000000615000000, 0x0000000615000000, 0x0000000615400000|  0%| F|  |TAMS 0x0000000615000000, 0x0000000615000000| Untracked 
|  85|0x0000000615400000, 0x0000000615400000, 0x0000000615800000|  0%| F|  |TAMS 0x0000000615400000, 0x0000000615400000| Untracked 
|  86|0x0000000615800000, 0x0000000615800000, 0x0000000615c00000|  0%| F|  |TAMS 0x0000000615800000, 0x0000000615800000| Untracked 
|  87|0x0000000615c00000, 0x0000000615c00000, 0x0000000616000000|  0%| F|  |TAMS 0x0000000615c00000, 0x0000000615c00000| Untracked 
|  88|0x0000000616000000, 0x0000000616000000, 0x0000000616400000|  0%| F|  |TAMS 0x0000000616000000, 0x0000000616000000| Untracked 
|  89|0x0000000616400000, 0x0000000616400000, 0x0000000616800000|  0%| F|  |TAMS 0x0000000616400000, 0x0000000616400000| Untracked 
|  90|0x0000000616800000, 0x0000000616800000, 0x0000000616c00000|  0%| F|  |TAMS 0x0000000616800000, 0x0000000616800000| Untracked 
|  91|0x0000000616c00000, 0x0000000616c00000, 0x0000000617000000|  0%| F|  |TAMS 0x0000000616c00000, 0x0000000616c00000| Untracked 
|  92|0x0000000617000000, 0x0000000617000000, 0x0000000617400000|  0%| F|  |TAMS 0x0000000617000000, 0x0000000617000000| Untracked 
|  93|0x0000000617400000, 0x0000000617400000, 0x0000000617800000|  0%| F|  |TAMS 0x0000000617400000, 0x0000000617400000| Untracked 
|  94|0x0000000617800000, 0x0000000617800000, 0x0000000617c00000|  0%| F|  |TAMS 0x0000000617800000, 0x0000000617800000| Untracked 
|  95|0x0000000617c00000, 0x0000000617c00000, 0x0000000618000000|  0%| F|  |TAMS 0x0000000617c00000, 0x0000000617c00000| Untracked 
|  96|0x0000000618000000, 0x0000000618000000, 0x0000000618400000|  0%| F|  |TAMS 0x0000000618000000, 0x0000000618000000| Untracked 
|  97|0x0000000618400000, 0x0000000618400000, 0x0000000618800000|  0%| F|  |TAMS 0x0000000618400000, 0x0000000618400000| Untracked 
|  98|0x0000000618800000, 0x0000000618800000, 0x0000000618c00000|  0%| F|  |TAMS 0x0000000618800000, 0x0000000618800000| Untracked 
|  99|0x0000000618c00000, 0x0000000618c00000, 0x0000000619000000|  0%| F|  |TAMS 0x0000000618c00000, 0x0000000618c00000| Untracked 
| 100|0x0000000619000000, 0x0000000619000000, 0x0000000619400000|  0%| F|  |TAMS 0x0000000619000000, 0x0000000619000000| Untracked 
| 101|0x0000000619400000, 0x0000000619400000, 0x0000000619800000|  0%| F|  |TAMS 0x0000000619400000, 0x0000000619400000| Untracked 
| 102|0x0000000619800000, 0x0000000619800000, 0x0000000619c00000|  0%| F|  |TAMS 0x0000000619800000, 0x0000000619800000| Untracked 
| 103|0x0000000619c00000, 0x0000000619c00000, 0x000000061a000000|  0%| F|  |TAMS 0x0000000619c00000, 0x0000000619c00000| Untracked 
| 104|0x000000061a000000, 0x000000061a000000, 0x000000061a400000|  0%| F|  |TAMS 0x000000061a000000, 0x000000061a000000| Untracked 
| 105|0x000000061a400000, 0x000000061a400000, 0x000000061a800000|  0%| F|  |TAMS 0x000000061a400000, 0x000000061a400000| Untracked 
| 106|0x000000061a800000, 0x000000061a800000, 0x000000061ac00000|  0%| F|  |TAMS 0x000000061a800000, 0x000000061a800000| Untracked 
| 107|0x000000061ac00000, 0x000000061ac00000, 0x000000061b000000|  0%| F|  |TAMS 0x000000061ac00000, 0x000000061ac00000| Untracked 
| 108|0x000000061b000000, 0x000000061b000000, 0x000000061b400000|  0%| F|  |TAMS 0x000000061b000000, 0x000000061b000000| Untracked 
| 109|0x000000061b400000, 0x000000061b400000, 0x000000061b800000|  0%| F|  |TAMS 0x000000061b400000, 0x000000061b400000| Untracked 
| 110|0x000000061b800000, 0x000000061b800000, 0x000000061bc00000|  0%| F|  |TAMS 0x000000061b800000, 0x000000061b800000| Untracked 
| 111|0x000000061bc00000, 0x000000061bc00000, 0x000000061c000000|  0%| F|  |TAMS 0x000000061bc00000, 0x000000061bc00000| Untracked 
| 112|0x000000061c000000, 0x000000061c000000, 0x000000061c400000|  0%| F|  |TAMS 0x000000061c000000, 0x000000061c000000| Untracked 
| 113|0x000000061c400000, 0x000000061c400000, 0x000000061c800000|  0%| F|  |TAMS 0x000000061c400000, 0x000000061c400000| Untracked 
| 114|0x000000061c800000, 0x000000061cb0c178, 0x000000061cc00000| 76%| S|CS|TAMS 0x000000061c800000, 0x000000061c800000| Complete 
| 115|0x000000061cc00000, 0x000000061cc00000, 0x000000061d000000|  0%| F|  |TAMS 0x000000061cc00000, 0x000000061cc00000| Untracked 
| 116|0x000000061d000000, 0x000000061d000000, 0x000000061d400000|  0%| F|  |TAMS 0x000000061d000000, 0x000000061d000000| Untracked 
| 117|0x000000061d400000, 0x000000061d400000, 0x000000061d800000|  0%| F|  |TAMS 0x000000061d400000, 0x000000061d400000| Untracked 
| 118|0x000000061d800000, 0x000000061dc00000, 0x000000061dc00000|100%| S|CS|TAMS 0x000000061d800000, 0x000000061d800000| Complete 
| 119|0x000000061dc00000, 0x000000061e000000, 0x000000061e000000|100%| S|CS|TAMS 0x000000061dc00000, 0x000000061dc00000| Complete 
| 120|0x000000061e000000, 0x000000061e400000, 0x000000061e400000|100%| S|CS|TAMS 0x000000061e000000, 0x000000061e000000| Complete 
| 121|0x000000061e400000, 0x000000061e800000, 0x000000061e800000|100%| S|CS|TAMS 0x000000061e400000, 0x000000061e400000| Complete 
| 122|0x000000061e800000, 0x000000061ec00000, 0x000000061ec00000|100%| S|CS|TAMS 0x000000061e800000, 0x000000061e800000| Complete 
| 123|0x000000061ec00000, 0x000000061ec00000, 0x000000061f000000|  0%| F|  |TAMS 0x000000061ec00000, 0x000000061ec00000| Untracked 
| 124|0x000000061f000000, 0x000000061f000000, 0x000000061f400000|  0%| F|  |TAMS 0x000000061f000000, 0x000000061f000000| Untracked 
| 125|0x000000061f400000, 0x000000061f400000, 0x000000061f800000|  0%| F|  |TAMS 0x000000061f400000, 0x000000061f400000| Untracked 
| 126|0x000000061f800000, 0x000000061f800000, 0x000000061fc00000|  0%| F|  |TAMS 0x000000061f800000, 0x000000061f800000| Untracked 
| 127|0x000000061fc00000, 0x000000061fc00000, 0x0000000620000000|  0%| F|  |TAMS 0x000000061fc00000, 0x000000061fc00000| Untracked 
| 128|0x0000000620000000, 0x0000000620000000, 0x0000000620400000|  0%| F|  |TAMS 0x0000000620000000, 0x0000000620000000| Untracked 
| 129|0x0000000620400000, 0x0000000620400000, 0x0000000620800000|  0%| F|  |TAMS 0x0000000620400000, 0x0000000620400000| Untracked 
| 130|0x0000000620800000, 0x0000000620800000, 0x0000000620c00000|  0%| F|  |TAMS 0x0000000620800000, 0x0000000620800000| Untracked 
| 131|0x0000000620c00000, 0x0000000620c00000, 0x0000000621000000|  0%| F|  |TAMS 0x0000000620c00000, 0x0000000620c00000| Untracked 
| 132|0x0000000621000000, 0x0000000621000000, 0x0000000621400000|  0%| F|  |TAMS 0x0000000621000000, 0x0000000621000000| Untracked 
| 133|0x0000000621400000, 0x0000000621400000, 0x0000000621800000|  0%| F|  |TAMS 0x0000000621400000, 0x0000000621400000| Untracked 
| 134|0x0000000621800000, 0x0000000621800000, 0x0000000621c00000|  0%| F|  |TAMS 0x0000000621800000, 0x0000000621800000| Untracked 
| 135|0x0000000621c00000, 0x0000000621c00000, 0x0000000622000000|  0%| F|  |TAMS 0x0000000621c00000, 0x0000000621c00000| Untracked 
| 136|0x0000000622000000, 0x0000000622000000, 0x0000000622400000|  0%| F|  |TAMS 0x0000000622000000, 0x0000000622000000| Untracked 
| 137|0x0000000622400000, 0x0000000622400000, 0x0000000622800000|  0%| F|  |TAMS 0x0000000622400000, 0x0000000622400000| Untracked 
| 138|0x0000000622800000, 0x0000000622800000, 0x0000000622c00000|  0%| F|  |TAMS 0x0000000622800000, 0x0000000622800000| Untracked 
| 139|0x0000000622c00000, 0x0000000622c00000, 0x0000000623000000|  0%| F|  |TAMS 0x0000000622c00000, 0x0000000622c00000| Untracked 
| 140|0x0000000623000000, 0x0000000623000000, 0x0000000623400000|  0%| F|  |TAMS 0x0000000623000000, 0x0000000623000000| Untracked 
| 141|0x0000000623400000, 0x0000000623400000, 0x0000000623800000|  0%| F|  |TAMS 0x0000000623400000, 0x0000000623400000| Untracked 
| 142|0x0000000623800000, 0x0000000623800000, 0x0000000623c00000|  0%| F|  |TAMS 0x0000000623800000, 0x0000000623800000| Untracked 
| 143|0x0000000623c00000, 0x0000000623c00000, 0x0000000624000000|  0%| F|  |TAMS 0x0000000623c00000, 0x0000000623c00000| Untracked 
| 144|0x0000000624000000, 0x0000000624000000, 0x0000000624400000|  0%| F|  |TAMS 0x0000000624000000, 0x0000000624000000| Untracked 
| 145|0x0000000624400000, 0x0000000624400000, 0x0000000624800000|  0%| F|  |TAMS 0x0000000624400000, 0x0000000624400000| Untracked 
| 146|0x0000000624800000, 0x0000000624800000, 0x0000000624c00000|  0%| F|  |TAMS 0x0000000624800000, 0x0000000624800000| Untracked 
| 147|0x0000000624c00000, 0x0000000624c00000, 0x0000000625000000|  0%| F|  |TAMS 0x0000000624c00000, 0x0000000624c00000| Untracked 
| 148|0x0000000625000000, 0x0000000625000000, 0x0000000625400000|  0%| F|  |TAMS 0x0000000625000000, 0x0000000625000000| Untracked 
| 149|0x0000000625400000, 0x0000000625400000, 0x0000000625800000|  0%| F|  |TAMS 0x0000000625400000, 0x0000000625400000| Untracked 
| 150|0x0000000625800000, 0x0000000625800000, 0x0000000625c00000|  0%| F|  |TAMS 0x0000000625800000, 0x0000000625800000| Untracked 
| 151|0x0000000625c00000, 0x0000000625c00000, 0x0000000626000000|  0%| F|  |TAMS 0x0000000625c00000, 0x0000000625c00000| Untracked 
| 152|0x0000000626000000, 0x0000000626000000, 0x0000000626400000|  0%| F|  |TAMS 0x0000000626000000, 0x0000000626000000| Untracked 
| 153|0x0000000626400000, 0x0000000626400000, 0x0000000626800000|  0%| F|  |TAMS 0x0000000626400000, 0x0000000626400000| Untracked 
| 154|0x0000000626800000, 0x0000000626800000, 0x0000000626c00000|  0%| F|  |TAMS 0x0000000626800000, 0x0000000626800000| Untracked 
| 155|0x0000000626c00000, 0x0000000626c00000, 0x0000000627000000|  0%| F|  |TAMS 0x0000000626c00000, 0x0000000626c00000| Untracked 
| 156|0x0000000627000000, 0x0000000627000000, 0x0000000627400000|  0%| F|  |TAMS 0x0000000627000000, 0x0000000627000000| Untracked 
| 157|0x0000000627400000, 0x00000006274ce298, 0x0000000627800000| 20%| E|  |TAMS 0x0000000627400000, 0x0000000627400000| Complete 
| 158|0x0000000627800000, 0x0000000627c00000, 0x0000000627c00000|100%| E|CS|TAMS 0x0000000627800000, 0x0000000627800000| Complete 
| 159|0x0000000627c00000, 0x0000000628000000, 0x0000000628000000|100%| E|CS|TAMS 0x0000000627c00000, 0x0000000627c00000| Complete 
| 160|0x0000000628000000, 0x0000000628400000, 0x0000000628400000|100%| E|CS|TAMS 0x0000000628000000, 0x0000000628000000| Complete 
| 161|0x0000000628400000, 0x0000000628800000, 0x0000000628800000|100%| E|CS|TAMS 0x0000000628400000, 0x0000000628400000| Complete 
| 162|0x0000000628800000, 0x0000000628c00000, 0x0000000628c00000|100%| E|CS|TAMS 0x0000000628800000, 0x0000000628800000| Complete 
| 163|0x0000000628c00000, 0x0000000629000000, 0x0000000629000000|100%| E|CS|TAMS 0x0000000628c00000, 0x0000000628c00000| Complete 
| 164|0x0000000629000000, 0x0000000629400000, 0x0000000629400000|100%| E|CS|TAMS 0x0000000629000000, 0x0000000629000000| Complete 
| 165|0x0000000629400000, 0x0000000629800000, 0x0000000629800000|100%| E|CS|TAMS 0x0000000629400000, 0x0000000629400000| Complete 
| 166|0x0000000629800000, 0x0000000629c00000, 0x0000000629c00000|100%| E|CS|TAMS 0x0000000629800000, 0x0000000629800000| Complete 
| 167|0x0000000629c00000, 0x000000062a000000, 0x000000062a000000|100%| E|CS|TAMS 0x0000000629c00000, 0x0000000629c00000| Complete 
| 168|0x000000062a000000, 0x000000062a400000, 0x000000062a400000|100%| E|CS|TAMS 0x000000062a000000, 0x000000062a000000| Complete 
| 169|0x000000062a400000, 0x000000062a800000, 0x000000062a800000|100%| E|CS|TAMS 0x000000062a400000, 0x000000062a400000| Complete 
| 170|0x000000062a800000, 0x000000062ac00000, 0x000000062ac00000|100%| E|CS|TAMS 0x000000062a800000, 0x000000062a800000| Complete 
| 171|0x000000062ac00000, 0x000000062b000000, 0x000000062b000000|100%| E|CS|TAMS 0x000000062ac00000, 0x000000062ac00000| Complete 
| 172|0x000000062b000000, 0x000000062b400000, 0x000000062b400000|100%| E|CS|TAMS 0x000000062b000000, 0x000000062b000000| Complete 
| 173|0x000000062b400000, 0x000000062b800000, 0x000000062b800000|100%| E|CS|TAMS 0x000000062b400000, 0x000000062b400000| Complete 
| 174|0x000000062b800000, 0x000000062bc00000, 0x000000062bc00000|100%| E|CS|TAMS 0x000000062b800000, 0x000000062b800000| Complete 
| 175|0x000000062bc00000, 0x000000062c000000, 0x000000062c000000|100%| E|CS|TAMS 0x000000062bc00000, 0x000000062bc00000| Complete 
| 176|0x000000062c000000, 0x000000062c400000, 0x000000062c400000|100%| E|CS|TAMS 0x000000062c000000, 0x000000062c000000| Complete 
| 177|0x000000062c400000, 0x000000062c800000, 0x000000062c800000|100%| E|CS|TAMS 0x000000062c400000, 0x000000062c400000| Complete 
| 178|0x000000062c800000, 0x000000062cc00000, 0x000000062cc00000|100%| E|CS|TAMS 0x000000062c800000, 0x000000062c800000| Complete 
| 179|0x000000062cc00000, 0x000000062d000000, 0x000000062d000000|100%| E|CS|TAMS 0x000000062cc00000, 0x000000062cc00000| Complete 
| 180|0x000000062d000000, 0x000000062d400000, 0x000000062d400000|100%| E|CS|TAMS 0x000000062d000000, 0x000000062d000000| Complete 
| 181|0x000000062d400000, 0x000000062d800000, 0x000000062d800000|100%| E|CS|TAMS 0x000000062d400000, 0x000000062d400000| Complete 
| 182|0x000000062d800000, 0x000000062dc00000, 0x000000062dc00000|100%| E|CS|TAMS 0x000000062d800000, 0x000000062d800000| Complete 
| 183|0x000000062dc00000, 0x000000062e000000, 0x000000062e000000|100%| E|CS|TAMS 0x000000062dc00000, 0x000000062dc00000| Complete 
| 184|0x000000062e000000, 0x000000062e400000, 0x000000062e400000|100%| E|CS|TAMS 0x000000062e000000, 0x000000062e000000| Complete 
| 185|0x000000062e400000, 0x000000062e800000, 0x000000062e800000|100%| E|CS|TAMS 0x000000062e400000, 0x000000062e400000| Complete 
| 186|0x000000062e800000, 0x000000062ec00000, 0x000000062ec00000|100%| E|CS|TAMS 0x000000062e800000, 0x000000062e800000| Complete 
| 187|0x000000062ec00000, 0x000000062f000000, 0x000000062f000000|100%| E|CS|TAMS 0x000000062ec00000, 0x000000062ec00000| Complete 
| 188|0x000000062f000000, 0x000000062f400000, 0x000000062f400000|100%| E|CS|TAMS 0x000000062f000000, 0x000000062f000000| Complete 
| 189|0x000000062f400000, 0x000000062f800000, 0x000000062f800000|100%| E|CS|TAMS 0x000000062f400000, 0x000000062f400000| Complete 
| 190|0x000000062f800000, 0x000000062fc00000, 0x000000062fc00000|100%| E|  |TAMS 0x000000062f800000, 0x000000062f800000| Complete 
| 191|0x000000062fc00000, 0x0000000630000000, 0x0000000630000000|100%| E|CS|TAMS 0x000000062fc00000, 0x000000062fc00000| Complete 

Card table byte_map: [0x00000197f6320000,0x00000197f7320000] _byte_map_base: 0x00000197f3320000

Marking Bits (Prev, Next): (CMBitMap*) 0x00000197eb1e41b0, (CMBitMap*) 0x00000197eb1e41f0
 Prev Bits: [0x00000197a0000000, 0x00000197a8000000)
 Next Bits: [0x00000197a8000000, 0x00000197b0000000)

Polling page: 0x00000197eb1f0000

Metaspace:

Usage:
  Non-class:    126.13 MB used.
      Class:     18.99 MB used.
       Both:    145.12 MB used.

Virtual space:
  Non-class space:      128.00 MB reserved,     127.25 MB (>99%) committed,  2 nodes.
      Class space:        1.00 GB reserved,      20.00 MB (  2%) committed,  1 nodes.
             Both:        1.12 GB reserved,     147.25 MB ( 13%) committed. 

Chunk freelists:
   Non-Class:  432.00 KB
       Class:  12.03 MB
        Both:  12.45 MB

MaxMetaspaceSize: 4.00 GB
CompressedClassSpaceSize: 1.00 GB
Initial GC threshold: 21.00 MB
Current GC threshold: 171.81 MB
CDS: on
MetaspaceReclaimPolicy: balanced
 - commit_granule_bytes: 65536.
 - commit_granule_words: 8192.
 - virtual_space_node_default_size: 8388608.
 - enlarge_chunks_in_place: 1.
 - new_chunks_are_fully_committed: 0.
 - uncommit_free_chunks: 1.
 - use_allocation_guard: 0.
 - handle_deallocations: 1.


Internal statistics:

num_allocs_failed_limit: 9.
num_arena_births: 3090.
num_arena_deaths: 0.
num_vsnodes_births: 3.
num_vsnodes_deaths: 0.
num_space_committed: 2354.
num_space_uncommitted: 0.
num_chunks_returned_to_freelist: 9.
num_chunks_taken_from_freelist: 10242.
num_chunk_merges: 9.
num_chunk_splits: 6344.
num_chunks_enlarged: 3656.
num_inconsistent_stats: 0.

CodeHeap 'non-profiled nmethods': size=259264Kb used=19951Kb max_used=19951Kb free=239312Kb
 bounds [0x00000197902d0000, 0x0000019791650000, 0x00000197a0000000]
CodeHeap 'profiled nmethods': size=259264Kb used=49727Kb max_used=49727Kb free=209536Kb
 bounds [0x0000019780000000, 0x00000197830c0000, 0x000001978fd30000]
CodeHeap 'non-nmethods': size=5760Kb used=2520Kb max_used=2577Kb free=3239Kb
 bounds [0x000001978fd30000, 0x000001978ffc0000, 0x00000197902d0000]
 total_blobs=25786 nmethods=24709 adapters=988
 compilation: enabled
              stopped_count=0, restarted_count=0
 full_count=0

Compilation events (20 events):
Event: 139.645 Thread 0x00000197f8592090 31626       3       org.gradle.api.internal.tasks.compile.incremental.compilerapi.deps.DependentsSet$DependencyToAll::<init> (17 bytes)
Event: 139.645 Thread 0x00000197f8592090 nmethod 31626 0x0000019782b83890 code [0x0000019782b83a60, 0x0000019782b83e48]
Event: 139.676 Thread 0x000001984539bbf0 31627       4       org.gradle.internal.logging.sink.OutputEventTransformer::onOutput (369 bytes)
Event: 139.748 Thread 0x000001984539bbf0 nmethod 31627 0x0000019791639c90 code [0x000001979163a080, 0x000001979163c600]
Event: 139.748 Thread 0x000001984539bbf0 31631 %     4       org.gradle.api.internal.tasks.compile.incremental.deps.ClassSetAnalysisData::reduceToTypesAffecting @ 42 (578 bytes)
Event: 139.777 Thread 0x00000197f85915e0 nmethod 31586 0x000001979163d810 code [0x000001979163dda0, 0x0000019791645060]
Event: 139.777 Thread 0x00000197f85915e0 31628       4       java.util.concurrent.locks.AbstractQueuedSynchronizer$ConditionObject::doSignal (62 bytes)
Event: 139.792 Thread 0x00000197f8592090 31632       3       java.util.concurrent.Executors$RunnableAdapter::call (14 bytes)
Event: 139.792 Thread 0x00000197f8592090 nmethod 31632 0x0000019782b83410 code [0x0000019782b835c0, 0x0000019782b837a8]
Event: 139.793 Thread 0x00000197f85915e0 nmethod 31628 0x0000019791648a10 code [0x0000019791648ba0, 0x0000019791649518]
Event: 139.793 Thread 0x00000197f85915e0 31630       4       com.google.common.collect.Iterators$ConcatenatedIterator::next (33 bytes)
Event: 139.795 Thread 0x00000197f85915e0 nmethod 31630 0x0000019791649710 code [0x00000197916498a0, 0x0000019791649a48]
Event: 139.795 Thread 0x00000197f85915e0 31629       4       java.util.HashMap::putAll (7 bytes)
Event: 139.796 Thread 0x00000197f85915e0 nmethod 31629 0x0000019791649b90 code [0x0000019791649d20, 0x0000019791649dc8]
Event: 139.895 Thread 0x00000197f85915e0 31633       4       it.unimi.dsi.fastutil.ints.IntOpenHashSet$SetIterator::hasNext (13 bytes)
Event: 139.895 Thread 0x00000197f85915e0 nmethod 31633 0x0000019791649e90 code [0x000001979164a000, 0x000001979164a098]
Event: 139.971 Thread 0x00000197f85915e0 31634       4       com.google.common.collect.ImmutableMultimap$1::next (5 bytes)
Event: 139.986 Thread 0x00000197f85915e0 nmethod 31634 0x000001979164a190 code [0x000001979164a380, 0x000001979164ab58]
Event: 139.987 Thread 0x00000197f85915e0 31635       4       com.google.common.collect.ImmutableMultimap$1::next (71 bytes)
Event: 139.999 Thread 0x00000197f85915e0 nmethod 31635 0x000001979164b090 code [0x000001979164b280, 0x000001979164ba58]

GC Heap History (20 events):
Event: 43.840 GC heap before
{Heap before GC invocations=54 (full 0):
 garbage-first heap   total 655360K, used 492418K [0x0000000600000000, 0x0000000800000000)
  region size 4096K, 69 young (282624K), 4 survivors (16384K)
 Metaspace       used 106709K, committed 108160K, reserved 1179648K
  class space    used 14885K, committed 15552K, reserved 1048576K
}
Event: 43.869 GC heap after
{Heap after GC invocations=55 (full 0):
 garbage-first heap   total 655360K, used 254052K [0x0000000600000000, 0x0000000800000000)
  region size 4096K, 9 young (36864K), 9 survivors (36864K)
 Metaspace       used 106709K, committed 108160K, reserved 1179648K
  class space    used 14885K, committed 15552K, reserved 1048576K
}
Event: 47.172 GC heap before
{Heap before GC invocations=55 (full 0):
 garbage-first heap   total 655360K, used 503908K [0x0000000600000000, 0x0000000800000000)
  region size 4096K, 71 young (290816K), 9 survivors (36864K)
 Metaspace       used 111907K, committed 113472K, reserved 1179648K
  class space    used 15629K, committed 16384K, reserved 1048576K
}
Event: 47.334 GC heap after
{Heap after GC invocations=56 (full 0):
 garbage-first heap   total 655360K, used 268854K [0x0000000600000000, 0x0000000800000000)
  region size 4096K, 5 young (20480K), 5 survivors (20480K)
 Metaspace       used 111907K, committed 113472K, reserved 1179648K
  class space    used 15629K, committed 16384K, reserved 1048576K
}
Event: 96.643 GC heap before
{Heap before GC invocations=56 (full 0):
 garbage-first heap   total 655360K, used 510518K [0x0000000600000000, 0x0000000800000000)
  region size 4096K, 65 young (266240K), 5 survivors (20480K)
 Metaspace       used 118664K, committed 120448K, reserved 1179648K
  class space    used 16440K, committed 17280K, reserved 1048576K
}
Event: 96.763 GC heap after
{Heap after GC invocations=57 (full 0):
 garbage-first heap   total 655360K, used 298412K [0x0000000600000000, 0x0000000800000000)
  region size 4096K, 9 young (36864K), 9 survivors (36864K)
 Metaspace       used 118664K, committed 120448K, reserved 1179648K
  class space    used 16440K, committed 17280K, reserved 1048576K
}
Event: 102.424 GC heap before
{Heap before GC invocations=57 (full 0):
 garbage-first heap   total 655360K, used 511403K [0x0000000600000000, 0x0000000800000000)
  region size 4096K, 62 young (253952K), 9 survivors (36864K)
 Metaspace       used 121647K, committed 123456K, reserved 1179648K
  class space    used 16691K, committed 17536K, reserved 1048576K
}
Event: 102.476 GC heap after
{Heap after GC invocations=58 (full 0):
 garbage-first heap   total 655360K, used 320853K [0x0000000600000000, 0x0000000800000000)
  region size 4096K, 6 young (24576K), 6 survivors (24576K)
 Metaspace       used 121647K, committed 123456K, reserved 1179648K
  class space    used 16691K, committed 17536K, reserved 1048576K
}
Event: 105.819 GC heap before
{Heap before GC invocations=58 (full 0):
 garbage-first heap   total 655360K, used 521557K [0x0000000600000000, 0x0000000800000000)
  region size 4096K, 55 young (225280K), 6 survivors (24576K)
 Metaspace       used 127864K, committed 129664K, reserved 1179648K
  class space    used 17293K, committed 18112K, reserved 1048576K
}
Event: 105.837 GC heap after
{Heap after GC invocations=59 (full 0):
 garbage-first heap   total 655360K, used 312811K [0x0000000600000000, 0x0000000800000000)
  region size 4096K, 2 young (8192K), 2 survivors (8192K)
 Metaspace       used 127864K, committed 129664K, reserved 1179648K
  class space    used 17293K, committed 18112K, reserved 1048576K
}
Event: 110.989 GC heap before
{Heap before GC invocations=59 (full 0):
 garbage-first heap   total 655360K, used 525803K [0x0000000600000000, 0x0000000800000000)
  region size 4096K, 55 young (225280K), 2 survivors (8192K)
 Metaspace       used 129698K, committed 131648K, reserved 1179648K
  class space    used 17468K, committed 18368K, reserved 1048576K
}
Event: 111.018 GC heap after
{Heap after GC invocations=60 (full 0):
 garbage-first heap   total 655360K, used 322904K [0x0000000600000000, 0x0000000800000000)
  region size 4096K, 4 young (16384K), 4 survivors (16384K)
 Metaspace       used 129698K, committed 131648K, reserved 1179648K
  class space    used 17468K, committed 18368K, reserved 1048576K
}
Event: 116.033 GC heap before
{Heap before GC invocations=60 (full 0):
 garbage-first heap   total 655360K, used 531800K [0x0000000600000000, 0x0000000800000000)
  region size 4096K, 56 young (229376K), 4 survivors (16384K)
 Metaspace       used 143679K, committed 145664K, reserved 1179648K
  class space    used 19148K, committed 20096K, reserved 1048576K
}
Event: 116.082 GC heap after
{Heap after GC invocations=61 (full 0):
 garbage-first heap   total 655360K, used 338563K [0x0000000600000000, 0x0000000800000000)
  region size 4096K, 7 young (28672K), 7 survivors (28672K)
 Metaspace       used 143679K, committed 145664K, reserved 1179648K
  class space    used 19148K, committed 20096K, reserved 1048576K
}
Event: 119.405 GC heap before
{Heap before GC invocations=61 (full 0):
 garbage-first heap   total 655360K, used 535171K [0x0000000600000000, 0x0000000800000000)
  region size 4096K, 56 young (229376K), 7 survivors (28672K)
 Metaspace       used 145926K, committed 147968K, reserved 1179648K
  class space    used 19275K, committed 20224K, reserved 1048576K
}
Event: 119.495 GC heap after
{Heap after GC invocations=62 (full 0):
 garbage-first heap   total 655360K, used 361909K [0x0000000600000000, 0x0000000800000000)
  region size 4096K, 7 young (28672K), 7 survivors (28672K)
 Metaspace       used 145926K, committed 147968K, reserved 1179648K
  class space    used 19275K, committed 20224K, reserved 1048576K
}
Event: 122.928 GC heap before
{Heap before GC invocations=62 (full 0):
 garbage-first heap   total 655360K, used 529845K [0x0000000600000000, 0x0000000800000000)
  region size 4096K, 49 young (200704K), 7 survivors (28672K)
 Metaspace       used 146645K, committed 148736K, reserved 1179648K
  class space    used 19314K, committed 20288K, reserved 1048576K
}
Event: 123.013 GC heap after
{Heap after GC invocations=63 (full 0):
 garbage-first heap   total 786432K, used 356020K [0x0000000600000000, 0x0000000800000000)
  region size 4096K, 3 young (12288K), 3 survivors (12288K)
 Metaspace       used 146645K, committed 148736K, reserved 1179648K
  class space    used 19314K, committed 20288K, reserved 1048576K
}
Event: 133.519 GC heap before
{Heap before GC invocations=63 (full 0):
 garbage-first heap   total 786432K, used 634548K [0x0000000600000000, 0x0000000800000000)
  region size 4096K, 72 young (294912K), 3 survivors (12288K)
 Metaspace       used 147961K, committed 150144K, reserved 1179648K
  class space    used 19394K, committed 20416K, reserved 1048576K
}
Event: 133.597 GC heap after
{Heap after GC invocations=64 (full 0):
 garbage-first heap   total 786432K, used 367576K [0x0000000600000000, 0x0000000800000000)
  region size 4096K, 6 young (24576K), 6 survivors (24576K)
 Metaspace       used 147961K, committed 150144K, reserved 1179648K
  class space    used 19394K, committed 20416K, reserved 1048576K
}

Dll operation events (16 events):
Event: 0.018 Loaded shared library C:\Program Files\Eclipse Adoptium\jdk-17.0.16.8-hotspot\bin\java.dll
Event: 0.041 Loaded shared library C:\Program Files\Eclipse Adoptium\jdk-17.0.16.8-hotspot\bin\jsvml.dll
Event: 0.129 Loaded shared library C:\Program Files\Eclipse Adoptium\jdk-17.0.16.8-hotspot\bin\zip.dll
Event: 0.136 Loaded shared library C:\Program Files\Eclipse Adoptium\jdk-17.0.16.8-hotspot\bin\instrument.dll
Event: 0.148 Loaded shared library C:\Program Files\Eclipse Adoptium\jdk-17.0.16.8-hotspot\bin\net.dll
Event: 0.154 Loaded shared library C:\Program Files\Eclipse Adoptium\jdk-17.0.16.8-hotspot\bin\nio.dll
Event: 0.162 Loaded shared library C:\Program Files\Eclipse Adoptium\jdk-17.0.16.8-hotspot\bin\zip.dll
Event: 0.584 Loaded shared library C:\Program Files\Eclipse Adoptium\jdk-17.0.16.8-hotspot\bin\jimage.dll
Event: 0.855 Loaded shared library C:\Program Files\Eclipse Adoptium\jdk-17.0.16.8-hotspot\bin\verify.dll
Event: 0.986 Loaded shared library C:\Users\PMLS\.gradle\native\1def1411415f61bf3af743bc5b6707747c0891f09f0c88961ee8f79bc544acac\windows-amd64\native-platform.dll
Event: 1.001 Loaded shared library C:\Users\PMLS\.gradle\native\0.2.7\x86_64-windows-gnu\gradle-fileevents.dll
Event: 2.741 Loaded shared library C:\Program Files\Eclipse Adoptium\jdk-17.0.16.8-hotspot\bin\management.dll
Event: 2.749 Loaded shared library C:\Program Files\Eclipse Adoptium\jdk-17.0.16.8-hotspot\bin\management_ext.dll
Event: 2.992 Loaded shared library C:\Program Files\Eclipse Adoptium\jdk-17.0.16.8-hotspot\bin\extnet.dll
Event: 3.599 Loaded shared library C:\Program Files\Eclipse Adoptium\jdk-17.0.16.8-hotspot\bin\sunmscapi.dll
Event: 113.331 Loaded shared library C:\Program Files\Eclipse Adoptium\jdk-17.0.16.8-hotspot\bin\rmi.dll

Deoptimization events (20 events):
Event: 139.069 Thread 0x000001984491f0d0 Uncommon trap: trap_request=0xffffff45 fr.pc=0x00000197915f7b30 relative=0x0000000000000970
Event: 139.069 Thread 0x000001984491f0d0 Uncommon trap: reason=unstable_if action=reinterpret pc=0x00000197915f7b30 method=com.sun.tools.javac.code.Types$MethodFilter.test(Lcom/sun/tools/javac/code/Symbol;)Z @ 7 c2
Event: 139.069 Thread 0x000001984491f0d0 DEOPT PACKING pc=0x00000197915f7b30 sp=0x0000007ea99f8df0
Event: 139.069 Thread 0x000001984491f0d0 DEOPT UNPACKING pc=0x000001978fd869a3 sp=0x0000007ea99f8dd8 mode 2
Event: 139.069 Thread 0x000001984491f0d0 Uncommon trap: trap_request=0xffffffde fr.pc=0x00000197915f5c10 relative=0x0000000000000c50
Event: 139.069 Thread 0x000001984491f0d0 Uncommon trap: reason=class_check action=maybe_recompile pc=0x00000197915f5c10 method=com.sun.tools.javac.code.Types$MethodFilter.test(Ljava/lang/Object;)Z @ 2 c2
Event: 139.069 Thread 0x000001984491f0d0 DEOPT PACKING pc=0x00000197915f5c10 sp=0x0000007ea99f8e70
Event: 139.069 Thread 0x000001984491f0d0 DEOPT UNPACKING pc=0x000001978fd869a3 sp=0x0000007ea99f8e48 mode 2
Event: 139.069 Thread 0x000001984491f0d0 Uncommon trap: trap_request=0xffffffde fr.pc=0x00000197915f5c10 relative=0x0000000000000c50
Event: 139.069 Thread 0x000001984491f0d0 Uncommon trap: reason=class_check action=maybe_recompile pc=0x00000197915f5c10 method=com.sun.tools.javac.code.Types$MethodFilter.test(Ljava/lang/Object;)Z @ 2 c2
Event: 139.069 Thread 0x000001984491f0d0 DEOPT PACKING pc=0x00000197915f5c10 sp=0x0000007ea99f8e70
Event: 139.069 Thread 0x000001984491f0d0 DEOPT UNPACKING pc=0x000001978fd869a3 sp=0x0000007ea99f8e48 mode 2
Event: 139.069 Thread 0x000001984491f0d0 Uncommon trap: trap_request=0xffffffde fr.pc=0x00000197915f5c10 relative=0x0000000000000c50
Event: 139.069 Thread 0x000001984491f0d0 Uncommon trap: reason=class_check action=maybe_recompile pc=0x00000197915f5c10 method=com.sun.tools.javac.code.Types$MethodFilter.test(Ljava/lang/Object;)Z @ 2 c2
Event: 139.069 Thread 0x000001984491f0d0 DEOPT PACKING pc=0x00000197915f5c10 sp=0x0000007ea99f8e70
Event: 139.069 Thread 0x000001984491f0d0 DEOPT UNPACKING pc=0x000001978fd869a3 sp=0x0000007ea99f8e48 mode 2
Event: 139.650 Thread 0x000001984ea09f80 DEOPT PACKING pc=0x0000019782d1ca44 sp=0x0000007eb1cfed20
Event: 139.650 Thread 0x000001984ea09f80 DEOPT UNPACKING pc=0x000001978fd87143 sp=0x0000007eb1cfe1d0 mode 0
Event: 139.742 Thread 0x000001984491f0d0 DEOPT PACKING pc=0x000001978270dac7 sp=0x0000007ea99fa7c0
Event: 139.742 Thread 0x000001984491f0d0 DEOPT UNPACKING pc=0x000001978fd87143 sp=0x0000007ea99f9d60 mode 0

Classes loaded (20 events):
Event: 114.558 Loading class jdk/internal/access/JavaUtilCollectionAccess done
Event: 114.558 Loading class java/util/ImmutableCollections$Access$1 done
Event: 115.001 Loading class java/text/BreakIterator
Event: 115.001 Loading class java/text/BreakIterator done
Event: 115.028 Loading class java/util/function/ToIntBiFunction
Event: 115.029 Loading class java/util/function/ToIntBiFunction done
Event: 115.031 Loading class java/nio/file/Path$1
Event: 115.032 Loading class java/nio/file/Path$1 done
Event: 115.844 Loading class java/util/EnumMap$Values
Event: 115.844 Loading class java/util/EnumMap$Values done
Event: 115.845 Loading class java/util/EnumMap$ValueIterator
Event: 115.845 Loading class java/util/EnumMap$ValueIterator done
Event: 119.790 Loading class java/text/MessageFormat
Event: 119.792 Loading class java/text/MessageFormat done
Event: 119.793 Loading class java/text/MessageFormat$Field
Event: 119.794 Loading class java/text/MessageFormat$Field done
Event: 135.749 Loading class java/lang/Throwable$PrintStreamOrWriter
Event: 135.749 Loading class java/lang/Throwable$PrintStreamOrWriter done
Event: 135.812 Loading class java/lang/Throwable$WrappedPrintWriter
Event: 135.813 Loading class java/lang/Throwable$WrappedPrintWriter done

Classes unloaded (0 events):
No events

Classes redefined (0 events):
No events

Internal exceptions (20 events):
Event: 138.547 Thread 0x000001984491f0d0 Exception <a 'sun/nio/fs/WindowsException'{0x0000000628825030}> (0x0000000628825030) 
thrown [s\src\hotspot\share\prims\jni.cpp, line 516]
Event: 138.550 Thread 0x000001984491f0d0 Exception <a 'sun/nio/fs/WindowsException'{0x000000062882cd80}> (0x000000062882cd80) 
thrown [s\src\hotspot\share\prims\jni.cpp, line 516]
Event: 138.561 Thread 0x000001984491f0d0 Exception <a 'sun/nio/fs/WindowsException'{0x00000006288472f0}> (0x00000006288472f0) 
thrown [s\src\hotspot\share\prims\jni.cpp, line 516]
Event: 138.573 Thread 0x000001984491f0d0 Exception <a 'sun/nio/fs/WindowsException'{0x0000000628859e80}> (0x0000000628859e80) 
thrown [s\src\hotspot\share\prims\jni.cpp, line 516]
Event: 138.892 Thread 0x000001984491f0d0 Exception <a 'sun/nio/fs/WindowsException'{0x00000006285e23f0}> (0x00000006285e23f0) 
thrown [s\src\hotspot\share\prims\jni.cpp, line 516]
Event: 138.895 Thread 0x000001984491f0d0 Exception <a 'sun/nio/fs/WindowsException'{0x00000006285e7a28}> (0x00000006285e7a28) 
thrown [s\src\hotspot\share\prims\jni.cpp, line 516]
Event: 138.906 Thread 0x000001984491f0d0 Exception <a 'sun/nio/fs/WindowsException'{0x00000006285ecdd0}> (0x00000006285ecdd0) 
thrown [s\src\hotspot\share\prims\jni.cpp, line 516]
Event: 138.909 Thread 0x000001984491f0d0 Exception <a 'sun/nio/fs/WindowsException'{0x00000006285f0940}> (0x00000006285f0940) 
thrown [s\src\hotspot\share\prims\jni.cpp, line 516]
Event: 138.910 Thread 0x000001984491f0d0 Exception <a 'sun/nio/fs/WindowsException'{0x00000006285f49e8}> (0x00000006285f49e8) 
thrown [s\src\hotspot\share\prims\jni.cpp, line 516]
Event: 138.917 Thread 0x000001984491f0d0 Exception <a 'sun/nio/fs/WindowsException'{0x00000006285fb608}> (0x00000006285fb608) 
thrown [s\src\hotspot\share\prims\jni.cpp, line 516]
Event: 138.975 Thread 0x000001984491f0d0 Exception <a 'sun/nio/fs/WindowsException'{0x0000000628604128}> (0x0000000628604128) 
thrown [s\src\hotspot\share\prims\jni.cpp, line 516]
Event: 138.979 Thread 0x000001984491f0d0 Exception <a 'sun/nio/fs/WindowsException'{0x000000062860c430}> (0x000000062860c430) 
thrown [s\src\hotspot\share\prims\jni.cpp, line 516]
Event: 139.020 Thread 0x000001984491f0d0 Exception <a 'sun/nio/fs/WindowsException'{0x000000062867dea0}> (0x000000062867dea0) 
thrown [s\src\hotspot\share\prims\jni.cpp, line 516]
Event: 139.059 Thread 0x000001984491f0d0 Exception <a 'sun/nio/fs/WindowsException'{0x0000000628765728}> (0x0000000628765728) 
thrown [s\src\hotspot\share\prims\jni.cpp, line 516]
Event: 139.065 Thread 0x000001984491f0d0 Exception <a 'sun/nio/fs/WindowsException'{0x0000000628793b50}> (0x0000000628793b50) 
thrown [s\src\hotspot\share\prims\jni.cpp, line 516]
Event: 139.095 Thread 0x000001984491f0d0 Exception <a 'sun/nio/fs/WindowsException'{0x000000062806ac98}> (0x000000062806ac98) 
thrown [s\src\hotspot\share\prims\jni.cpp, line 516]
Event: 139.100 Thread 0x000001984491f0d0 Exception <a 'sun/nio/fs/WindowsException'{0x00000006280791f8}> (0x00000006280791f8) 
thrown [s\src\hotspot\share\prims\jni.cpp, line 516]
Event: 139.106 Thread 0x000001984491f0d0 Exception <a 'sun/nio/fs/WindowsException'{0x0000000628082bb8}> (0x0000000628082bb8) 
thrown [s\src\hotspot\share\prims\jni.cpp, line 516]
Event: 139.139 Thread 0x000001984491f0d0 Exception <a 'sun/nio/fs/WindowsException'{0x000000062809d8b8}> (0x000000062809d8b8) 
thrown [s\src\hotspot\share\prims\jni.cpp, line 516]
Event: 139.158 Thread 0x000001984491f0d0 Exception <a 'sun/nio/fs/WindowsException'{0x00000006280ebdb0}> (0x00000006280ebdb0) 
thrown [s\src\hotspot\share\prims\jni.cpp, line 516]

VM Operations (20 events):
Event: 131.607 Executing VM operation: Cleanup
Event: 131.607 Executing VM operation: Cleanup done
Event: 132.608 Executing VM operation: Cleanup
Event: 132.609 Executing VM operation: Cleanup done
Event: 133.518 Executing VM operation: G1CollectForAllocation
Event: 133.597 Executing VM operation: G1CollectForAllocation done
Event: 134.597 Executing VM operation: Cleanup
Event: 134.599 Executing VM operation: Cleanup done
Event: 135.599 Executing VM operation: Cleanup
Event: 135.599 Executing VM operation: Cleanup done
Event: 135.813 Executing VM operation: HandshakeAllThreads
Event: 135.814 Executing VM operation: HandshakeAllThreads done
Event: 136.814 Executing VM operation: Cleanup
Event: 136.826 Executing VM operation: Cleanup done
Event: 137.197 Executing VM operation: HandshakeAllThreads
Event: 137.198 Executing VM operation: HandshakeAllThreads done
Event: 137.922 Executing VM operation: ICBufferFull
Event: 137.922 Executing VM operation: ICBufferFull done
Event: 138.809 Executing VM operation: ICBufferFull
Event: 138.809 Executing VM operation: ICBufferFull done

Memory protections (0 events):
No events

Nmethod flushes (20 events):
Event: 130.072 Thread 0x00000197f8594aa0 flushing  nmethod 0x0000019782df1190
Event: 130.072 Thread 0x00000197f8594aa0 flushing  nmethod 0x0000019782df2310
Event: 130.072 Thread 0x00000197f8594aa0 flushing  nmethod 0x0000019782dfae10
Event: 130.072 Thread 0x00000197f8594aa0 flushing  nmethod 0x0000019782e07190
Event: 130.073 Thread 0x00000197f8594aa0 flushing  nmethod 0x0000019782edf310
Event: 130.073 Thread 0x00000197f8594aa0 flushing  nmethod 0x0000019782ef6810
Event: 130.074 Thread 0x00000197f8594aa0 flushing  nmethod 0x0000019782f6cb90
Event: 130.075 Thread 0x00000197f8594aa0 flushing  nmethod 0x0000019782fdb710
Event: 130.075 Thread 0x00000197f8594aa0 flushing  nmethod 0x0000019783008d90
Event: 130.075 Thread 0x00000197f8594aa0 flushing  nmethod 0x0000019783009590
Event: 135.990 Thread 0x00000197f8594aa0 flushing  nmethod 0x00000197828b9e90
Event: 135.992 Thread 0x00000197f8594aa0 flushing  nmethod 0x0000019782970f90
Event: 135.992 Thread 0x00000197f8594aa0 flushing  nmethod 0x0000019782978490
Event: 135.992 Thread 0x00000197f8594aa0 flushing  nmethod 0x000001978297a710
Event: 135.995 Thread 0x00000197f8594aa0 flushing  nmethod 0x0000019782c7ed10
Event: 135.995 Thread 0x00000197f8594aa0 flushing  nmethod 0x0000019782ccb190
Event: 135.995 Thread 0x00000197f8594aa0 flushing  nmethod 0x0000019782cd8890
Event: 135.996 Thread 0x00000197f8594aa0 flushing  nmethod 0x0000019782d5e610
Event: 135.996 Thread 0x00000197f8594aa0 flushing  nmethod 0x0000019782dd2410
Event: 135.996 Thread 0x00000197f8594aa0 flushing  nmethod 0x0000019782ddeb90

Events (20 events):
Event: 115.952 Thread 0x00000198441a4300 Thread added: 0x000001984ea0e150
Event: 115.952 Thread 0x00000198441a4300 Thread added: 0x000001984ea0e660
Event: 115.953 Thread 0x00000198441a4300 Thread added: 0x000001984ea109d0
Event: 115.953 Thread 0x00000198441a4300 Thread added: 0x000001984ea0f080
Event: 116.917 Thread 0x00000198441a38e0 Thread added: 0x000001984ea0f590
Event: 120.518 Thread 0x000001984cebfcb0 Thread added: 0x000001984491cd60
Event: 120.552 Thread 0x000001984ea03020 Thread added: 0x000001984ea0b3c0
Event: 123.495 Thread 0x00000197f8592090 Thread added: 0x0000019845396c40
Event: 124.018 Thread 0x000001984cec1600 Thread added: 0x0000019845a68b00
Event: 124.050 Thread 0x000001984ea03020 Thread added: 0x0000019843d6f170
Event: 125.128 Thread 0x0000019845396c40 Thread exited: 0x0000019845396c40
Event: 125.284 Thread 0x00000197f8592090 Thread added: 0x0000019845398180
Event: 127.349 Thread 0x000001984cec4390 Thread added: 0x000001984f61c360
Event: 127.397 Thread 0x000001984ea03020 Thread added: 0x000001984f6195d0
Event: 132.530 Thread 0x0000019845398180 Thread exited: 0x0000019845398180
Event: 132.599 Thread 0x00000197f8592090 Thread added: 0x0000019845399c10
Event: 134.069 Thread 0x0000019845399c10 Thread exited: 0x0000019845399c10
Event: 134.389 Thread 0x00000197f8592090 Thread added: 0x000001984539bbf0
Event: 136.100 Thread 0x000001984cebfcb0 Thread added: 0x000001984f61a500
Event: 136.104 Thread 0x000001984cec01c0 Thread added: 0x000001984f61dcb0


Dynamic libraries:
0x00007ff60d580000 - 0x00007ff60d58e000 	C:\Program Files\Eclipse Adoptium\jdk-17.0.16.8-hotspot\bin\java.exe
0x00007ff8eb7b0000 - 0x00007ff8eb9a8000 	C:\WINDOWS\SYSTEM32\ntdll.dll
0x00007ff8eb640000 - 0x00007ff8eb702000 	C:\WINDOWS\System32\KERNEL32.DLL
0x00007ff8e9240000 - 0x00007ff8e9536000 	C:\WINDOWS\System32\KERNELBASE.dll
0x00007ff8e95e0000 - 0x00007ff8e96e0000 	C:\WINDOWS\System32\ucrtbase.dll
0x00007ff8d3b10000 - 0x00007ff8d3b2e000 	C:\Program Files\Eclipse Adoptium\jdk-17.0.16.8-hotspot\bin\VCRUNTIME140.dll
0x00007ff8b0420000 - 0x00007ff8b0437000 	C:\Program Files\Eclipse Adoptium\jdk-17.0.16.8-hotspot\bin\jli.dll
0x00007ff8eb3e0000 - 0x00007ff8eb57d000 	C:\WINDOWS\System32\USER32.dll
0x00007ff8e91e0000 - 0x00007ff8e9202000 	C:\WINDOWS\System32\win32u.dll
0x00007ff8d1390000 - 0x00007ff8d162b000 	C:\WINDOWS\WinSxS\amd64_microsoft.windows.common-controls_6595b64144ccf1df_6.0.19041.6280_none_60bc30a171f2f3f3\COMCTL32.dll
0x00007ff8e9900000 - 0x00007ff8e992b000 	C:\WINDOWS\System32\GDI32.dll
0x00007ff8eac60000 - 0x00007ff8eacfe000 	C:\WINDOWS\System32\msvcrt.dll
0x00007ff8e90c0000 - 0x00007ff8e91d9000 	C:\WINDOWS\System32\gdi32full.dll
0x00007ff8e9540000 - 0x00007ff8e95dd000 	C:\WINDOWS\System32\msvcp_win.dll
0x00007ff8eab70000 - 0x00007ff8eab9f000 	C:\WINDOWS\System32\IMM32.DLL
0x00007ff8e00c0000 - 0x00007ff8e00cc000 	C:\Program Files\Eclipse Adoptium\jdk-17.0.16.8-hotspot\bin\vcruntime140_1.dll
0x00007ff8abc00000 - 0x00007ff8abc8d000 	C:\Program Files\Eclipse Adoptium\jdk-17.0.16.8-hotspot\bin\msvcp140.dll
0x00007ff870e90000 - 0x00007ff871afb000 	C:\Program Files\Eclipse Adoptium\jdk-17.0.16.8-hotspot\bin\server\jvm.dll
0x00007ff8eb580000 - 0x00007ff8eb631000 	C:\WINDOWS\System32\ADVAPI32.dll
0x00007ff8eabb0000 - 0x00007ff8eac4f000 	C:\WINDOWS\System32\sechost.dll
0x00007ff8e9d60000 - 0x00007ff8e9e80000 	C:\WINDOWS\System32\RPCRT4.dll
0x00007ff8e9210000 - 0x00007ff8e9237000 	C:\WINDOWS\System32\bcrypt.dll
0x00007ff8eae50000 - 0x00007ff8eaebb000 	C:\WINDOWS\System32\WS2_32.dll
0x00007ff8e89c0000 - 0x00007ff8e8a0b000 	C:\WINDOWS\SYSTEM32\POWRPROF.dll
0x00007ff8dc210000 - 0x00007ff8dc237000 	C:\WINDOWS\SYSTEM32\WINMM.dll
0x00007ff8dc0f0000 - 0x00007ff8dc0fa000 	C:\WINDOWS\SYSTEM32\VERSION.dll
0x00007ff8e88b0000 - 0x00007ff8e88c2000 	C:\WINDOWS\SYSTEM32\UMPDC.dll
0x00007ff8e7670000 - 0x00007ff8e7682000 	C:\WINDOWS\SYSTEM32\kernel.appcore.dll
0x00007ff8c6510000 - 0x00007ff8c651a000 	C:\Program Files\Eclipse Adoptium\jdk-17.0.16.8-hotspot\bin\jimage.dll
0x00007ff8e6bc0000 - 0x00007ff8e6dc1000 	C:\WINDOWS\SYSTEM32\DBGHELP.DLL
0x00007ff8c17f0000 - 0x00007ff8c1824000 	C:\WINDOWS\SYSTEM32\dbgcore.DLL
0x00007ff8e9030000 - 0x00007ff8e90b2000 	C:\WINDOWS\System32\bcryptPrimitives.dll
0x00007ff8d46b0000 - 0x00007ff8d46be000 	C:\Program Files\Eclipse Adoptium\jdk-17.0.16.8-hotspot\bin\instrument.dll
0x00007ff8ad2a0000 - 0x00007ff8ad2c5000 	C:\Program Files\Eclipse Adoptium\jdk-17.0.16.8-hotspot\bin\java.dll
0x00007ff875850000 - 0x00007ff875927000 	C:\Program Files\Eclipse Adoptium\jdk-17.0.16.8-hotspot\bin\jsvml.dll
0x00007ff8e9ef0000 - 0x00007ff8ea660000 	C:\WINDOWS\System32\SHELL32.dll
0x00007ff8e6dd0000 - 0x00007ff8e7575000 	C:\WINDOWS\SYSTEM32\windows.storage.dll
0x00007ff8e9a00000 - 0x00007ff8e9d53000 	C:\WINDOWS\System32\combase.dll
0x00007ff8e8810000 - 0x00007ff8e883b000 	C:\WINDOWS\SYSTEM32\Wldp.dll
0x00007ff8ead80000 - 0x00007ff8eae4d000 	C:\WINDOWS\System32\OLEAUT32.dll
0x00007ff8e9950000 - 0x00007ff8e99fd000 	C:\WINDOWS\System32\SHCORE.dll
0x00007ff8ea830000 - 0x00007ff8ea88b000 	C:\WINDOWS\System32\shlwapi.dll
0x00007ff8e8d80000 - 0x00007ff8e8da4000 	C:\WINDOWS\SYSTEM32\profapi.dll
0x00007ff8adb50000 - 0x00007ff8adb68000 	C:\Program Files\Eclipse Adoptium\jdk-17.0.16.8-hotspot\bin\zip.dll
0x00007ff8b0400000 - 0x00007ff8b0419000 	C:\Program Files\Eclipse Adoptium\jdk-17.0.16.8-hotspot\bin\net.dll
0x00007ff8e1330000 - 0x00007ff8e143a000 	C:\WINDOWS\SYSTEM32\WINHTTP.dll
0x00007ff8e8570000 - 0x00007ff8e85da000 	C:\WINDOWS\system32\mswsock.dll
0x00007ff8b03e0000 - 0x00007ff8b03f6000 	C:\Program Files\Eclipse Adoptium\jdk-17.0.16.8-hotspot\bin\nio.dll
0x00007ff8e17b0000 - 0x00007ff8e17c0000 	C:\Program Files\Eclipse Adoptium\jdk-17.0.16.8-hotspot\bin\verify.dll
0x00007ff8cdb90000 - 0x00007ff8cdbb7000 	C:\Users\PMLS\.gradle\native\1def1411415f61bf3af743bc5b6707747c0891f09f0c88961ee8f79bc544acac\windows-amd64\native-platform.dll
0x00007ff8c54a0000 - 0x00007ff8c5518000 	C:\Users\PMLS\.gradle\native\0.2.7\x86_64-windows-gnu\gradle-fileevents.dll
0x00007ff8e1720000 - 0x00007ff8e172a000 	C:\Program Files\Eclipse Adoptium\jdk-17.0.16.8-hotspot\bin\management.dll
0x00007ff8d48a0000 - 0x00007ff8d48ab000 	C:\Program Files\Eclipse Adoptium\jdk-17.0.16.8-hotspot\bin\management_ext.dll
0x00007ff8eac50000 - 0x00007ff8eac58000 	C:\WINDOWS\System32\PSAPI.DLL
0x00007ff8e8250000 - 0x00007ff8e828b000 	C:\WINDOWS\SYSTEM32\IPHLPAPI.DLL
0x00007ff8e9e80000 - 0x00007ff8e9e88000 	C:\WINDOWS\System32\NSI.dll
0x00007ff8df4a0000 - 0x00007ff8df4b7000 	C:\WINDOWS\SYSTEM32\dhcpcsvc6.DLL
0x00007ff8df2d0000 - 0x00007ff8df2ed000 	C:\WINDOWS\SYSTEM32\dhcpcsvc.DLL
0x00007ff8e8290000 - 0x00007ff8e835a000 	C:\WINDOWS\SYSTEM32\DNSAPI.dll
0x00007ff8c18f0000 - 0x00007ff8c18f9000 	C:\Program Files\Eclipse Adoptium\jdk-17.0.16.8-hotspot\bin\extnet.dll
0x00007ff8e8770000 - 0x00007ff8e8788000 	C:\WINDOWS\SYSTEM32\CRYPTSP.dll
0x00007ff8e7e30000 - 0x00007ff8e7e68000 	C:\WINDOWS\system32\rsaenh.dll
0x00007ff8e8d00000 - 0x00007ff8e8d2e000 	C:\WINDOWS\SYSTEM32\USERENV.dll
0x00007ff8e8760000 - 0x00007ff8e876c000 	C:\WINDOWS\SYSTEM32\CRYPTBASE.dll
0x00007ff8c2200000 - 0x00007ff8c220e000 	C:\Program Files\Eclipse Adoptium\jdk-17.0.16.8-hotspot\bin\sunmscapi.dll
0x00007ff8e8e50000 - 0x00007ff8e8fad000 	C:\WINDOWS\System32\CRYPT32.dll
0x00007ff8e8880000 - 0x00007ff8e88a7000 	C:\WINDOWS\SYSTEM32\ncrypt.dll
0x00007ff8e8840000 - 0x00007ff8e887b000 	C:\WINDOWS\SYSTEM32\NTASN1.dll
0x00007ff8c0f70000 - 0x00007ff8c0f77000 	C:\WINDOWS\system32\wshunix.dll
0x00007ff8e10f0000 - 0x00007ff8e1107000 	C:\WINDOWS\system32\napinsp.dll
0x00007ff8e1010000 - 0x00007ff8e102b000 	C:\WINDOWS\system32\pnrpnsp.dll
0x00007ff8b6e00000 - 0x00007ff8b6e1d000 	C:\WINDOWS\system32\wshbth.dll
0x00007ff8e1730000 - 0x00007ff8e174d000 	C:\WINDOWS\system32\NLAapi.dll
0x00007ff8e0ef0000 - 0x00007ff8e0f02000 	C:\WINDOWS\System32\winrnr.dll
0x00007ff8df490000 - 0x00007ff8df49a000 	C:\Windows\System32\rasadhlp.dll
0x00007ff8de160000 - 0x00007ff8de1e0000 	C:\WINDOWS\System32\fwpuclnt.dll
0x00007ff8e80e0000 - 0x00007ff8e8113000 	C:\WINDOWS\SYSTEM32\ntmarta.dll
0x00007ff8df680000 - 0x00007ff8df687000 	C:\Program Files\Eclipse Adoptium\jdk-17.0.16.8-hotspot\bin\rmi.dll

dbghelp: loaded successfully - version: 4.0.5 - missing functions: none
symbol engine: initialized successfully - sym options: 0x614 - pdb path: .;C:\Program Files\Eclipse Adoptium\jdk-17.0.16.8-hotspot\bin;C:\WINDOWS\SYSTEM32;C:\WINDOWS\WinSxS\amd64_microsoft.windows.common-controls_6595b64144ccf1df_6.0.19041.6280_none_60bc30a171f2f3f3;C:\Program Files\Eclipse Adoptium\jdk-17.0.16.8-hotspot\bin\server;C:\Users\PMLS\.gradle\native\1def1411415f61bf3af743bc5b6707747c0891f09f0c88961ee8f79bc544acac\windows-amd64;C:\Users\PMLS\.gradle\native\0.2.7\x86_64-windows-gnu

VM Arguments:
jvm_args: --add-opens=java.base/java.lang=ALL-UNNAMED --add-opens=java.base/java.lang.invoke=ALL-UNNAMED --add-opens=java.base/java.util=ALL-UNNAMED --add-opens=java.prefs/java.util.prefs=ALL-UNNAMED --add-exports=jdk.compiler/com.sun.tools.javac.api=ALL-UNNAMED --add-exports=jdk.compiler/com.sun.tools.javac.util=ALL-UNNAMED --add-opens=java.base/java.util=ALL-UNNAMED --add-opens=java.prefs/java.util.prefs=ALL-UNNAMED --add-opens=java.base/java.nio.charset=ALL-UNNAMED --add-opens=java.base/java.net=ALL-UNNAMED --add-opens=java.base/java.util.concurrent.atomic=ALL-UNNAMED --add-opens=java.xml/javax.xml.namespace=ALL-UNNAMED -XX:MaxMetaspaceSize=4G -XX:ReservedCodeCacheSize=512m -XX:+HeapDumpOnOutOfMemoryError -Xmx8G -Dfile.encoding=windows-1252 -Duser.country=US -Duser.language=en -Duser.variant -javaagent:C:\Users\PMLS\.gradle\wrapper\dists\gradle-8.14-all\c2qonpi39x1mddn7hk5gh9iqj\gradle-8.14\lib\agents\gradle-instrumentation-agent-8.14.jar 
java_command: org.gradle.launcher.daemon.bootstrap.GradleDaemon 8.14
java_class_path (initial): C:\Users\PMLS\.gradle\wrapper\dists\gradle-8.14-all\c2qonpi39x1mddn7hk5gh9iqj\gradle-8.14\lib\gradle-daemon-main-8.14.jar
Launcher Type: SUN_STANDARD

[Global flags]
     intx CICompilerCount                          = 4                                         {product} {ergonomic}
     uint ConcGCThreads                            = 3                                         {product} {ergonomic}
     uint G1ConcRefinementThreads                  = 10                                        {product} {ergonomic}
   size_t G1HeapRegionSize                         = 4194304                                   {product} {ergonomic}
    uintx GCDrainStackTargetSize                   = 64                                        {product} {ergonomic}
     bool HeapDumpOnOutOfMemoryError               = true                                   {manageable} {command line}
   size_t InitialHeapSize                          = 130023424                                 {product} {ergonomic}
   size_t MarkStackSize                            = 4194304                                   {product} {ergonomic}
   size_t MaxHeapSize                              = 8589934592                                {product} {command line}
   size_t MaxMetaspaceSize                         = 4294967296                                {product} {command line}
   size_t MaxNewSize                               = 5150605312                                {product} {ergonomic}
   size_t MinHeapDeltaBytes                        = 4194304                                   {product} {ergonomic}
   size_t MinHeapSize                              = 8388608                                   {product} {ergonomic}
    uintx NonNMethodCodeHeapSize                   = 5839372                                {pd product} {ergonomic}
    uintx NonProfiledCodeHeapSize                  = 265515770                              {pd product} {ergonomic}
    uintx ProfiledCodeHeapSize                     = 265515770                              {pd product} {ergonomic}
    uintx ReservedCodeCacheSize                    = 536870912                              {pd product} {command line}
     bool SegmentedCodeCache                       = true                                      {product} {ergonomic}
   size_t SoftMaxHeapSize                          = 8589934592                             {manageable} {ergonomic}
   double SweeperThreshold                         = 0.234375                                  {product} {ergonomic}
     bool UseCompressedClassPointers               = true                           {product lp64_product} {ergonomic}
     bool UseCompressedOops                        = true                           {product lp64_product} {ergonomic}
     bool UseG1GC                                  = true                                      {product} {ergonomic}
     bool UseLargePagesIndividualAllocation        = false                                  {pd product} {ergonomic}

Logging:
Log output configuration:
 #0: stdout all=warning uptime,level,tags
 #1: stderr all=off uptime,level,tags

Environment Variables:
CLASSPATH=D:\my_app\SafeConnect\safeconnect\android\\gradle\wrapper\gradle-wrapper.jar
PATH=C:\Program Files\Eclipse Adoptium\jdk-17.0.16.8-hotspot\bin;C:\src\flutter\bin\;c:\Users\PMLS\AppData\Roaming\Code\User\globalStorage\github.copilot-chat\debugCommand;c:\Users\PMLS\AppData\Roaming\Code\User\globalStorage\github.copilot-chat\copilotCli;C:\WINDOWS;C:\WINDOWS\System32;C:\WINDOWS\System32\Wbem;C:\WINDOWS\System32\WindowsPowerShell\v1.0\;C:\WINDOWS\System32\OpenSSH\;C:\Users\PMLS\Downloads\sqlite-tools-win-x64-3460000;C:\ProgramData\chocolatey\bin;C:\Program Files\nodejs\;C:\src\flutter\bin;C:\Program Files\Git\cmd;C:\Android\platform-tools;C:\Android\emulator;C:\Android\cmdline-tools\latest\bin;C:\Program Files\Eclipse Adoptium\jdk-17.0.16.8-hotspot\bin;C:\Users\PMLS\AppData\Local\Pub\Cache\bin;C:\Users\PMLS\AppData\Local\Programs\Python\Python313\Scripts\;C:\Users\PMLS\AppData\Local\Programs\Python\Python313\;C:\Users\PMLS\AppData\Local\Programs\Python\Launcher\;C:\Users\PMLS\AppData\Local\Microsoft\WindowsApps;C:\Users\PMLS\Downloads\flutter_windows_3.19.5-stable\flutter\bin;C:\Users\PMLS\AppData\Roaming\npm;C:\Users\PMLS\AppData\Local\Python\bin;C:\Users\PMLS\AppData\Local\Programs\Microsoft VS Code\bin;;C:\src\flutter\bin\mingit\cmd
USERNAME=PMYLS
LANG=en_US.UTF-8
OS=Windows_NT
PROCESSOR_IDENTIFIER=Intel64 Family 6 Model 154 Stepping 4, GenuineIntel
TMP=C:\Users\PMLS\AppData\Local\Temp
TEMP=C:\Users\PMLS\AppData\Local\Temp



Periodic native trim disabled


---------------  S Y S T E M  ---------------

OS:
 Windows 10 , 64 bit Build 19041 (10.0.19041.5915)
OS uptime: 0 days 0:49 hours

CPU: total 12 (initial active 12) (12 cores per cpu, 1 threads per core) family 6 model 154 stepping 4 microcode 0x424, cx8, cmov, fxsr, mmx, 3dnowpref, sse, sse2, sse3, ssse3, sse4.1, sse4.2, popcnt, lzcnt, tsc, tscinvbit, avx, avx2, aes, erms, clmul, bmi1, bmi2, adx, sha, fma, vzeroupper, clflush, clflushopt, clwb
Processor Information for processor 0
  Max Mhz: 1300, Current Mhz: 1300, Mhz Limit: 1300
Processor Information for processor 1
  Max Mhz: 1300, Current Mhz: 1300, Mhz Limit: 1300
Processor Information for processor 2
  Max Mhz: 1300, Current Mhz: 1300, Mhz Limit: 1300
Processor Information for processor 3
  Max Mhz: 1300, Current Mhz: 1300, Mhz Limit: 1300
Processor Information for processor 4
  Max Mhz: 900, Current Mhz: 900, Mhz Limit: 900
Processor Information for processor 5
  Max Mhz: 900, Current Mhz: 900, Mhz Limit: 900
Processor Information for processor 6
  Max Mhz: 900, Current Mhz: 900, Mhz Limit: 900
Processor Information for processor 7
  Max Mhz: 900, Current Mhz: 900, Mhz Limit: 900
Processor Information for processor 8
  Max Mhz: 900, Current Mhz: 900, Mhz Limit: 900
Processor Information for processor 9
  Max Mhz: 900, Current Mhz: 900, Mhz Limit: 900
Processor Information for processor 10
  Max Mhz: 900, Current Mhz: 900, Mhz Limit: 900
Processor Information for processor 11
  Max Mhz: 900, Current Mhz: 900, Mhz Limit: 900

Memory: 4k page, system-wide physical 7916M (374M free)
TotalPageFile size 25480M (AvailPageFile size 5M)
current process WorkingSet (physical memory assigned to process): 392M, peak: 674M
current process commit charge ("private bytes"): 1289M, peak: 1300M

vm_info: OpenJDK 64-Bit Server VM (17.0.16+8) for windows-amd64 JRE (17.0.16+8), built on Jul 16 2025 10:37:56 by "admin" with MS VC++ 17.7 (VS2022)

END.
